design_key,design_id,set_id,label,sweep_index,representative,cell_id,cell_index,kind,position_class,z_start_m,z_end_m,length_m,launch_z_m,wall_area_m2,start_cusp_z_m,end_cusp_z_m,length_over_pitch,wall_mirror_ratio,axis_mirror_ratio,wall_b_min_t,axis_bz_peak_t,boundary_ambiguous,short_cell,launch_plane_inside_injector_zone,stage_count_selector,stage_pitch_m,magnet_axial_fraction,chamber_outer_radius_m,dielectric_thickness_m,radial_clearance_m,magnet_radial_thickness_m,source_strength_scale,exit_length_fraction,exit_expansion_descriptor,first_polarity_selector,wall_radius_m,chamber_length_m,injector_length_m,exit_start_m,stage_count,stage_pitch_represented_m,has_divergent_exit,bore_max_b_t,interpolation_b_relative_rms,cross_resolution_b_relative_rms,n_stage1,wall_stage1,wilson_width_stage1,topped_up,n_stage2,wall_stage2,n_final,wall_final,reflected_final,escape_final,timeout_final,p_wall,p_wall_lower,p_wall_upper,p_reflected,p_escape,p_timeout,wilson_width_final,binomial_floor,jeffreys_floor,surrogate_ready,n_control,wall_N_control,wall_2N_control,delta_p_control,discordant_control,design_p_wall_area_weighted,design_p_wall_launch_weighted,design_control_delta_p,design_timestep_passed,v1_p_wall_2N,sealed,structural_gates_passed,accepted_field_identity_sha256,catalogue_accepted_field_identity_sha256
divergent-exit-stack,divergent-exit-stack,p2_divergent_exit,P2_QUALIFIED_FIELD_SCREENING_LAUNCH_DESIGN,,True,cell-01,0,anode_partial,anode_side,0.001,0.006028062818933392,0.005028062818933392,0.003514031409466696,6.318450085499653e-05,,0.006028062818933392,0.838010469822232,1.0012526323272528,0.5963310525673295,0.10757052537001463,0.18061322016329526,False,False,False,,,,,,,,,,,,0.002,0.024,0.0015,0.018,4,0.006,True,0.23162909239853657,0.000249600618024203,0.0003879475721274977,128,76,0.1677571354148486,True,384,234,512,310,0,202,0,0.60546875,0.5624989313818705,0.646867722176584,0.0,0.39453125,0.0,0.08436879079471349,0.02159989252240321,0.02160185121145345,False,64,43,43,0.0,0,0.881946005909565,0.51015625,0.0,True,,True,True,a1fe8c1ed537141f9dcf209186c1e1f3bd6d3ed5ab7db035c6853b27b7909418,c896118db002006acc5b217e1f7d74c83c70934cf1201a646566e9f397bc1aa5
divergent-exit-stack,divergent-exit-stack,p2_divergent_exit,P2_QUALIFIED_FIELD_SCREENING_LAUNCH_DESIGN,,True,cell-02,1,interior,interior,0.006028062818933392,0.012000005466825737,0.005971942647892345,0.009014034142879565,7.504564460111268e-05,0.006028062818933392,0.012000005466825737,0.9953237746487241,0.9999999999999999,0.6104166118562805,0.10629171593542193,0.17412978918150374,False,False,False,,,,,,,,,,,,0.002,0.024,0.0015,0.018,4,0.006,True,0.23162909239853657,0.000249600618024203,0.0003879475721274977,128,128,0.02913695627350843,False,0,0,128,128,0,0,0,1.0,0.9708630437264916,1.0,0.0,0.0,0.0,0.02913695627350843,0.0,0.005492143434474149,True,16,16,16,0.0,0,0.881946005909565,0.51015625,0.0,True,,True,True,a1fe8c1ed537141f9dcf209186c1e1f3bd6d3ed5ab7db035c6853b27b7909418,c896118db002006acc5b217e1f7d74c83c70934cf1201a646566e9f397bc1aa5
divergent-exit-stack,divergent-exit-stack,p2_divergent_exit,P2_QUALIFIED_FIELD_SCREENING_LAUNCH_DESIGN,,True,cell-03,2,interior,interior,0.012000005466825737,0.01797206288202682,0.005972057415201083,0.014986034174426278,7.504708680964869e-05,0.012000005466825737,0.01797206288202682,0.9953429025335138,1.0,0.6104008074795619,0.10629171593542192,0.17413429771549063,True,False,False,,,,,,,,,,,,0.002,0.024,0.0015,0.018,4,0.006,True,0.23162909239853657,0.000249600618024203,0.0003879475721274977,128,128,0.02913695627350843,False,0,0,128,128,0,0,0,1.0,0.9708630437264916,1.0,0.0,0.0,0.0,0.02913695627350843,0.0,0.005492143434474149,True,16,16,16,0.0,0,0.881946005909565,0.51015625,0.0,True,,True,True,a1fe8c1ed537141f9dcf209186c1e1f3bd6d3ed5ab7db035c6853b27b7909418,c896118db002006acc5b217e1f7d74c83c70934cf1201a646566e9f397bc1aa5
divergent-exit-stack,divergent-exit-stack,p2_divergent_exit,P2_QUALIFIED_FIELD_SCREENING_LAUNCH_DESIGN,,True,cell-04,3,exit_partial,exit_side,0.01797206288202682,0.018,2.793711797317855e-05,0.01798603144101341,3.510681783480364e-07,0.01797206288202682,,0.004656186328863092,1.0013798437686414,36.93610790677282,0.10754743384395997,0.002915733102475456,True,True,False,,,,,,,,,,,,0.002,0.024,0.0015,0.018,4,0.006,True,0.23162909239853657,0.000249600618024203,0.0003879475721274977,128,21,0.12793475957787687,True,384,66,512,87,350,75,0,0.169921875,0.13987724473920465,0.20488267282785466,0.68359375,0.146484375,0.0,0.06500542808865001,0.016597747364364195,0.01662269602507287,True,64,7,7,0.0,0,0.881946005909565,0.51015625,0.0,True,,True,True,a1fe8c1ed537141f9dcf209186c1e1f3bd6d3ed5ab7db035c6853b27b7909418,c896118db002006acc5b217e1f7d74c83c70934cf1201a646566e9f397bc1aa5
l1a-gs-v2-000-48d2ccedd5,48d2ccedd50f4d4780dcbc5d0b1af55ccd7cd26324420ac2e241e43bc6a74d20,sweep_v2,SCREENING_L1A_FIELD_TEST_PARTICLE_WALL_LOSS,0,True,cell-01,0,anode_partial,anode_side,0.0,0.003627979849237588,0.003627979849237588,0.001813989924618794,3.1913377556862515e-05,,0.003627979849237588,0.9547315392730495,1.8627616196351104,0.6322216033941405,0.03189423538925548,0.09397236230422625,False,False,False,0.0,0.0038,0.48,0.0014,0.0005,0.00035,0.0022,0.75,0.0,0.0,0.0,0.0014,0.0114,0.000912,0.0114,3,0.0038,False,0.24490004431543624,0.008082754142997702,0.0048453903870952835,128,128,0.02913695627350843,False,0,0,128,128,0,0,0,1.0,0.9708630437264916,1.0,0.0,0.0,0.0,0.02913695627350843,0.0,0.005492143434474149,True,16,16,16,0.0,0,0.9975086763922457,0.9973958333333334,0.0,True,0.818359375,True,True,6efca2634f0b19011a6c983bcb9b5728dbc353bfef2f37da46d220cdd93b7473,8d33cf6f5bd5c9828825b32f6279ab63fd3dc2c67d6d1f0d209ad08e1d68242b
l1a-gs-v2-000-48d2ccedd5,48d2ccedd50f4d4780dcbc5d0b1af55ccd7cd26324420ac2e241e43bc6a74d20,sweep_v2,SCREENING_L1A_FIELD_TEST_PARTICLE_WALL_LOSS,0,True,cell-02,1,interior,interior,0.003627979849237588,0.007764660591564771,0.004136680742327183,0.0056963202204011795,3.638814432495606e-05,0.003627979849237588,0.007764660591564771,1.0886001953492586,1.0009498820496954,0.5038277468422078,0.05935497734317464,0.11791997948322575,False,False,False,0.0,0.0038,0.48,0.0014,0.0005,0.00035,0.0022,0.75,0.0,0.0,0.0,0.0014,0.0114,0.000912,0.0114,3,0.0038,False,0.24490004431543624,0.008082754142997702,0.0048453903870952835,128,128,0.02913695627350843,False,0,0,128,128,0,0,0,1.0,0.9708630437264916,1.0,0.0,0.0,0.0,0.02913695627350843,0.0,0.005492143434474149,True,16,16,16,0.0,0,0.9975086763922457,0.9973958333333334,0.0,True,0.818359375,True,True,6efca2634f0b19011a6c983bcb9b5728dbc353bfef2f37da46d220cdd93b7473,8d33cf6f5bd5c9828825b32f6279ab63fd3dc2c67d6d1f0d209ad08e1d68242b
l1a-gs-v2-000-48d2ccedd5,48d2ccedd50f4d4780dcbc5d0b1af55ccd7cd26324420ac2e241e43bc6a74d20,sweep_v2,SCREENING_L1A_FIELD_TEST_PARTICLE_WALL_LOSS,0,True,cell-03,2,exit_partial,exit_side,0.007764660591564771,0.0114,0.0036353394084352297,0.009582330295782385,3.197811562076763e-05,0.007764660591564771,,0.956668265377692,1.8723998240176192,0.6385345138851382,0.03177517660267497,0.09317559784979719,False,False,False,0.0,0.0038,0.48,0.0014,0.0005,0.00035,0.0022,0.75,0.0,0.0,0.0,0.0014,0.0114,0.000912,0.0114,3,0.0038,False,0.24490004431543624,0.008082754142997702,0.0048453903870952835,128,127,0.04154582754598635,False,0,0,128,127,0,1,0,0.9921875,0.9570737405611394,0.9986195681071257,0.0,0.0078125,0.0,0.04154582754598635,0.007781922583256459,0.009475584891282928,True,16,16,16,0.0,0,0.9975086763922457,0.9973958333333334,0.0,True,0.818359375,True,True,6efca2634f0b19011a6c983bcb9b5728dbc353bfef2f37da46d220cdd93b7473,8d33cf6f5bd5c9828825b32f6279ab63fd3dc2c67d6d1f0d209ad08e1d68242b
l1a-gs-v2-001-0830ddda40,0830ddda40f52db1ff87791cc15471c5d74dada8e035f0abe31a1530716c4348,sweep_v2,SCREENING_L1A_FIELD_TEST_PARTICLE_WALL_LOSS,1,False,cell-01,0,anode_partial,anode_side,0.0,0.006266245639016116,0.006266245639016116,0.003133122819508058,8.661836156653728e-05,,0.006266245639016116,0.9640377906178641,1.0319133426970881,0.6117829358342195,0.11678046692103884,0.1969772527536971,False,False,False,1.0,0.0065,0.72,0.0022,0.0009,0.0008,0.004,1.3,0.28,1.0,1.0,0.0022,0.0325,0.0026000000000000003,0.0234,5,0.0065,True,0.2978735747575628,0.0036540761444286383,0.002345603596443936,128,99,0.1437943037891405,True,384,298,512,397,0,115,0,0.775390625,0.7372680468181392,0.8094115485844917,0.0,0.224609375,0.0,0.07214350176635254,0.018443325544829418,0.01845895933289763,True,64,52,52,0.0,0,0.8534795568068271,0.71015625,0.0,True,0.75,True,True,2dcb3b38c3f221837fc78410fd7b7593610f95cbadcf7ff3a0e13790f04b3ff6,8454e0b2dd2eb1c81c1591fceec23c039082b60f9146fa3708dd9453d0ee33c0
l1a-gs-v2-001-0830ddda40,0830ddda40f52db1ff87791cc15471c5d74dada8e035f0abe31a1530716c4348,sweep_v2,SCREENING_L1A_FIELD_TEST_PARTICLE_WALL_LOSS,1,False,cell-02,1,interior,interior,0.006266245639016116,0.013143015997934744,0.006876770358918628,0.00970463081847543,9.505764945601236e-05,0.006266245639016116,0.013143015997934744,1.057964670602866,1.0,0.5520977041688346,0.1205073219822159,0.21827173174653175,False,False,False,1.0,0.0065,0.72,0.0022,0.0009,0.0008,0.004,1.3,0.28,1.0,1.0,0.0022,0.0325,0.0026000000000000003,0.0234,5,0.0065,True,0.2978735747575628,0.0036540761444286383,0.002345603596443936,128,128,0.02913695627350843,False,0,0,128,128,0,0,0,1.0,0.9708630437264916,1.0,0.0,0.0,0.0,0.02913695627350843,0.0,0.005492143434474149,True,16,16,16,0.0,0,0.8534795568068271,0.71015625,0.0,True,0.75,True,True,2dcb3b38c3f221837fc78410fd7b7593610f95cbadcf7ff3a0e13790f04b3ff6,8454e0b2dd2eb1c81c1591fceec23c039082b60f9146fa3708dd9453d0ee33c0
l1a-gs-v2-001-0830ddda40,0830ddda40f52db1ff87791cc15471c5d74dada8e035f0abe31a1530716c4348,sweep_v2,SCREENING_L1A_FIELD_TEST_PARTICLE_WALL_LOSS,1,False,cell-03,2,interior,interior,0.013143015997934744,0.019357758291711283,0.006214742293776538,0.016250387144823013,8.590643042996148e-05,0.013143015997934744,0.019357758291711283,0.9561141990425444,1.0043567431321936,0.667441367788447,0.12170200520624336,0.18313553141995648,False,False,False,1.0,0.0065,0.72,0.0022,0.0009,0.0008,0.004,1.3,0.28,1.0,1.0,0.0022,0.0325,0.0026000000000000003,0.0234,5,0.0065,True,0.2978735747575628,0.0036540761444286383,0.002345603596443936,128,128,0.02913695627350843,False,0,0,128,128,0,0,0,1.0,0.9708630437264916,1.0,0.0,0.0,0.0,0.02913695627350843,0.0,0.005492143434474149,True,16,16,16,0.0,0,0.8534795568068271,0.71015625,0.0,True,0.75,True,True,2dcb3b38c3f221837fc78410fd7b7593610f95cbadcf7ff3a0e13790f04b3ff6,8454e0b2dd2eb1c81c1591fceec23c039082b60f9146fa3708dd9453d0ee33c0
l1a-gs-v2-001-0830ddda40,0830ddda40f52db1ff87791cc15471c5d74dada8e035f0abe31a1530716c4348,sweep_v2,SCREENING_L1A_FIELD_TEST_PARTICLE_WALL_LOSS,1,False,cell-04,3,exit_partial,exit_side,0.019357758291711283,0.0234,0.004042241708288718,0.021378879145855643,5.587593816109401e-05,0.019357758291711283,,0.6218833397367258,1.0,0.559256290197612,0.12223222958159985,0.21856210063977888,False,False,False,1.0,0.0065,0.72,0.0022,0.0009,0.0008,0.004,1.3,0.28,1.0,1.0,0.0022,0.0325,0.0026000000000000003,0.0234,5,0.0065,True,0.2978735747575628,0.0036540761444286383,0.002345603596443936,128,64,0.17069550747898554,True,384,192,512,256,128,128,0,0.5,0.45685206921855137,0.5431479307814486,0.25,0.25,0.0,0.08629586156289726,0.02209708691207961,0.02209708691207961,False,64,33,33,0.0,0,0.8534795568068271,0.71015625,0.0,True,0.75,True,True,2dcb3b38c3f221837fc78410fd7b7593610f95cbadcf7ff3a0e13790f04b3ff6,8454e0b2dd2eb1c81c1591fceec23c039082b60f9146fa3708dd9453d0ee33c0
l1a-gs-v2-002-48c4d2e317,48c4d2e31721b5eb184862751e07baca19ec2b81b42dfbb6c20b614ee9659949,sweep_v2,SCREENING_L1A_FIELD_TEST_PARTICLE_WALL_LOSS,2,False,cell-01,0,anode_partial,anode_side,0.0,0.00500805686984908,0.00500805686984908,0.00250402843492454,5.663978881587995e-05,,0.00500805686984908,0.9724382271551612,1.277038327782693,0.6282317078877385,0.07022945862770126,0.1427589681974947,False,False,False,0.5,0.00515,0.6,0.0018,0.0007,0.000575,0.0031000000000000003,1.025,0.14,0.5,0.5,0.0018,0.0206,0.0016480000000000002,0.017716,4,0.00515,True,0.23633055710488796,0.005517986030914904,0.0022134019341323095,128,125,0.05864132865467675,False,0,0,128,125,0,3,0,0.9765625,0.9333562549485678,0.9919975836032445,0.0,0.0234375,0.0,0.05864132865467675,0.01337213275159097,0.014360223193099752,True,16,15,15,0.0,0,0.9334418301577495,0.7109375,0.0,True,0.658203125,True,True,8ee48789281ab24a5e416ca75f0627ab9b4762230b5a64cc34ad2f71906fe2c3,ab96aaf86c702d9e919b87e257d338beed122f8d907e5a94a7c4da54e7cde041
l1a-gs-v2-002-48c4d2e317,48c4d2e31721b5eb184862751e07baca19ec2b81b42dfbb6c20b614ee9659949,sweep_v2,SCREENING_L1A_FIELD_TEST_PARTICLE_WALL_LOSS,2,False,cell-02,1,interior,interior,0.00500805686984908,0.010300652063986056,0.005292595194136976,0.007654354466917568,5.9857841449171326e-05,0.00500805686984908,0.010300652063986056,1.0276883872110634,1.0,0.5797071055733443,0.08968571040700345,0.15470866157195387,False,False,False,0.5,0.00515,0.6,0.0018,0.0007,0.000575,0.0031000000000000003,1.025,0.14,0.5,0.5,0.0018,0.0206,0.0016480000000000002,0.017716,4,0.00515,True,0.23633055710488796,0.005517986030914904,0.0022134019341323095,128,128,0.02913695627350843,False,0,0,128,128,0,0,0,1.0,0.9708630437264916,1.0,0.0,0.0,0.0,0.02913695627350843,0.0,0.005492143434474149,True,16,16,16,0.0,0,0.9334418301577495,0.7109375,0.0,True,0.658203125,True,True,8ee48789281ab24a5e416ca75f0627ab9b4762230b5a64cc34ad2f71906fe2c3,ab96aaf86c702d9e919b87e257d338beed122f8d907e5a94a7c4da54e7cde041
l1a-gs-v2-002-48c4d2e317,48c4d2e31721b5eb184862751e07baca19ec2b81b42dfbb6c20b614ee9659949,sweep_v2,SCREENING_L1A_FIELD_TEST_PARTICLE_WALL_LOSS,2,False,cell-03,2,interior,interior,0.010300652063986056,0.01559246359192356,0.005291811527937503,0.012946557827954808,5.984897839326085e-05,0.010300652063986056,0.01559246359192356,1.027536219016991,1.0,0.5770309280547664,0.08940178716344309,0.15493413405902898,False,False,False,0.5,0.00515,0.6,0.0018,0.0007,0.000575,0.0031000000000000003,1.025,0.14,0.5,0.5,0.0018,0.0206,0.0016480000000000002,0.017716,4,0.00515,True,0.23633055710488796,0.005517986030914904,0.0022134019341323095,128,128,0.02913695627350843,False,0,0,128,128,0,0,0,1.0,0.9708630437264916,1.0,0.0,0.0,0.0,0.02913695627350843,0.0,0.005492143434474149,True,16,16,16,0.0,0,0.9334418301577495,0.7109375,0.0,True,0.658203125,True,True,8ee48789281ab24a5e416ca75f0627ab9b4762230b5a64cc34ad2f71906fe2c3,ab96aaf86c702d9e919b87e257d338beed122f8d907e5a94a7c4da54e7cde041
l1a-gs-v2-002-48c4d2e317,48c4d2e31721b5eb184862751e07baca19ec2b81b42dfbb6c20b614ee9659949,sweep_v2,SCREENING_L1A_FIELD_TEST_PARTICLE_WALL_LOSS,2,False,cell-04,3,exit_partial,exit_side,0.01559246359192356,0.017716,0.0021235364080764395,0.01665423179596178,2.4016630965276238e-05,0.01559246359192356,,0.4123371666167844,1.0042927402033532,0.6283741121182825,0.08901964893756042,0.14227477777858308,False,False,False,0.5,0.00515,0.6,0.0018,0.0007,0.000575,0.0031000000000000003,1.025,0.14,0.5,0.5,0.0018,0.0206,0.0016480000000000002,0.017716,4,0.00515,True,0.23633055710488796,0.005517986030914904,0.0022134019341323095,128,64,0.17069550747898554,True,384,192,512,256,128,128,0,0.5,0.45685206921855137,0.5431479307814486,0.25,0.25,0.0,0.08629586156289726,0.02209708691207961,0.02209708691207961,False,64,31,31,0.0,0,0.9334418301577495,0.7109375,0.0,True,0.658203125,True,True,8ee48789281ab24a5e416ca75f0627ab9b4762230b5a64cc34ad2f71906fe2c3,ab96aaf86c702d9e919b87e257d338beed122f8d907e5a94a7c4da54e7cde041
l1a-gs-v2-003-b98d8da7bf,b98d8da7bf54e83e8c9fe1d1750ff604a5d8e7d87c6d86e0675f8a13d0e61cef,sweep_v2,SCREENING_L1A_FIELD_TEST_PARTICLE_WALL_LOSS,3,False,cell-01,0,anode_partial,anode_side,0.0,0.0062740037839960254,0.0062740037839960254,0.0031370018919980127,8.67256024641445e-05,,0.0062740037839960254,0.965231351384004,1.919798520975172,0.5077992670339517,0.03718621068957242,0.14058711171345406,False,False,False,0.0,0.0065,0.48,0.0022,0.0005,0.0008,0.0022,1.3,0.0,1.0,0.0,0.0022,0.0195,0.00156,0.0195,3,0.0065,False,0.27765149990249494,0.004195563780468064,0.0024011137028671983,128,128,0.02913695627350843,False,0,0,128,128,0,0,0,1.0,0.9708630437264916,1.0,0.0,0.0,0.0,0.02913695627350843,0.0,0.005492143434474149,True,16,16,16,0.0,0,1.0,1.0,0.0,True,0.78515625,True,True,e7193869143a82144f84ca8ad6c6333cfd3e67d9385451c93c4ded2e508295ac,34a12603d8cfe48fee3ae45c565e2aa42e746f53659bb25222ca7d68ec6c39fb
l1a-gs-v2-003-b98d8da7bf,b98d8da7bf54e83e8c9fe1d1750ff604a5d8e7d87c6d86e0675f8a13d0e61cef,sweep_v2,SCREENING_L1A_FIELD_TEST_PARTICLE_WALL_LOSS,3,False,cell-02,1,interior,interior,0.0062740037839960254,0.01323013126362025,0.006956127479624224,0.009752067523808137,9.61546035446548e-05,0.0062740037839960254,0.01323013126362025,1.0701734584037268,1.001783206062176,0.4067878338652305,0.07074674838091383,0.1742257228739693,False,False,False,0.0,0.0065,0.48,0.0022,0.0005,0.0008,0.0022,1.3,0.0,1.0,0.0,0.0022,0.0195,0.00156,0.0195,3,0.0065,False,0.27765149990249494,0.004195563780468064,0.0024011137028671983,128,128,0.02913695627350843,False,0,0,128,128,0,0,0,1.0,0.9708630437264916,1.0,0.0,0.0,0.0,0.02913695627350843,0.0,0.005492143434474149,True,16,16,16,0.0,0,1.0,1.0,0.0,True,0.78515625,True,True,e7193869143a82144f84ca8ad6c6333cfd3e67d9385451c93c4ded2e508295ac,34a12603d8cfe48fee3ae45c565e2aa42e746f53659bb25222ca7d68ec6c39fb
l1a-gs-v2-003-b98d8da7bf,b98d8da7bf54e83e8c9fe1d1750ff604a5d8e7d87c6d86e0675f8a13d0e61cef,sweep_v2,SCREENING_L1A_FIELD_TEST_PARTICLE_WALL_LOSS,3,False,cell-03,2,exit_partial,exit_side,0.01323013126362025,0.0195,0.00626986873637975,0.016365065631810123,8.666844366920495e-05,0.01323013126362025,,0.9645951902122694,1.9190057553331679,0.5034968553694557,0.036932095807707115,0.14076136455609206,False,False,False,0.0,0.0065,0.48,0.0022,0.0005,0.0008,0.0022,1.3,0.0,1.0,0.0,0.0022,0.0195,0.00156,0.0195,3,0.0065,False,0.27765149990249494,0.004195563780468064,0.0024011137028671983,128,128,0.02913695627350843,False,0,0,128,128,0,0,0,1.0,0.9708630437264916,1.0,0.0,0.0,0.0,0.02913695627350843,0.0,0.005492143434474149,True,16,16,16,0.0,0,1.0,1.0,0.0,True,0.78515625,True,True,e7193869143a82144f84ca8ad6c6333cfd3e67d9385451c93c4ded2e508295ac,34a12603d8cfe48fee3ae45c565e2aa42e746f53659bb25222ca7d68ec6c39fb
l1a-gs-v2-004-72b1c5ba70,72b1c5ba70dda77968f225021cdd8eb66bfab17b1a901bfc6ec33fa54e3fbf88,sweep_v2,SCREENING_L1A_FIELD_TEST_PARTICLE_WALL_LOSS,4,False,cell-01,0,anode_partial,anode_side,0.0,0.0036489590361336805,0.0036489590361336805,0.0018244795180668402,3.2097920123269455e-05,,0.0036489590361336805,0.9602523779299158,1.0108235572830129,0.6563534349691225,0.09017701944468938,0.13887800493426009,False,False,False,1.0,0.0038,0.72,0.0014,0.0009,0.00035,0.004,0.75,0.28,0.0,1.0,0.0014,0.019000000000000003,0.0015200000000000003,0.013680000000000001,5,0.0038000000000000004,True,0.24485934136581272,0.008713927067656722,0.006075588696864168,128,96,0.14854278090958317,True,384,282,512,378,0,134,0,0.73828125,0.6985321963804407,0.7744813542516229,0.0,0.26171875,0.0,0.07594915787118217,0.019426446108215104,0.019437559620965703,True,64,52,52,0.0,0,0.8419498860657233,0.6953125,0.0,True,0.736328125,True,True,08d372d05630929e576ff64c1c9b97e94d67c92be9b67d7258c076ee5ebb766f,4d87bce98d67ebfe2d7d05bd6aeb06b5e946e255835c9eb7ca79c0ddd40d0d2c
l1a-gs-v2-004-72b1c5ba70,72b1c5ba70dda77968f225021cdd8eb66bfab17b1a901bfc6ec33fa54e3fbf88,sweep_v2,SCREENING_L1A_FIELD_TEST_PARTICLE_WALL_LOSS,4,False,cell-02,1,interior,interior,0.0036489590361336805,0.00773754337163568,0.004088584335502,0.00569325120388468,3.596506623358709e-05,0.0036489590361336805,0.00773754337163568,1.0759432461847367,1.0008854613490858,0.6004738287379826,0.08904423368821329,0.14842125443304227,False,False,False,1.0,0.0038,0.72,0.0014,0.0009,0.00035,0.004,0.75,0.28,0.0,1.0,0.0014,0.019000000000000003,0.0015200000000000003,0.013680000000000001,5,0.0038000000000000004,True,0.24485934136581272,0.008713927067656722,0.006075588696864168,128,128,0.02913695627350843,False,0,0,128,128,0,0,0,1.0,0.9708630437264916,1.0,0.0,0.0,0.0,0.02913695627350843,0.0,0.005492143434474149,True,16,16,16,0.0,0,0.8419498860657233,0.6953125,0.0,True,0.736328125,True,True,08d372d05630929e576ff64c1c9b97e94d67c92be9b67d7258c076ee5ebb766f,4d87bce98d67ebfe2d7d05bd6aeb06b5e946e255835c9eb7ca79c0ddd40d0d2c
l1a-gs-v2-004-72b1c5ba70,72b1c5ba70dda77968f225021cdd8eb66bfab17b1a901bfc6ec33fa54e3fbf88,sweep_v2,SCREENING_L1A_FIELD_TEST_PARTICLE_WALL_LOSS,4,False,cell-03,2,interior,interior,0.00773754337163568,0.011265750878234414,0.0035282075065987337,0.009501647124935047,3.103573419259864e-05,0.00773754337163568,0.011265750878234414,0.9284756596312456,1.0169150479177655,0.786359233471246,0.08710062734884819,0.11263800927615125,False,False,False,1.0,0.0038,0.72,0.0014,0.0009,0.00035,0.004,0.75,0.28,0.0,1.0,0.0014,0.019000000000000003,0.0015200000000000003,0.013680000000000001,5,0.0038000000000000004,True,0.24485934136581272,0.008713927067656722,0.006075588696864168,128,128,0.02913695627350843,False,0,0,128,128,0,0,0,1.0,0.9708630437264916,1.0,0.0,0.0,0.0,0.02913695627350843,0.0,0.005492143434474149,True,16,16,16,0.0,0,0.8419498860657233,0.6953125,0.0,True,0.736328125,True,True,08d372d05630929e576ff64c1c9b97e94d67c92be9b67d7258c076ee5ebb766f,4d87bce98d67ebfe2d7d05bd6aeb06b5e946e255835c9eb7ca79c0ddd40d0d2c
l1a-gs-v2-004-72b1c5ba70,72b1c5ba70dda77968f225021cdd8eb66bfab17b1a901bfc6ec33fa54e3fbf88,sweep_v2,SCREENING_L1A_FIELD_TEST_PARTICLE_WALL_LOSS,4,False,cell-04,3,exit_partial,exit_side,0.011265750878234414,0.013680000000000001,0.0024142491217655875,0.012472875439117207,2.1236844453648265e-05,0.011265750878234414,,0.6353287162541019,1.0,0.5962206024223515,0.0885739386341214,0.14855900362090688,False,False,False,1.0,0.0038,0.72,0.0014,0.0009,0.00035,0.004,0.75,0.28,0.0,1.0,0.0014,0.019000000000000003,0.0015200000000000003,0.013680000000000001,5,0.0038000000000000004,True,0.24485934136581272,0.008713927067656722,0.006075588696864168,128,64,0.17069550747898554,True,384,192,512,256,119,137,0,0.5,0.45685206921855137,0.5431479307814486,0.232421875,0.267578125,0.0,0.08629586156289726,0.02209708691207961,0.02209708691207961,False,64,37,37,0.0,0,0.8419498860657233,0.6953125,0.0,True,0.736328125,True,True,08d372d05630929e576ff64c1c9b97e94d67c92be9b67d7258c076ee5ebb766f,4d87bce98d67ebfe2d7d05bd6aeb06b5e946e255835c9eb7ca79c0ddd40d0d2c
l1a-gs-v2-005-942c2d458e,942c2d458eb750877af39acae13e1ce9d51c59bed8d4b34f5175476fe9b2c7a5,sweep_v2,SCREENING_L1A_FIELD_TEST_PARTICLE_WALL_LOSS,5,False,cell-01,0,anode_partial,anode_side,0.0,0.004906945574150934,0.004906945574150934,0.002453472787075467,5.549624700234308e-05,,0.004906945574150934,0.9528049658545502,1.3556302920953576,0.6628733618328003,0.06663908765209388,0.13628238975993506,False,False,False,0.0,0.00515,0.6,0.0018,0.0007,0.000575,0.0031000000000000003,1.025,0.14,0.5,0.5,0.0018,0.01545,0.0012360000000000001,0.013287,3,0.00515,True,0.25136043329621177,0.004992526883213129,0.00207272624092739,128,127,0.04154582754598635,False,0,0,128,127,0,1,0,0.9921875,0.9570737405611394,0.9986195681071257,0.0,0.0078125,0.0,0.04154582754598635,0.007781922583256459,0.009475584891282928,True,16,16,16,0.0,0,0.8939032269308044,0.6653645833333334,0.0,True,0.74609375,True,True,fe674f8cb579de5b4e79c9c9dcba030e8c8d335c888eaab8e0ce8864ba6873b9,b81be79df4c4d5c5231dbb01686e991a0647709eca0f8c8d900bb83e8412c09a
l1a-gs-v2-005-942c2d458e,942c2d458eb750877af39acae13e1ce9d51c59bed8d4b34f5175476fe9b2c7a5,sweep_v2,SCREENING_L1A_FIELD_TEST_PARTICLE_WALL_LOSS,5,False,cell-02,1,interior,interior,0.004906945574150934,0.010544255377055306,0.005637309802904372,0.00772560047560312,6.375647182613076e-05,0.004906945574150934,0.010544255377055306,1.0946232626998782,1.0,0.5273599025967474,0.09033796585877615,0.17130230306465727,False,False,False,0.0,0.00515,0.6,0.0018,0.0007,0.000575,0.0031000000000000003,1.025,0.14,0.5,0.5,0.0018,0.01545,0.0012360000000000001,0.013287,3,0.00515,True,0.25136043329621177,0.004992526883213129,0.00207272624092739,128,128,0.02913695627350843,False,0,0,128,128,0,0,0,1.0,0.9708630437264916,1.0,0.0,0.0,0.0,0.02913695627350843,0.0,0.005492143434474149,True,16,16,16,0.0,0,0.8939032269308044,0.6653645833333334,0.0,True,0.74609375,True,True,fe674f8cb579de5b4e79c9c9dcba030e8c8d335c888eaab8e0ce8864ba6873b9,b81be79df4c4d5c5231dbb01686e991a0647709eca0f8c8d900bb83e8412c09a
l1a-gs-v2-005-942c2d458e,942c2d458eb750877af39acae13e1ce9d51c59bed8d4b34f5175476fe9b2c7a5,sweep_v2,SCREENING_L1A_FIELD_TEST_PARTICLE_WALL_LOSS,5,False,cell-03,2,exit_partial,exit_side,0.010544255377055306,0.013287,0.002742744622944694,0.011915627688527653,3.101971088921745e-05,0.010544255377055306,,0.5325717714455717,1.0015325589623327,0.6691274644871984,0.09066107330492434,0.13569913292221422,False,False,False,0.0,0.00515,0.6,0.0018,0.0007,0.000575,0.0031000000000000003,1.025,0.14,0.5,0.5,0.0018,0.01545,0.0012360000000000001,0.013287,3,0.00515,True,0.25136043329621177,0.004992526883213129,0.00207272624092739,128,64,0.17069550747898554,True,384,192,512,256,123,133,0,0.5,0.45685206921855137,0.5431479307814486,0.240234375,0.259765625,0.0,0.08629586156289726,0.02209708691207961,0.02209708691207961,False,64,31,31,0.0,0,0.8939032269308044,0.6653645833333334,0.0,True,0.74609375,True,True,fe674f8cb579de5b4e79c9c9dcba030e8c8d335c888eaab8e0ce8864ba6873b9,b81be79df4c4d5c5231dbb01686e991a0647709eca0f8c8d900bb83e8412c09a
l1a-gs-v2-006-110b30a28a,110b30a28afe152249e2dc23cfc80e1c296e8c2a8635ed5eff847249447db848,sweep_v2,SCREENING_L1A_FIELD_TEST_PARTICLE_WALL_LOSS,6,False,cell-01,0,anode_partial,anode_side,0.0,0.004965669616978371,0.004965669616978371,0.0024828348084891855,5.616040027987185e-05,,0.004965669616978371,0.9642076926171594,1.3114228440792692,0.6430204074854965,0.06862302672468203,0.13995481920788033,False,False,False,1.0,0.00515,0.6,0.0018,0.0007,0.000575,0.0031000000000000003,1.025,0.14,0.5,0.5,0.0018,0.025750000000000002,0.00206,0.022145,5,0.00515,True,0.24277317910055363,0.005417313375284088,0.0021428004551806343,128,125,0.05864132865467675,False,0,0,128,125,0,3,0,0.9765625,0.9333562549485678,0.9919975836032445,0.0,0.0234375,0.0,0.05864132865467675,0.01337213275159097,0.014360223193099752,True,16,15,15,0.0,0,0.959397895277039,0.7099609375,0.0,True,0.623046875,True,True,7958758f2f3e4ebd1f47a35cba7bb7450ae2ff74bb58260a2b47aedf39f874c5,df1bc73cc51d0c3362c84babcb0413076027fd043223800fbb8023b9b438a1ea
l1a-gs-v2-006-110b30a28a,110b30a28afe152249e2dc23cfc80e1c296e8c2a8635ed5eff847249447db848,sweep_v2,SCREENING_L1A_FIELD_TEST_PARTICLE_WALL_LOSS,6,False,cell-02,1,interior,interior,0.004965669616978371,0.010403607832530757,0.005437938215552386,0.007684638724754564,6.150163229515642e-05,0.004965669616978371,0.010403607832530757,1.0559103331169681,1.0,0.5574580314255486,0.0899938048766102,0.16143601814557287,False,False,False,1.0,0.00515,0.6,0.0018,0.0007,0.000575,0.0031000000000000003,1.025,0.14,0.5,0.5,0.0018,0.025750000000000002,0.00206,0.022145,5,0.00515,True,0.24277317910055363,0.005417313375284088,0.0021428004551806343,128,128,0.02913695627350843,False,0,0,128,128,0,0,0,1.0,0.9708630437264916,1.0,0.0,0.0,0.0,0.02913695627350843,0.0,0.005492143434474149,True,16,16,16,0.0,0,0.959397895277039,0.7099609375,0.0,True,0.623046875,True,True,7958758f2f3e4ebd1f47a35cba7bb7450ae2ff74bb58260a2b47aedf39f874c5,df1bc73cc51d0c3362c84babcb0413076027fd043223800fbb8023b9b438a1ea
l1a-gs-v2-006-110b30a28a,110b30a28afe152249e2dc23cfc80e1c296e8c2a8635ed5eff847249447db848,sweep_v2,SCREENING_L1A_FIELD_TEST_PARTICLE_WALL_LOSS,6,False,cell-03,2,interior,interior,0.010403607832530757,0.015348745371129192,0.0049451375385984354,0.012876176601829974,5.5928187944107045e-05,0.010403607832530757,0.015348745371129192,0.9602208812812496,1.0039363982789278,0.6654868376752905,0.09159656875927284,0.13818023757783318,False,False,False,1.0,0.00515,0.6,0.0018,0.0007,0.000575,0.0031000000000000003,1.025,0.14,0.5,0.5,0.0018,0.025750000000000002,0.00206,0.022145,5,0.00515,True,0.24277317910055363,0.005417313375284088,0.0021428004551806343,128,128,0.02913695627350843,False,0,0,128,128,0,0,0,1.0,0.9708630437264916,1.0,0.0,0.0,0.0,0.02913695627350843,0.0,0.005492143434474149,True,16,16,16,0.0,0,0.959397895277039,0.7099609375,0.0,True,0.623046875,True,True,7958758f2f3e4ebd1f47a35cba7bb7450ae2ff74bb58260a2b47aedf39f874c5,df1bc73cc51d0c3362c84babcb0413076027fd043223800fbb8023b9b438a1ea
l1a-gs-v2-006-110b30a28a,110b30a28afe152249e2dc23cfc80e1c296e8c2a8635ed5eff847249447db848,sweep_v2,SCREENING_L1A_FIELD_TEST_PARTICLE_WALL_LOSS,6,False,cell-04,3,interior,interior,0.015348745371129192,0.02078184227057713,0.005433096899447936,0.01806529382085316,6.144687829996963e-05,0.015348745371129192,0.02078184227057713,1.0549702717374634,1.0010448194136357,0.5554828518567922,0.08973236472587719,0.16170817612517782,False,False,False,1.0,0.00515,0.6,0.0018,0.0007,0.000575,0.0031000000000000003,1.025,0.14,0.5,0.5,0.0018,0.025750000000000002,0.00206,0.022145,5,0.00515,True,0.24277317910055363,0.005417313375284088,0.0021428004551806343,128,128,0.02913695627350843,False,0,0,128,128,0,0,0,1.0,0.9708630437264916,1.0,0.0,0.0,0.0,0.02913695627350843,0.0,0.005492143434474149,True,16,16,16,0.0,0,0.959397895277039,0.7099609375,0.0,True,0.623046875,True,True,7958758f2f3e4ebd1f47a35cba7bb7450ae2ff74bb58260a2b47aedf39f874c5,df1bc73cc51d0c3362c84babcb0413076027fd043223800fbb8023b9b438a1ea
l1a-gs-v2-006-110b30a28a,110b30a28afe152249e2dc23cfc80e1c296e8c2a8635ed5eff847249447db848,sweep_v2,SCREENING_L1A_FIELD_TEST_PARTICLE_WALL_LOSS,6,False,cell-05,4,exit_partial,exit_side,0.02078184227057713,0.022145,0.001363157729422873,0.021463421135288565,1.5416950710380547e-05,0.02078184227057713,,0.2646908212471598,1.0,0.645156659442586,0.08982611884257422,0.1392314835906426,False,False,False,1.0,0.00515,0.6,0.0018,0.0007,0.000575,0.0031000000000000003,1.025,0.14,0.5,0.5,0.0018,0.025750000000000002,0.00206,0.022145,5,0.00515,True,0.24277317910055363,0.005417313375284088,0.0021428004551806343,128,57,0.16970135560641886,True,384,161,512,218,166,128,0,0.42578125,0.3836604467898356,0.4690074636690298,0.32421875,0.25,0.0,0.08534701687919422,0.02185229076362572,0.021853249523725932,False,64,28,28,0.0,0,0.959397895277039,0.7099609375,0.0,True,0.623046875,True,True,7958758f2f3e4ebd1f47a35cba7bb7450ae2ff74bb58260a2b47aedf39f874c5,df1bc73cc51d0c3362c84babcb0413076027fd043223800fbb8023b9b438a1ea
l1a-gs-v2-007-9ea145255a,9ea145255a66390ca9795454ade96a97990c36a6a90658eab87a1df16eaab158,sweep_v2,SCREENING_L1A_FIELD_TEST_PARTICLE_WALL_LOSS,7,False,cell-01,0,anode_partial,anode_side,0.0,0.003729230720090614,0.003729230720090614,0.001864615360045307,4.2176605801600965e-05,,0.003729230720090614,0.9813765052870037,1.0162997935534361,0.8101951776381793,0.07916458993998358,0.09930317858381242,False,False,False,0.5,0.0038,0.6,0.0018,0.0007,0.000575,0.0031000000000000003,1.025,0.14,0.5,0.5,0.0018,0.0152,0.001216,0.013072,4,0.0038,True,0.18613680587812445,0.008025522625997159,0.002493275785189638,128,80,0.16543565711544606,True,384,248,512,328,0,184,0,0.640625,0.5981582836545334,0.6809972544234058,0.0,0.359375,0.0,0.08283897076887237,0.02120512768614108,0.02120867448890866,False,64,41,41,0.0,0,0.8286940704223045,0.63125,0.0,True,0.6484375,True,True,0c7a2cff29a30fefae3b491dda6042021e55d18fa4281d0bb34d503e6276596c,0c38cc7098dd876025673b3490206b99c89fbf2d34b32ee6d68a7f6a4b263fdb
l1a-gs-v2-007-9ea145255a,9ea145255a66390ca9795454ade96a97990c36a6a90658eab87a1df16eaab158,sweep_v2,SCREENING_L1A_FIELD_TEST_PARTICLE_WALL_LOSS,7,False,cell-02,1,interior,interior,0.003729230720090614,0.007598430990624714,0.0038692002705341,0.005663830855357664,4.375962412263924e-05,0.003729230720090614,0.007598430990624714,1.0182105975089737,1.006963772406896,0.9231461116828014,0.07908247906736152,0.08626282496905777,False,False,False,0.5,0.0038,0.6,0.0018,0.0007,0.000575,0.0031000000000000003,1.025,0.14,0.5,0.5,0.0018,0.0152,0.001216,0.013072,4,0.0038,True,0.18613680587812445,0.008025522625997159,0.002493275785189638,128,128,0.02913695627350843,False,0,0,128,128,0,0,0,1.0,0.9708630437264916,1.0,0.0,0.0,0.0,0.02913695627350843,0.0,0.005492143434474149,True,16,16,16,0.0,0,0.8286940704223045,0.63125,0.0,True,0.6484375,True,True,0c7a2cff29a30fefae3b491dda6042021e55d18fa4281d0bb34d503e6276596c,0c38cc7098dd876025673b3490206b99c89fbf2d34b32ee6d68a7f6a4b263fdb
l1a-gs-v2-007-9ea145255a,9ea145255a66390ca9795454ade96a97990c36a6a90658eab87a1df16eaab158,sweep_v2,SCREENING_L1A_FIELD_TEST_PARTICLE_WALL_LOSS,7,False,cell-03,2,interior,interior,0.007598430990624714,0.01147356653972076,0.0038751355490960464,0.009535998765172738,4.3826750541737237e-05,0.007598430990624714,0.01147356653972076,1.0197725129200121,1.0,0.9229145557588593,0.07963319145295975,0.08628446799983773,False,False,False,0.5,0.0038,0.6,0.0018,0.0007,0.000575,0.0031000000000000003,1.025,0.14,0.5,0.5,0.0018,0.0152,0.001216,0.013072,4,0.0038,True,0.18613680587812445,0.008025522625997159,0.002493275785189638,128,128,0.02913695627350843,False,0,0,128,128,0,0,0,1.0,0.9708630437264916,1.0,0.0,0.0,0.0,0.02913695627350843,0.0,0.005492143434474149,True,16,16,16,0.0,0,0.8286940704223045,0.63125,0.0,True,0.6484375,True,True,0c7a2cff29a30fefae3b491dda6042021e55d18fa4281d0bb34d503e6276596c,0c38cc7098dd876025673b3490206b99c89fbf2d34b32ee6d68a7f6a4b263fdb
l1a-gs-v2-007-9ea145255a,9ea145255a66390ca9795454ade96a97990c36a6a90658eab87a1df16eaab158,sweep_v2,SCREENING_L1A_FIELD_TEST_PARTICLE_WALL_LOSS,7,False,cell-04,3,exit_partial,exit_side,0.01147356653972076,0.013072,0.0015984334602792399,0.01227278326986038,1.807785653783534e-05,0.01147356653972076,,0.4206403842840105,1.0107302771877649,0.8089369144820214,0.0793213279787868,0.0991084303109555,False,False,False,0.5,0.0038,0.6,0.0018,0.0007,0.000575,0.0031000000000000003,1.025,0.14,0.5,0.5,0.0018,0.0152,0.001216,0.013072,4,0.0038,True,0.18613680587812445,0.008025522625997159,0.002493275785189638,128,56,0.16939585699312765,True,384,168,512,224,160,128,0,0.4375,0.3951533954746975,0.4807774764906628,0.3125,0.25,0.0,0.0856240810159653,0.021923773750628563,0.021924451434561964,False,64,35,35,0.0,0,0.8286940704223045,0.63125,0.0,True,0.6484375,True,True,0c7a2cff29a30fefae3b491dda6042021e55d18fa4281d0bb34d503e6276596c,0c38cc7098dd876025673b3490206b99c89fbf2d34b32ee6d68a7f6a4b263fdb
l1a-gs-v2-008-b45d1d67d2,b45d1d67d2690790a100a0b2ff214c0320158a6ccdec188be819f22f1980a5e1,sweep_v2,SCREENING_L1A_FIELD_TEST_PARTICLE_WALL_LOSS,8,False,cell-01,0,anode_partial,anode_side,0.0,0.006340425599550184,0.006340425599550184,0.003170212799775092,7.170852414304627e-05,,0.006340425599550184,0.9754500922384899,1.5614593650769246,0.48292803855907274,0.05414311547198869,0.17506184764179247,False,False,False,0.5,0.0065,0.6,0.0018,0.0007,0.000575,0.0031000000000000003,1.025,0.14,0.5,0.5,0.0018,0.026,0.00208,0.022359999999999998,4,0.0065,True,0.2640529117523301,0.004006445995268615,0.0017904458153292365,128,128,0.02913695627350843,False,0,0,128,128,0,0,0,1.0,0.9708630437264916,1.0,0.0,0.0,0.0,0.02913695627350843,0.0,0.005492143434474149,True,16,16,16,0.0,0,0.9397025101082415,0.7142857142857143,0.0,True,0.69140625,True,True,6c265e9cf62a674f26bfbc4f3a3a7b97dc8029c8960774813151b709f4c5008a,553e230b493e3edb7f8c6470642d491cbc328864bc61dde07554f29205fc44bf
l1a-gs-v2-008-b45d1d67d2,b45d1d67d2690790a100a0b2ff214c0320158a6ccdec188be819f22f1980a5e1,sweep_v2,SCREENING_L1A_FIELD_TEST_PARTICLE_WALL_LOSS,8,False,cell-02,1,interior,interior,0.006340425599550184,0.012999067879003496,0.006658642279453312,0.009669746739276841,7.530747000484651e-05,0.006340425599550184,0.012999067879003496,1.024406504531279,1.0,0.4184155794731329,0.08454227470817807,0.20205336238825844,False,False,False,0.5,0.0065,0.6,0.0018,0.0007,0.000575,0.0031000000000000003,1.025,0.14,0.5,0.5,0.0018,0.026,0.00208,0.022359999999999998,4,0.0065,True,0.2640529117523301,0.004006445995268615,0.0017904458153292365,128,128,0.02913695627350843,False,0,0,128,128,0,0,0,1.0,0.9708630437264916,1.0,0.0,0.0,0.0,0.02913695627350843,0.0,0.005492143434474149,True,16,16,16,0.0,0,0.9397025101082415,0.7142857142857143,0.0,True,0.69140625,True,True,6c265e9cf62a674f26bfbc4f3a3a7b97dc8029c8960774813151b709f4c5008a,553e230b493e3edb7f8c6470642d491cbc328864bc61dde07554f29205fc44bf
l1a-gs-v2-008-b45d1d67d2,b45d1d67d2690790a100a0b2ff214c0320158a6ccdec188be819f22f1980a5e1,sweep_v2,SCREENING_L1A_FIELD_TEST_PARTICLE_WALL_LOSS,8,False,cell-03,2,interior,interior,0.012999067879003496,0.019663496252040558,0.006664428373037061,0.016331282065522028,7.537290918159098e-05,0.012999067879003496,0.019663496252040558,1.0252966727749326,1.0,0.4179186185676268,0.08447111138568583,0.2021233504149729,False,False,False,0.5,0.0065,0.6,0.0018,0.0007,0.000575,0.0031000000000000003,1.025,0.14,0.5,0.5,0.0018,0.026,0.00208,0.022359999999999998,4,0.0065,True,0.2640529117523301,0.004006445995268615,0.0017904458153292365,128,128,0.02913695627350843,False,0,0,128,128,0,0,0,1.0,0.9708630437264916,1.0,0.0,0.0,0.0,0.02913695627350843,0.0,0.005492143434474149,True,16,16,16,0.0,0,0.9397025101082415,0.7142857142857143,0.0,True,0.69140625,True,True,6c265e9cf62a674f26bfbc4f3a3a7b97dc8029c8960774813151b709f4c5008a,553e230b493e3edb7f8c6470642d491cbc328864bc61dde07554f29205fc44bf
l1a-gs-v2-008-b45d1d67d2,b45d1d67d2690790a100a0b2ff214c0320158a6ccdec188be819f22f1980a5e1,sweep_v2,SCREENING_L1A_FIELD_TEST_PARTICLE_WALL_LOSS,8,False,cell-04,3,exit_partial,exit_side,0.019663496252040558,0.022359999999999998,0.0026965037479594403,0.021011748126020278,3.0496738913880194e-05,0.019663496252040558,,0.4148467304552985,1.0003399035672325,0.48317083540733674,0.08444240910960377,0.1748265938163932,False,False,False,0.5,0.0065,0.6,0.0018,0.0007,0.000575,0.0031000000000000003,1.025,0.14,0.5,0.5,0.0018,0.026,0.00208,0.022359999999999998,4,0.0065,True,0.2640529117523301,0.004006445995268615,0.0017904458153292365,128,64,0.17069550747898554,True,384,192,512,256,128,128,0,0.5,0.45685206921855137,0.5431479307814486,0.25,0.25,0.0,0.08629586156289726,0.02209708691207961,0.02209708691207961,False,64,30,30,0.0,0,0.9397025101082415,0.7142857142857143,0.0,True,0.69140625,True,True,6c265e9cf62a674f26bfbc4f3a3a7b97dc8029c8960774813151b709f4c5008a,553e230b493e3edb7f8c6470642d491cbc328864bc61dde07554f29205fc44bf
l1a-gs-v2-009-4d592518ca,4d592518ca28332d669b5d162a270eb1868ac3ec8458dab76be7b00fd48e8602,sweep_v2,SCREENING_L1A_FIELD_TEST_PARTICLE_WALL_LOSS,9,False,cell-01,0,anode_partial,anode_side,0.0,0.005012109091951435,0.005012109091951435,0.0025060545459757175,5.668561836815485e-05,,0.005012109091951435,0.9732250663983368,1.3441036701688263,0.6056995238409836,0.05413143754759596,0.12012270278478841,False,False,False,0.5,0.00515,0.48,0.0018,0.0007,0.000575,0.0031000000000000003,1.025,0.14,0.5,0.5,0.0018,0.0206,0.0016480000000000002,0.017716,4,0.00515,True,0.20928809950152485,0.0054049341020697165,0.0018175725099427735,128,126,0.05088552696967308,False,0,0,128,126,0,2,0,0.984375,0.9448190233201829,0.9957045502898559,0.0,0.015625,0.0,0.05088552696967308,0.010961886875314282,0.012184860794534208,True,16,16,16,0.0,0,0.9355652102811325,0.7120535714285714,0.0,True,0.6640625,True,True,90d02dee605b5fc69a793cb78e8b8951b668e13f667a2a72beea37c705ce06ab,bcb647dc67f351f82ae269cdd32986ad19a2cd190571ce8bbb9c42fe4add461d
l1a-gs-v2-009-4d592518ca,4d592518ca28332d669b5d162a270eb1868ac3ec8458dab76be7b00fd48e8602,sweep_v2,SCREENING_L1A_FIELD_TEST_PARTICLE_WALL_LOSS,9,False,cell-02,1,interior,interior,0.005012109091951435,0.010298475366348911,0.005286366274397476,0.007655292229150173,5.978739402659503e-05,0.005012109091951435,0.010298475366348911,1.0264788882325195,1.0,0.5540997901576732,0.07275826387923834,0.1313089540397307,False,False,False,0.5,0.00515,0.48,0.0018,0.0007,0.000575,0.0031000000000000003,1.025,0.14,0.5,0.5,0.0018,0.0206,0.0016480000000000002,0.017716,4,0.00515,True,0.20928809950152485,0.0054049341020697165,0.0018175725099427735,128,128,0.02913695627350843,False,0,0,128,128,0,0,0,1.0,0.9708630437264916,1.0,0.0,0.0,0.0,0.02913695627350843,0.0,0.005492143434474149,True,16,16,16,0.0,0,0.9355652102811325,0.7120535714285714,0.0,True,0.6640625,True,True,90d02dee605b5fc69a793cb78e8b8951b668e13f667a2a72beea37c705ce06ab,bcb647dc67f351f82ae269cdd32986ad19a2cd190571ce8bbb9c42fe4add461d
l1a-gs-v2-009-4d592518ca,4d592518ca28332d669b5d162a270eb1868ac3ec8458dab76be7b00fd48e8602,sweep_v2,SCREENING_L1A_FIELD_TEST_PARTICLE_WALL_LOSS,9,False,cell-03,2,interior,interior,0.010298475366348911,0.015589574939804564,0.005291099573455653,0.012944025153076737,5.9840926377769325e-05,0.010298475366348911,0.015589574939804564,1.0273979754282823,1.0,0.5515564031155178,0.07260630951656676,0.13163895678926624,False,False,False,0.5,0.00515,0.48,0.0018,0.0007,0.000575,0.0031000000000000003,1.025,0.14,0.5,0.5,0.0018,0.0206,0.0016480000000000002,0.017716,4,0.00515,True,0.20928809950152485,0.0054049341020697165,0.0018175725099427735,128,128,0.02913695627350843,False,0,0,128,128,0,0,0,1.0,0.9708630437264916,1.0,0.0,0.0,0.0,0.02913695627350843,0.0,0.005492143434474149,True,16,16,16,0.0,0,0.9355652102811325,0.7120535714285714,0.0,True,0.6640625,True,True,90d02dee605b5fc69a793cb78e8b8951b668e13f667a2a72beea37c705ce06ab,bcb647dc67f351f82ae269cdd32986ad19a2cd190571ce8bbb9c42fe4add461d
l1a-gs-v2-009-4d592518ca,4d592518ca28332d669b5d162a270eb1868ac3ec8458dab76be7b00fd48e8602,sweep_v2,SCREENING_L1A_FIELD_TEST_PARTICLE_WALL_LOSS,9,False,cell-04,3,exit_partial,exit_side,0.015589574939804564,0.017716,0.002126425060195435,0.016652787469902283,2.404930085106916e-05,0.015589574939804564,,0.41289806994086115,1.001073511216899,0.6047138100457361,0.07252844941257806,0.1200672257031394,False,False,False,0.5,0.00515,0.48,0.0018,0.0007,0.000575,0.0031000000000000003,1.025,0.14,0.5,0.5,0.0018,0.0206,0.0016480000000000002,0.017716,4,0.00515,True,0.20928809950152485,0.0054049341020697165,0.0018175725099427735,128,64,0.17069550747898554,True,384,192,512,256,128,128,0,0.5,0.45685206921855137,0.5431479307814486,0.25,0.25,0.0,0.08629586156289726,0.02209708691207961,0.02209708691207961,False,64,33,33,0.0,0,0.9355652102811325,0.7120535714285714,0.0,True,0.6640625,True,True,90d02dee605b5fc69a793cb78e8b8951b668e13f667a2a72beea37c705ce06ab,bcb647dc67f351f82ae269cdd32986ad19a2cd190571ce8bbb9c42fe4add461d
l1a-gs-v2-010-7aa8cd8bce,7aa8cd8bcefc0b630bb4cf586b4baf6a719b6f64744de5d7e050fe7f3927017f,sweep_v2,SCREENING_L1A_FIELD_TEST_PARTICLE_WALL_LOSS,10,False,cell-01,0,anode_partial,anode_side,0.0,0.005007485945959103,0.005007485945959103,0.0025037429729795513,5.663333181880531e-05,,0.005007485945959103,0.9723273681473985,1.1725123771134829,0.6475224273449111,0.0885433683901464,0.16033142786182644,False,False,False,0.5,0.00515,0.72,0.0018,0.0007,0.000575,0.0031000000000000003,1.025,0.14,0.5,0.5,0.0018,0.0206,0.0016480000000000002,0.017716,4,0.00515,True,0.2561972397145085,0.005640381951478237,0.002016676707884657,128,114,0.10895565567467624,True,384,341,512,455,0,57,0,0.888671875,0.8584802269199013,0.9130746630455141,0.0,0.111328125,0.0,0.054594436125612766,0.013900748461187962,0.013942022118708675,True,64,56,56,0.0,0,0.9086739000098075,0.75546875,0.0,True,0.65625,True,True,954061b8dcf45c96c541d372f7deb177fafb385674066850f00f730094037eee,13d7ba018bc785abff2af7027a8c4ad9755e1b09fee6048afe885eaa991e9227
l1a-gs-v2-010-7aa8cd8bce,7aa8cd8bcefc0b630bb4cf586b4baf6a719b6f64744de5d7e050fe7f3927017f,sweep_v2,SCREENING_L1A_FIELD_TEST_PARTICLE_WALL_LOSS,10,False,cell-02,1,interior,interior,0.005007485945959103,0.010298104792530387,0.005290618846571285,0.007652795369244745,5.983548948479539e-05,0.005007485945959103,0.010298104792530387,1.027304630402191,1.0,0.599558043826375,0.10381819534876537,0.1731578725659294,False,False,False,0.5,0.00515,0.72,0.0018,0.0007,0.000575,0.0031000000000000003,1.025,0.14,0.5,0.5,0.0018,0.0206,0.0016480000000000002,0.017716,4,0.00515,True,0.2561972397145085,0.005640381951478237,0.002016676707884657,128,128,0.02913695627350843,False,0,0,128,128,0,0,0,1.0,0.9708630437264916,1.0,0.0,0.0,0.0,0.02913695627350843,0.0,0.005492143434474149,True,16,16,16,0.0,0,0.9086739000098075,0.75546875,0.0,True,0.65625,True,True,954061b8dcf45c96c541d372f7deb177fafb385674066850f00f730094037eee,13d7ba018bc785abff2af7027a8c4ad9755e1b09fee6048afe885eaa991e9227
l1a-gs-v2-010-7aa8cd8bce,7aa8cd8bcefc0b630bb4cf586b4baf6a719b6f64744de5d7e050fe7f3927017f,sweep_v2,SCREENING_L1A_FIELD_TEST_PARTICLE_WALL_LOSS,10,False,cell-03,2,interior,interior,0.010298104792530387,0.015595081667802454,0.005296976875272067,0.01294659323016642,5.990739709532307e-05,0.010298104792530387,0.015595081667802454,1.0285391990819548,1.0,0.59669417227521,0.10336508630932985,0.17322958914647374,False,False,False,0.5,0.00515,0.72,0.0018,0.0007,0.000575,0.0031000000000000003,1.025,0.14,0.5,0.5,0.0018,0.0206,0.0016480000000000002,0.017716,4,0.00515,True,0.2561972397145085,0.005640381951478237,0.002016676707884657,128,128,0.02913695627350843,False,0,0,128,128,0,0,0,1.0,0.9708630437264916,1.0,0.0,0.0,0.0,0.02913695627350843,0.0,0.005492143434474149,True,16,16,16,0.0,0,0.9086739000098075,0.75546875,0.0,True,0.65625,True,True,954061b8dcf45c96c541d372f7deb177fafb385674066850f00f730094037eee,13d7ba018bc785abff2af7027a8c4ad9755e1b09fee6048afe885eaa991e9227
l1a-gs-v2-010-7aa8cd8bce,7aa8cd8bcefc0b630bb4cf586b4baf6a719b6f64744de5d7e050fe7f3927017f,sweep_v2,SCREENING_L1A_FIELD_TEST_PARTICLE_WALL_LOSS,10,False,cell-04,3,exit_partial,exit_side,0.015595081667802454,0.017716,0.002120918332197545,0.016655540833901226,2.3987021224664603e-05,0.015595081667802454,,0.4118288023684553,1.0088642853096492,0.6457220857918547,0.1024568792992847,0.1600767397983179,False,False,False,0.5,0.00515,0.72,0.0018,0.0007,0.000575,0.0031000000000000003,1.025,0.14,0.5,0.5,0.0018,0.0206,0.0016480000000000002,0.017716,4,0.00515,True,0.2561972397145085,0.005640381951478237,0.002016676707884657,128,64,0.17069550747898554,True,384,192,512,256,128,128,0,0.5,0.45685206921855137,0.5431479307814486,0.25,0.25,0.0,0.08629586156289726,0.02209708691207961,0.02209708691207961,False,64,31,31,0.0,0,0.9086739000098075,0.75546875,0.0,True,0.65625,True,True,954061b8dcf45c96c541d372f7deb177fafb385674066850f00f730094037eee,13d7ba018bc785abff2af7027a8c4ad9755e1b09fee6048afe885eaa991e9227
l1a-gs-v2-011-eabda2c05f,eabda2c05f68bc1a29fe7045a41bad29d22d9607b400484e76f9d7b2bc6a0eaa,sweep_v2,SCREENING_L1A_FIELD_TEST_PARTICLE_WALL_LOSS,11,False,cell-01,0,anode_partial,anode_side,0.0,0.005007952014288928,0.005007952014288928,0.002503976007144464,4.405224672133685e-05,,0.005007952014288928,0.972417866852219,1.2524931272673092,0.47278488470942903,0.06777233172774765,0.17954122996138844,False,False,False,0.5,0.00515,0.6,0.0014,0.0007,0.000575,0.0031000000000000003,1.025,0.14,0.5,0.5,0.0014,0.0206,0.0016480000000000002,0.017716,4,0.00515,True,0.2744011601651344,0.00589742561372042,0.0035934959915325864,128,128,0.02913695627350843,False,0,0,128,128,0,0,0,1.0,0.9708630437264916,1.0,0.0,0.0,0.0,0.02913695627350843,0.0,0.005492143434474149,True,16,16,16,0.0,0,0.9400452168669843,0.7142857142857143,0.0,True,0.697265625,True,True,ffe261d52c8045114ca956891013056d8b1e50ea83ea482bac6d0c67248b270e,2cf55556b66cd8f8c0d91d8dd888b35dd8c7e775fd99089ad305b73ddeca188d
l1a-gs-v2-011-eabda2c05f,eabda2c05f68bc1a29fe7045a41bad29d22d9607b400484e76f9d7b2bc6a0eaa,sweep_v2,SCREENING_L1A_FIELD_TEST_PARTICLE_WALL_LOSS,11,False,cell-02,1,interior,interior,0.005007952014288928,0.01030096951268589,0.005293017498396962,0.007654460763487409,4.655981368720114e-05,0.005007952014288928,0.01030096951268589,1.0277703880382452,1.0,0.4208913399149011,0.08488437970788412,0.201677658003243,False,False,False,0.5,0.00515,0.6,0.0014,0.0007,0.000575,0.0031000000000000003,1.025,0.14,0.5,0.5,0.0014,0.0206,0.0016480000000000002,0.017716,4,0.00515,True,0.2744011601651344,0.00589742561372042,0.0035934959915325864,128,128,0.02913695627350843,False,0,0,128,128,0,0,0,1.0,0.9708630437264916,1.0,0.0,0.0,0.0,0.02913695627350843,0.0,0.005492143434474149,True,16,16,16,0.0,0,0.9400452168669843,0.7142857142857143,0.0,True,0.697265625,True,True,ffe261d52c8045114ca956891013056d8b1e50ea83ea482bac6d0c67248b270e,2cf55556b66cd8f8c0d91d8dd888b35dd8c7e775fd99089ad305b73ddeca188d
l1a-gs-v2-011-eabda2c05f,eabda2c05f68bc1a29fe7045a41bad29d22d9607b400484e76f9d7b2bc6a0eaa,sweep_v2,SCREENING_L1A_FIELD_TEST_PARTICLE_WALL_LOSS,11,False,cell-03,2,interior,interior,0.01030096951268589,0.01559168212403099,0.005290712611345099,0.01294632581835844,4.6539538841758576e-05,0.01030096951268589,0.01559168212403099,1.027322837154388,1.0,0.4191778335865969,0.08465405342313269,0.20195260016210811,False,False,False,0.5,0.00515,0.6,0.0014,0.0007,0.000575,0.0031000000000000003,1.025,0.14,0.5,0.5,0.0014,0.0206,0.0016480000000000002,0.017716,4,0.00515,True,0.2744011601651344,0.00589742561372042,0.0035934959915325864,128,128,0.02913695627350843,False,0,0,128,128,0,0,0,1.0,0.9708630437264916,1.0,0.0,0.0,0.0,0.02913695627350843,0.0,0.005492143434474149,True,16,16,16,0.0,0,0.9400452168669843,0.7142857142857143,0.0,True,0.697265625,True,True,ffe261d52c8045114ca956891013056d8b1e50ea83ea482bac6d0c67248b270e,2cf55556b66cd8f8c0d91d8dd888b35dd8c7e775fd99089ad305b73ddeca188d
l1a-gs-v2-011-eabda2c05f,eabda2c05f68bc1a29fe7045a41bad29d22d9607b400484e76f9d7b2bc6a0eaa,sweep_v2,SCREENING_L1A_FIELD_TEST_PARTICLE_WALL_LOSS,11,False,cell-04,3,exit_partial,exit_side,0.01559168212403099,0.017716,0.0021243178759690097,0.016653841062015493,1.86864760124944e-05,0.01559168212403099,,0.41248890795514753,1.0015454867961375,0.4730084733185174,0.08452342358801308,0.17896942274462768,False,False,False,0.5,0.00515,0.6,0.0014,0.0007,0.000575,0.0031000000000000003,1.025,0.14,0.5,0.5,0.0014,0.0206,0.0016480000000000002,0.017716,4,0.00515,True,0.2744011601651344,0.00589742561372042,0.0035934959915325864,128,64,0.17069550747898554,True,384,192,512,256,128,128,0,0.5,0.45685206921855137,0.5431479307814486,0.25,0.25,0.0,0.08629586156289726,0.02209708691207961,0.02209708691207961,False,64,27,27,0.0,0,0.9400452168669843,0.7142857142857143,0.0,True,0.697265625,True,True,ffe261d52c8045114ca956891013056d8b1e50ea83ea482bac6d0c67248b270e,2cf55556b66cd8f8c0d91d8dd888b35dd8c7e775fd99089ad305b73ddeca188d
l1a-gs-v2-012-861e265ea9,861e265ea9163b1612e3ee11ddebe544d19419ef7c37cee73105b0139f600ed9,sweep_v2,SCREENING_L1A_FIELD_TEST_PARTICLE_WALL_LOSS,12,False,cell-01,0,anode_partial,anode_side,0.0,0.005013398487920599,0.005013398487920599,0.0025066992439602997,6.930024578034595e-05,,0.005013398487920599,0.9734754345476891,1.298321586360031,0.7905283795328952,0.07074865013102571,0.11619380410507059,False,False,False,0.5,0.00515,0.6,0.0022,0.0007,0.000575,0.0031000000000000003,1.025,0.14,0.5,0.5,0.0022,0.0206,0.0016480000000000002,0.017716,4,0.00515,True,0.20855399100681463,0.005132151340162075,0.0021010682889947515,128,108,0.1255645614199039,True,384,323,512,431,0,81,0,0.841796875,0.8076567590928229,0.8708462848466129,0.0,0.158203125,0.0,0.06318952575379,0.016127839880753024,0.016155368134646273,True,64,50,50,0.0,0,0.8932936677868039,0.73046875,0.0,True,0.65234375,True,True,15dee36dfe24320393186a068f0e75dadec12d27b1f176368a328b2c1b07139d,7de829d235c4976090e993edda5c8db9d16b79783facf040fb602279f4768745
l1a-gs-v2-012-861e265ea9,861e265ea9163b1612e3ee11ddebe544d19419ef7c37cee73105b0139f600ed9,sweep_v2,SCREENING_L1A_FIELD_TEST_PARTICLE_WALL_LOSS,12,False,cell-02,1,interior,interior,0.005013398487920599,0.010300348319667701,0.005286949831747102,0.007656873403794151,7.308154810578374e-05,0.005013398487920599,0.010300348319667701,1.0265922003392431,1.0,0.7672786749860261,0.09185449967094413,0.11971465214071929,False,False,False,0.5,0.00515,0.6,0.0022,0.0007,0.000575,0.0031000000000000003,1.025,0.14,0.5,0.5,0.0022,0.0206,0.0016480000000000002,0.017716,4,0.00515,True,0.20855399100681463,0.005132151340162075,0.0021010682889947515,128,128,0.02913695627350843,False,0,0,128,128,0,0,0,1.0,0.9708630437264916,1.0,0.0,0.0,0.0,0.02913695627350843,0.0,0.005492143434474149,True,16,16,16,0.0,0,0.8932936677868039,0.73046875,0.0,True,0.65234375,True,True,15dee36dfe24320393186a068f0e75dadec12d27b1f176368a328b2c1b07139d,7de829d235c4976090e993edda5c8db9d16b79783facf040fb602279f4768745
l1a-gs-v2-012-861e265ea9,861e265ea9163b1612e3ee11ddebe544d19419ef7c37cee73105b0139f600ed9,sweep_v2,SCREENING_L1A_FIELD_TEST_PARTICLE_WALL_LOSS,12,False,cell-03,2,interior,interior,0.010300348319667701,0.01558795331136064,0.005287604991692939,0.012944150815514172,7.309060438674393e-05,0.010300348319667701,0.01558795331136064,1.0267194158627067,1.0,0.7634440417485414,0.09155052414730372,0.11991779245224377,False,False,False,0.5,0.00515,0.6,0.0022,0.0007,0.000575,0.0031000000000000003,1.025,0.14,0.5,0.5,0.0022,0.0206,0.0016480000000000002,0.017716,4,0.00515,True,0.20855399100681463,0.005132151340162075,0.0021010682889947515,128,128,0.02913695627350843,False,0,0,128,128,0,0,0,1.0,0.9708630437264916,1.0,0.0,0.0,0.0,0.02913695627350843,0.0,0.005492143434474149,True,16,16,16,0.0,0,0.8932936677868039,0.73046875,0.0,True,0.65234375,True,True,15dee36dfe24320393186a068f0e75dadec12d27b1f176368a328b2c1b07139d,7de829d235c4976090e993edda5c8db9d16b79783facf040fb602279f4768745
l1a-gs-v2-012-861e265ea9,861e265ea9163b1612e3ee11ddebe544d19419ef7c37cee73105b0139f600ed9,sweep_v2,SCREENING_L1A_FIELD_TEST_PARTICLE_WALL_LOSS,12,False,cell-04,3,exit_partial,exit_side,0.01558795331136064,0.017716,0.002128046688639359,0.01665197665568032,2.941600571151218e-05,0.01558795331136064,,0.41321294925036095,1.0069016002966908,0.7908395925384083,0.09092300987537183,0.1157637086092872,False,False,False,0.5,0.00515,0.6,0.0022,0.0007,0.000575,0.0031000000000000003,1.025,0.14,0.5,0.5,0.0022,0.0206,0.0016480000000000002,0.017716,4,0.00515,True,0.20855399100681463,0.005132151340162075,0.0021010682889947515,128,62,0.17061456936415598,True,384,186,512,248,136,128,0,0.484375,0.4413643447142569,0.5276183732770832,0.265625,0.25,0.0,0.08625402856282627,0.022086294683395784,0.022086336727582374,False,64,27,27,0.0,0,0.8932936677868039,0.73046875,0.0,True,0.65234375,True,True,15dee36dfe24320393186a068f0e75dadec12d27b1f176368a328b2c1b07139d,7de829d235c4976090e993edda5c8db9d16b79783facf040fb602279f4768745
l1a-gs-v2-013-1a5f2faf5b,1a5f2faf5beb8af4a3399539983a0c2ecd9661f5afdd812bdc57be7050d60605,sweep_v2,SCREENING_L1A_FIELD_TEST_PARTICLE_WALL_LOSS,13,False,cell-01,0,anode_partial,anode_side,0.0,0.0050089859341937056,0.0050089859341937056,0.0025044929670968528,5.6650296286071186e-05,,0.0050089859341937056,0.9726186279987777,1.3851189088127782,0.6320644077469308,0.0710399742954182,0.15567845692959012,False,False,False,0.5,0.00515,0.6,0.0018,0.0005,0.000575,0.0031000000000000003,1.025,0.14,0.5,0.5,0.0018,0.0206,0.0016480000000000002,0.017716,4,0.00515,True,0.2631276889758241,0.005548991583959508,0.0022991417872470703,128,128,0.02913695627350843,False,0,0,128,128,0,0,0,1.0,0.9708630437264916,1.0,0.0,0.0,0.0,0.02913695627350843,0.0,0.005492143434474149,True,16,16,16,0.0,0,0.9400261486517063,0.7142857142857143,0.0,True,0.6640625,True,True,0ebb63c88f5f77aed50ea05c4acd25c5c5910e99e35508883be4ccc1e9c7ce12,1011cb3e4def7e319652f26866763650cd3ef750f3b5e97ee1bd34bd773d83e3
l1a-gs-v2-013-1a5f2faf5b,1a5f2faf5beb8af4a3399539983a0c2ecd9661f5afdd812bdc57be7050d60605,sweep_v2,SCREENING_L1A_FIELD_TEST_PARTICLE_WALL_LOSS,13,False,cell-02,1,interior,interior,0.0050089859341937056,0.010300843434769023,0.005291857500575318,0.0076549146844813645,5.984949833154526e-05,0.0050089859341937056,0.010300843434769023,1.0275451457427802,1.0,0.5739180113172337,0.09839881167815746,0.17145099079974235,False,False,False,0.5,0.00515,0.6,0.0018,0.0005,0.000575,0.0031000000000000003,1.025,0.14,0.5,0.5,0.0018,0.0206,0.0016480000000000002,0.017716,4,0.00515,True,0.2631276889758241,0.005548991583959508,0.0022991417872470703,128,128,0.02913695627350843,False,0,0,128,128,0,0,0,1.0,0.9708630437264916,1.0,0.0,0.0,0.0,0.02913695627350843,0.0,0.005492143434474149,True,16,16,16,0.0,0,0.9400261486517063,0.7142857142857143,0.0,True,0.6640625,True,True,0ebb63c88f5f77aed50ea05c4acd25c5c5910e99e35508883be4ccc1e9c7ce12,1011cb3e4def7e319652f26866763650cd3ef750f3b5e97ee1bd34bd773d83e3
l1a-gs-v2-013-1a5f2faf5b,1a5f2faf5beb8af4a3399539983a0c2ecd9661f5afdd812bdc57be7050d60605,sweep_v2,SCREENING_L1A_FIELD_TEST_PARTICLE_WALL_LOSS,13,False,cell-03,2,interior,interior,0.010300843434769023,0.015591006499027258,0.005290163064258235,0.01294592496689814,5.983033470827665e-05,0.010300843434769023,0.015591006499027258,1.0272161289821815,1.0,0.5715507174326291,0.09813031148885865,0.17169134513495848,False,False,False,0.5,0.00515,0.6,0.0018,0.0005,0.000575,0.0031000000000000003,1.025,0.14,0.5,0.5,0.0018,0.0206,0.0016480000000000002,0.017716,4,0.00515,True,0.2631276889758241,0.005548991583959508,0.0022991417872470703,128,128,0.02913695627350843,False,0,0,128,128,0,0,0,1.0,0.9708630437264916,1.0,0.0,0.0,0.0,0.02913695627350843,0.0,0.005492143434474149,True,16,16,16,0.0,0,0.9400261486517063,0.7142857142857143,0.0,True,0.6640625,True,True,0ebb63c88f5f77aed50ea05c4acd25c5c5910e99e35508883be4ccc1e9c7ce12,1011cb3e4def7e319652f26866763650cd3ef750f3b5e97ee1bd34bd773d83e3
l1a-gs-v2-013-1a5f2faf5b,1a5f2faf5beb8af4a3399539983a0c2ecd9661f5afdd812bdc57be7050d60605,sweep_v2,SCREENING_L1A_FIELD_TEST_PARTICLE_WALL_LOSS,13,False,cell-04,3,exit_partial,exit_side,0.015591006499027258,0.017716,0.002124993500972741,0.01665350324951363,2.4033110297695265e-05,0.015591006499027258,,0.4126200972762604,1.0028642647932675,0.6324274037109754,0.09785004305551502,0.15516454681287817,False,False,False,0.5,0.00515,0.6,0.0018,0.0005,0.000575,0.0031000000000000003,1.025,0.14,0.5,0.5,0.0018,0.0206,0.0016480000000000002,0.017716,4,0.00515,True,0.2631276889758241,0.005548991583959508,0.0022991417872470703,128,64,0.17069550747898554,True,384,192,512,256,128,128,0,0.5,0.45685206921855137,0.5431479307814486,0.25,0.25,0.0,0.08629586156289726,0.02209708691207961,0.02209708691207961,False,64,30,30,0.0,0,0.9400261486517063,0.7142857142857143,0.0,True,0.6640625,True,True,0ebb63c88f5f77aed50ea05c4acd25c5c5910e99e35508883be4ccc1e9c7ce12,1011cb3e4def7e319652f26866763650cd3ef750f3b5e97ee1bd34bd773d83e3
l1a-gs-v2-014-454d5ec089,454d5ec089af4b4e8195f60fa83f4b8ef9a684fc4617236961b8fa14085402b3,sweep_v2,SCREENING_L1A_FIELD_TEST_PARTICLE_WALL_LOSS,14,False,cell-01,0,anode_partial,anode_side,0.0,0.005007696964982742,0.005007696964982742,0.002503848482491371,5.6635718387737266e-05,,0.005007696964982742,0.9723683427150955,1.1861490380102921,0.6224410249548451,0.06963466306822015,0.13269865786326043,False,False,False,0.5,0.00515,0.6,0.0018,0.0009,0.000575,0.0031000000000000003,1.025,0.14,0.5,0.5,0.0018,0.0206,0.0016480000000000002,0.017716,4,0.00515,True,0.21515829408866857,0.005497568246795823,0.0035081450574481784,128,119,0.09080503518966632,False,0,0,128,119,0,9,0,0.9296875,0.8717651965063937,0.96257023169606,0.0,0.0703125,0.0,0.09080503518966632,0.022598508721496356,0.023086125921936942,False,16,16,16,0.0,0,0.9202161335618454,0.7042410714285714,0.0,True,0.658203125,True,True,ecfcd91b324eb168120669a347c8a58a6be49afcd16be9ef77ad372c33fa6ac7,96727edd89132dc143799e6638a48d51b15f8a43115797b84408db0535129346
l1a-gs-v2-014-454d5ec089,454d5ec089af4b4e8195f60fa83f4b8ef9a684fc4617236961b8fa14085402b3,sweep_v2,SCREENING_L1A_FIELD_TEST_PARTICLE_WALL_LOSS,14,False,cell-02,1,interior,interior,0.005007696964982742,0.01030047642261263,0.005292779457629888,0.007654086693797686,5.985992542017969e-05,0.005007696964982742,0.01030047642261263,1.0277241665300754,1.0,0.5841726624543848,0.08259708861054015,0.14139156780036716,False,False,False,0.5,0.00515,0.6,0.0018,0.0009,0.000575,0.0031000000000000003,1.025,0.14,0.5,0.5,0.0018,0.0206,0.0016480000000000002,0.017716,4,0.00515,True,0.21515829408866857,0.005497568246795823,0.0035081450574481784,128,128,0.02913695627350843,False,0,0,128,128,0,0,0,1.0,0.9708630437264916,1.0,0.0,0.0,0.0,0.02913695627350843,0.0,0.005492143434474149,True,16,16,16,0.0,0,0.9202161335618454,0.7042410714285714,0.0,True,0.658203125,True,True,ecfcd91b324eb168120669a347c8a58a6be49afcd16be9ef77ad372c33fa6ac7,96727edd89132dc143799e6638a48d51b15f8a43115797b84408db0535129346
l1a-gs-v2-014-454d5ec089,454d5ec089af4b4e8195f60fa83f4b8ef9a684fc4617236961b8fa14085402b3,sweep_v2,SCREENING_L1A_FIELD_TEST_PARTICLE_WALL_LOSS,14,False,cell-03,2,interior,interior,0.01030047642261263,0.015593305430064002,0.005292829007451372,0.012946890926338316,5.986048581545827e-05,0.01030047642261263,0.015593305430064002,1.0277337878546353,1.0,0.5812655398016795,0.08231157437674634,0.14160752485831177,False,False,False,0.5,0.00515,0.6,0.0018,0.0009,0.000575,0.0031000000000000003,1.025,0.14,0.5,0.5,0.0018,0.0206,0.0016480000000000002,0.017716,4,0.00515,True,0.21515829408866857,0.005497568246795823,0.0035081450574481784,128,128,0.02913695627350843,False,0,0,128,128,0,0,0,1.0,0.9708630437264916,1.0,0.0,0.0,0.0,0.02913695627350843,0.0,0.005492143434474149,True,16,16,16,0.0,0,0.9202161335618454,0.7042410714285714,0.0,True,0.658203125,True,True,ecfcd91b324eb168120669a347c8a58a6be49afcd16be9ef77ad372c33fa6ac7,96727edd89132dc143799e6638a48d51b15f8a43115797b84408db0535129346
l1a-gs-v2-014-454d5ec089,454d5ec089af4b4e8195f60fa83f4b8ef9a684fc4617236961b8fa14085402b3,sweep_v2,SCREENING_L1A_FIELD_TEST_PARTICLE_WALL_LOSS,14,False,cell-04,3,exit_partial,exit_side,0.015593305430064002,0.017716,0.0021226945699359973,0.016654652715032,2.4007110000213147e-05,0.015593305430064002,,0.4121737029001937,1.0052105784222947,0.6224655211579976,0.0818849066490492,0.13223475289622277,False,False,False,0.5,0.00515,0.6,0.0018,0.0009,0.000575,0.0031000000000000003,1.025,0.14,0.5,0.5,0.0018,0.0206,0.0016480000000000002,0.017716,4,0.00515,True,0.21515829408866857,0.005497568246795823,0.0035081450574481784,128,64,0.17069550747898554,True,384,192,512,256,128,128,0,0.5,0.45685206921855137,0.5431479307814486,0.25,0.25,0.0,0.08629586156289726,0.02209708691207961,0.02209708691207961,False,64,33,33,0.0,0,0.9202161335618454,0.7042410714285714,0.0,True,0.658203125,True,True,ecfcd91b324eb168120669a347c8a58a6be49afcd16be9ef77ad372c33fa6ac7,96727edd89132dc143799e6638a48d51b15f8a43115797b84408db0535129346
l1a-gs-v2-015-691452be4d,691452be4d9b392cbebda2dea7dbf21883075a9538dd2b31dcf8277af01907ad,sweep_v2,SCREENING_L1A_FIELD_TEST_PARTICLE_WALL_LOSS,15,False,cell-01,0,anode_partial,anode_side,0.0,0.005009196359461368,0.005009196359461368,0.002504598179730684,5.6652676139781255e-05,,0.005009196359461368,0.972659487274052,1.3988378796184866,0.632203182996728,0.07106245362623147,0.1572356081470712,False,False,False,0.5,0.00515,0.6,0.0018,0.0007,0.00035,0.0031000000000000003,1.025,0.14,0.5,0.5,0.0018,0.0206,0.0016480000000000002,0.017716,4,0.00515,True,0.26636857096605343,0.005553887909883909,0.002426075838141754,128,128,0.02913695627350843,False,0,0,128,128,0,0,0,1.0,0.9708630437264916,1.0,0.0,0.0,0.0,0.02913695627350843,0.0,0.005492143434474149,True,16,16,16,0.0,0,0.9400183921027914,0.7142857142857143,0.0,True,0.666015625,True,True,7bc540048e03235c1e14cf623f98d79a5bb75ff3adc6affe1eb4cd400e00a002,7054fa9757114ca4508fc352f46d6e2f9944d400075c16d0ad00ecbdfc7001f3
l1a-gs-v2-015-691452be4d,691452be4d9b392cbebda2dea7dbf21883075a9538dd2b31dcf8277af01907ad,sweep_v2,SCREENING_L1A_FIELD_TEST_PARTICLE_WALL_LOSS,15,False,cell-02,1,interior,interior,0.005009196359461368,0.010300866762674128,0.005291670403212759,0.0076550315610677475,5.9847382310226274e-05,0.005009196359461368,0.010300866762674128,1.0275088161578174,1.0,0.5731000783553173,0.09940485195100465,0.17345112259673165,False,False,False,0.5,0.00515,0.6,0.0018,0.0007,0.00035,0.0031000000000000003,1.025,0.14,0.5,0.5,0.0018,0.0206,0.0016480000000000002,0.017716,4,0.00515,True,0.26636857096605343,0.005553887909883909,0.002426075838141754,128,128,0.02913695627350843,False,0,0,128,128,0,0,0,1.0,0.9708630437264916,1.0,0.0,0.0,0.0,0.02913695627350843,0.0,0.005492143434474149,True,16,16,16,0.0,0,0.9400183921027914,0.7142857142857143,0.0,True,0.666015625,True,True,7bc540048e03235c1e14cf623f98d79a5bb75ff3adc6affe1eb4cd400e00a002,7054fa9757114ca4508fc352f46d6e2f9944d400075c16d0ad00ecbdfc7001f3
l1a-gs-v2-015-691452be4d,691452be4d9b392cbebda2dea7dbf21883075a9538dd2b31dcf8277af01907ad,sweep_v2,SCREENING_L1A_FIELD_TEST_PARTICLE_WALL_LOSS,15,False,cell-03,2,interior,interior,0.010300866762674128,0.015590731668986101,0.005289864906311973,0.012945799215830115,5.982696262134775e-05,0.010300866762674128,0.015590731668986101,1.0271582342353347,0.9999999999999996,0.5707777197939378,0.09914045968144694,0.17369363982399066,False,False,False,0.5,0.00515,0.6,0.0018,0.0007,0.00035,0.0031000000000000003,1.025,0.14,0.5,0.5,0.0018,0.0206,0.0016480000000000002,0.017716,4,0.00515,True,0.26636857096605343,0.005553887909883909,0.002426075838141754,128,128,0.02913695627350843,False,0,0,128,128,0,0,0,1.0,0.9708630437264916,1.0,0.0,0.0,0.0,0.02913695627350843,0.0,0.005492143434474149,True,16,16,16,0.0,0,0.9400183921027914,0.7142857142857143,0.0,True,0.666015625,True,True,7bc540048e03235c1e14cf623f98d79a5bb75ff3adc6affe1eb4cd400e00a002,7054fa9757114ca4508fc352f46d6e2f9944d400075c16d0ad00ecbdfc7001f3
l1a-gs-v2-015-691452be4d,691452be4d9b392cbebda2dea7dbf21883075a9538dd2b31dcf8277af01907ad,sweep_v2,SCREENING_L1A_FIELD_TEST_PARTICLE_WALL_LOSS,15,False,cell-04,3,exit_partial,exit_side,0.015590731668986101,0.017716,0.002125268331013898,0.01665336583449305,2.403621855223309e-05,0.015590731668986101,,0.4126734623327958,1.002664209731862,0.6326100618265063,0.09887703053443943,0.15671653940375713,False,False,False,0.5,0.00515,0.6,0.0018,0.0007,0.00035,0.0031000000000000003,1.025,0.14,0.5,0.5,0.0018,0.0206,0.0016480000000000002,0.017716,4,0.00515,True,0.26636857096605343,0.005553887909883909,0.002426075838141754,128,64,0.17069550747898554,True,384,192,512,256,128,128,0,0.5,0.45685206921855137,0.5431479307814486,0.25,0.25,0.0,0.08629586156289726,0.02209708691207961,0.02209708691207961,False,64,33,33,0.0,0,0.9400183921027914,0.7142857142857143,0.0,True,0.666015625,True,True,7bc540048e03235c1e14cf623f98d79a5bb75ff3adc6affe1eb4cd400e00a002,7054fa9757114ca4508fc352f46d6e2f9944d400075c16d0ad00ecbdfc7001f3
l1a-gs-v2-016-9e4e222280,9e4e222280498b41cc14f81121a72304d98dcfb682e4c5a815ee9a2f8a93c505,sweep_v2,SCREENING_L1A_FIELD_TEST_PARTICLE_WALL_LOSS,16,False,cell-01,0,anode_partial,anode_side,0.0,0.005007744157035655,0.005007744157035655,0.0025038720785178275,5.663625211728153e-05,,0.005007744157035655,0.9723775062205156,1.1727247820140643,0.6214168767477122,0.06982251809176376,0.131767578855249,False,False,False,0.5,0.00515,0.6,0.0018,0.0007,0.0008,0.0031000000000000003,1.025,0.14,0.5,0.5,0.0018,0.0206,0.0016480000000000002,0.017716,4,0.00515,True,0.21292352921568689,0.00549494491082399,0.004254367881080056,128,115,0.10570621457677043,True,384,353,512,468,0,44,0,0.9140625,0.8865969291864807,0.935361044043007,0.0,0.0859375,0.0,0.04876411485652632,0.012386377826138498,0.012438913779235007,True,64,57,57,0.0,0,0.9158000697924862,0.765625,0.0,True,0.658203125,True,True,96ae7c7f77f134d33d489ab61589faf5be7a4b18b833d24ddb49e77ac1d95743,bc1b662b2610e07037e978fed0a158964582df346ac49188b3080b4ac9f7a5cc
l1a-gs-v2-016-9e4e222280,9e4e222280498b41cc14f81121a72304d98dcfb682e4c5a815ee9a2f8a93c505,sweep_v2,SCREENING_L1A_FIELD_TEST_PARTICLE_WALL_LOSS,16,False,cell-02,1,interior,interior,0.005007744157035655,0.01030044871356157,0.005292704556525914,0.007654096435298612,5.985907830865093e-05,0.005007744157035655,0.01030044871356157,1.027709622626391,1.0,0.5848734132351993,0.08188259730883672,0.14000054619666683,False,False,False,0.5,0.00515,0.6,0.0018,0.0007,0.0008,0.0031000000000000003,1.025,0.14,0.5,0.5,0.0018,0.0206,0.0016480000000000002,0.017716,4,0.00515,True,0.21292352921568689,0.00549494491082399,0.004254367881080056,128,128,0.02913695627350843,False,0,0,128,128,0,0,0,1.0,0.9708630437264916,1.0,0.0,0.0,0.0,0.02913695627350843,0.0,0.005492143434474149,True,16,16,16,0.0,0,0.9158000697924862,0.765625,0.0,True,0.658203125,True,True,96ae7c7f77f134d33d489ab61589faf5be7a4b18b833d24ddb49e77ac1d95743,bc1b662b2610e07037e978fed0a158964582df346ac49188b3080b4ac9f7a5cc
l1a-gs-v2-016-9e4e222280,9e4e222280498b41cc14f81121a72304d98dcfb682e4c5a815ee9a2f8a93c505,sweep_v2,SCREENING_L1A_FIELD_TEST_PARTICLE_WALL_LOSS,16,False,cell-03,2,interior,interior,0.01030044871356157,0.015593334099877868,0.005292885386316299,0.012946891406719719,5.986112344539861e-05,0.01030044871356157,0.015593334099877868,1.0277447352070483,1.0,0.5819320420982063,0.08159630031918937,0.14021620123371598,False,False,False,0.5,0.00515,0.6,0.0018,0.0007,0.0008,0.0031000000000000003,1.025,0.14,0.5,0.5,0.0018,0.0206,0.0016480000000000002,0.017716,4,0.00515,True,0.21292352921568689,0.00549494491082399,0.004254367881080056,128,128,0.02913695627350843,False,0,0,128,128,0,0,0,1.0,0.9708630437264916,1.0,0.0,0.0,0.0,0.02913695627350843,0.0,0.005492143434474149,True,16,16,16,0.0,0,0.9158000697924862,0.765625,0.0,True,0.658203125,True,True,96ae7c7f77f134d33d489ab61589faf5be7a4b18b833d24ddb49e77ac1d95743,bc1b662b2610e07037e978fed0a158964582df346ac49188b3080b4ac9f7a5cc
l1a-gs-v2-016-9e4e222280,9e4e222280498b41cc14f81121a72304d98dcfb682e4c5a815ee9a2f8a93c505,sweep_v2,SCREENING_L1A_FIELD_TEST_PARTICLE_WALL_LOSS,16,False,cell-04,3,exit_partial,exit_side,0.015593334099877868,0.017716,0.0021226659001221306,0.016654667049938933,2.4006785752257303e-05,0.015593334099877868,,0.4121681359460448,1.0053311344543743,0.6214264127433632,0.08116360622162001,0.1313048474379653,False,False,False,0.5,0.00515,0.6,0.0018,0.0007,0.0008,0.0031000000000000003,1.025,0.14,0.5,0.5,0.0018,0.0206,0.0016480000000000002,0.017716,4,0.00515,True,0.21292352921568689,0.00549494491082399,0.004254367881080056,128,64,0.17069550747898554,True,384,192,512,256,128,128,0,0.5,0.45685206921855137,0.5431479307814486,0.25,0.25,0.0,0.08629586156289726,0.02209708691207961,0.02209708691207961,False,64,30,30,0.0,0,0.9158000697924862,0.765625,0.0,True,0.658203125,True,True,96ae7c7f77f134d33d489ab61589faf5be7a4b18b833d24ddb49e77ac1d95743,bc1b662b2610e07037e978fed0a158964582df346ac49188b3080b4ac9f7a5cc
l1a-gs-v2-017-55712611a0,55712611a0a189c3bd0ae4f6b51daaeb4f9cdb5eadf59629c2ec85423ee5f382,sweep_v2,SCREENING_L1A_FIELD_TEST_PARTICLE_WALL_LOSS,17,False,cell-01,0,anode_partial,anode_side,0.0,0.005008041982779362,0.005008041982779362,0.002504020991389681,5.663962044708805e-05,,0.005008041982779362,0.972435336462012,1.4457047652271626,0.6403321374631857,0.04539290749417218,0.10248547407260725,False,False,False,0.5,0.00515,0.6,0.0018,0.0007,0.000575,0.0022,1.025,0.14,0.5,0.5,0.0018,0.0206,0.0016480000000000002,0.017716,4,0.00515,True,0.1756681926710046,0.005558574260701542,0.0033703644228758284,128,125,0.05864132865467675,False,0,0,128,125,0,3,0,0.9765625,0.9333562549485678,0.9919975836032445,0.0,0.0234375,0.0,0.05864132865467675,0.01337213275159097,0.014360223193099752,True,16,15,15,0.0,0,0.9334199736464834,0.7109375,0.0,True,0.6875,True,True,4ba207f25a45258f05147ca42d8a5c4a35fe5016bec4a06753bf83565eefbe82,1fc85d696081721eaf8b295e088dc9fb015c3b08d260061e67d3a0d21bb928dd
l1a-gs-v2-017-55712611a0,55712611a0a189c3bd0ae4f6b51daaeb4f9cdb5eadf59629c2ec85423ee5f382,sweep_v2,SCREENING_L1A_FIELD_TEST_PARTICLE_WALL_LOSS,17,False,cell-02,1,interior,interior,0.005008041982779362,0.010300935351639982,0.00529289336886062,0.007654488667209672,5.9861213725847955e-05,0.005008041982779362,0.010300935351639982,1.0277462852156543,1.0,0.5735833766992791,0.0656247426718405,0.11441186292650622,False,False,False,0.5,0.00515,0.6,0.0018,0.0007,0.000575,0.0022,1.025,0.14,0.5,0.5,0.0018,0.0206,0.0016480000000000002,0.017716,4,0.00515,True,0.1756681926710046,0.005558574260701542,0.0033703644228758284,128,128,0.02913695627350843,False,0,0,128,128,0,0,0,1.0,0.9708630437264916,1.0,0.0,0.0,0.0,0.02913695627350843,0.0,0.005492143434474149,True,16,16,16,0.0,0,0.9334199736464834,0.7109375,0.0,True,0.6875,True,True,4ba207f25a45258f05147ca42d8a5c4a35fe5016bec4a06753bf83565eefbe82,1fc85d696081721eaf8b295e088dc9fb015c3b08d260061e67d3a0d21bb928dd
l1a-gs-v2-017-55712611a0,55712611a0a189c3bd0ae4f6b51daaeb4f9cdb5eadf59629c2ec85423ee5f382,sweep_v2,SCREENING_L1A_FIELD_TEST_PARTICLE_WALL_LOSS,17,False,cell-03,2,interior,interior,0.010300935351639982,0.015591688474184977,0.0052907531225449955,0.01294631191291248,5.983700811028062e-05,0.010300935351639982,0.015591688474184977,1.0273307034067953,1.0,0.5712024060414023,0.06543840232565289,0.11456254671467496,False,False,False,0.5,0.00515,0.6,0.0018,0.0007,0.000575,0.0022,1.025,0.14,0.5,0.5,0.0018,0.0206,0.0016480000000000002,0.017716,4,0.00515,True,0.1756681926710046,0.005558574260701542,0.0033703644228758284,128,128,0.02913695627350843,False,0,0,128,128,0,0,0,1.0,0.9708630437264916,1.0,0.0,0.0,0.0,0.02913695627350843,0.0,0.005492143434474149,True,16,16,16,0.0,0,0.9334199736464834,0.7109375,0.0,True,0.6875,True,True,4ba207f25a45258f05147ca42d8a5c4a35fe5016bec4a06753bf83565eefbe82,1fc85d696081721eaf8b295e088dc9fb015c3b08d260061e67d3a0d21bb928dd
l1a-gs-v2-017-55712611a0,55712611a0a189c3bd0ae4f6b51daaeb4f9cdb5eadf59629c2ec85423ee5f382,sweep_v2,SCREENING_L1A_FIELD_TEST_PARTICLE_WALL_LOSS,17,False,cell-04,3,exit_partial,exit_side,0.015591688474184977,0.017716,0.002124311525815022,0.01665384423709249,2.402539734037175e-05,0.015591688474184977,,0.4124876749155382,1.0034563182685385,0.6405521086476963,0.06521300542366079,0.10215937383112107,False,False,False,0.5,0.00515,0.6,0.0018,0.0007,0.000575,0.0022,1.025,0.14,0.5,0.5,0.0018,0.0206,0.0016480000000000002,0.017716,4,0.00515,True,0.1756681926710046,0.005558574260701542,0.0033703644228758284,128,64,0.17069550747898554,True,384,192,512,256,128,128,0,0.5,0.45685206921855137,0.5431479307814486,0.25,0.25,0.0,0.08629586156289726,0.02209708691207961,0.02209708691207961,False,64,31,31,0.0,0,0.9334199736464834,0.7109375,0.0,True,0.6875,True,True,4ba207f25a45258f05147ca42d8a5c4a35fe5016bec4a06753bf83565eefbe82,1fc85d696081721eaf8b295e088dc9fb015c3b08d260061e67d3a0d21bb928dd
l1a-gs-v2-018-99a8ddb38f,99a8ddb38f6b204142b49b4248bba01877db71c1f56f8e2c49b702a94e1400e7,sweep_v2,SCREENING_L1A_FIELD_TEST_PARTICLE_WALL_LOSS,18,False,cell-01,0,anode_partial,anode_side,0.0,0.005013437976889826,0.005013437976889826,0.002506718988444913,5.670064770273054e-05,,0.005013437976889826,0.973483102308704,1.153785966331912,0.6141136553435976,0.09152212615029721,0.17195016564481078,False,False,False,0.5,0.00515,0.6,0.0018,0.0007,0.000575,0.004,1.025,0.14,0.5,0.5,0.0018,0.0206,0.0016480000000000002,0.017716,4,0.00515,True,0.2748849885901428,0.005499407421373245,0.0024954188850991837,128,118,0.0948595567538082,False,0,0,128,118,0,10,0,0.921875,0.8621530681952095,0.9570126249490177,0.0,0.078125,0.0,0.0948595567538082,0.02372062070603734,0.02416902492487775,False,16,16,16,0.0,0,0.9178264750898315,0.703125,0.0,True,0.654296875,True,True,0d1d4e995595d2b52983499803450d1ff8047b81bbf3186cf4d8b29cec9c539d,f9c9db81d64bc2c05a86f84110c078bd48f2093a980762aba099ff99c3990e1d
l1a-gs-v2-018-99a8ddb38f,99a8ddb38f6b204142b49b4248bba01877db71c1f56f8e2c49b702a94e1400e7,sweep_v2,SCREENING_L1A_FIELD_TEST_PARTICLE_WALL_LOSS,18,False,cell-02,1,interior,interior,0.005013437976889826,0.010300400042296296,0.00528696206540647,0.007656919009593061,5.979413226415999e-05,0.005013437976889826,0.010300400042296296,1.0265945758070816,1.0,0.5855357688080464,0.10559694476107184,0.18034243232660518,False,False,False,0.5,0.00515,0.6,0.0018,0.0007,0.000575,0.004,1.025,0.14,0.5,0.5,0.0018,0.0206,0.0016480000000000002,0.017716,4,0.00515,True,0.2748849885901428,0.005499407421373245,0.0024954188850991837,128,128,0.02913695627350843,False,0,0,128,128,0,0,0,1.0,0.9708630437264916,1.0,0.0,0.0,0.0,0.02913695627350843,0.0,0.005492143434474149,True,16,16,16,0.0,0,0.9178264750898315,0.703125,0.0,True,0.654296875,True,True,0d1d4e995595d2b52983499803450d1ff8047b81bbf3186cf4d8b29cec9c539d,f9c9db81d64bc2c05a86f84110c078bd48f2093a980762aba099ff99c3990e1d
l1a-gs-v2-018-99a8ddb38f,99a8ddb38f6b204142b49b4248bba01877db71c1f56f8e2c49b702a94e1400e7,sweep_v2,SCREENING_L1A_FIELD_TEST_PARTICLE_WALL_LOSS,18,False,cell-03,2,interior,interior,0.010300400042296296,0.015587777349271944,0.005287377306975647,0.01294408869578412,5.979882853566748e-05,0.010300400042296296,0.015587777349271944,1.0266752052379897,0.9999999999999996,0.5826889476025598,0.10525893822202341,0.18064344390794645,False,False,False,0.5,0.00515,0.6,0.0018,0.0007,0.000575,0.004,1.025,0.14,0.5,0.5,0.0018,0.0206,0.0016480000000000002,0.017716,4,0.00515,True,0.2748849885901428,0.005499407421373245,0.0024954188850991837,128,128,0.02913695627350843,False,0,0,128,128,0,0,0,1.0,0.9708630437264916,1.0,0.0,0.0,0.0,0.02913695627350843,0.0,0.005492143434474149,True,16,16,16,0.0,0,0.9178264750898315,0.703125,0.0,True,0.654296875,True,True,0d1d4e995595d2b52983499803450d1ff8047b81bbf3186cf4d8b29cec9c539d,f9c9db81d64bc2c05a86f84110c078bd48f2093a980762aba099ff99c3990e1d
l1a-gs-v2-018-99a8ddb38f,99a8ddb38f6b204142b49b4248bba01877db71c1f56f8e2c49b702a94e1400e7,sweep_v2,SCREENING_L1A_FIELD_TEST_PARTICLE_WALL_LOSS,18,False,cell-04,3,exit_partial,exit_side,0.015587777349271944,0.017716,0.0021282226507280556,0.016651888674635972,2.4069631121030358e-05,0.015587777349271944,,0.4132471166462244,1.0041802016522416,0.614395404012968,0.10482076628162369,0.1713211679881018,False,False,False,0.5,0.00515,0.6,0.0018,0.0007,0.000575,0.004,1.025,0.14,0.5,0.5,0.0018,0.0206,0.0016480000000000002,0.017716,4,0.00515,True,0.2748849885901428,0.005499407421373245,0.0024954188850991837,128,64,0.17069550747898554,True,384,192,512,256,128,128,0,0.5,0.45685206921855137,0.5431479307814486,0.25,0.25,0.0,0.08629586156289726,0.02209708691207961,0.02209708691207961,False,64,32,32,0.0,0,0.9178264750898315,0.703125,0.0,True,0.654296875,True,True,0d1d4e995595d2b52983499803450d1ff8047b81bbf3186cf4d8b29cec9c539d,f9c9db81d64bc2c05a86f84110c078bd48f2093a980762aba099ff99c3990e1d
l1a-gs-v2-019-9166fdf853,9166fdf8533d850abfdef128d02d48c523da4bcb2dd1d86a1e20eec677b62e24,sweep_v2,SCREENING_L1A_FIELD_TEST_PARTICLE_WALL_LOSS,19,False,cell-01,0,anode_partial,anode_side,0.0,0.005008056869849079,0.005008056869849079,0.0025040284349245397,5.663978881587994e-05,,0.005008056869849079,0.972438227155161,1.277038327782704,0.6282317078877377,0.05138740875197607,0.10445778160792303,False,False,False,0.5,0.00515,0.6,0.0018,0.0007,0.000575,0.0031000000000000003,0.75,0.14,0.5,0.5,0.0018,0.0206,0.0016480000000000002,0.017716,4,0.00515,True,0.17292479788162352,0.005517986030914998,0.0022134019341322813,128,125,0.05864132865467675,False,0,0,128,125,0,3,0,0.9765625,0.9333562549485678,0.9919975836032445,0.0,0.0234375,0.0,0.05864132865467675,0.01337213275159097,0.014360223193099752,True,16,14,14,0.0,0,0.9334418301577497,0.7109375,0.0,True,0.666015625,True,True,f6027979ff3f5921e378ef95b2261d6a49dbc35c7c1b039382492aa669cbb4c8,093ec570065505291e8423d77e0f9019ba56945750095332fdcb3c5f01074995
l1a-gs-v2-019-9166fdf853,9166fdf8533d850abfdef128d02d48c523da4bcb2dd1d86a1e20eec677b62e24,sweep_v2,SCREENING_L1A_FIELD_TEST_PARTICLE_WALL_LOSS,19,False,cell-02,1,interior,interior,0.005008056869849079,0.010300652063986056,0.005292595194136977,0.0076543544669175675,5.985784144917134e-05,0.005008056869849079,0.010300652063986056,1.0276883872110636,1.0,0.5797071055733436,0.0656236905417098,0.11320145968679557,False,False,False,0.5,0.00515,0.6,0.0018,0.0007,0.000575,0.0031000000000000003,0.75,0.14,0.5,0.5,0.0018,0.0206,0.0016480000000000002,0.017716,4,0.00515,True,0.17292479788162352,0.005517986030914998,0.0022134019341322813,128,128,0.02913695627350843,False,0,0,128,128,0,0,0,1.0,0.9708630437264916,1.0,0.0,0.0,0.0,0.02913695627350843,0.0,0.005492143434474149,True,16,16,16,0.0,0,0.9334418301577497,0.7109375,0.0,True,0.666015625,True,True,f6027979ff3f5921e378ef95b2261d6a49dbc35c7c1b039382492aa669cbb4c8,093ec570065505291e8423d77e0f9019ba56945750095332fdcb3c5f01074995
l1a-gs-v2-019-9166fdf853,9166fdf8533d850abfdef128d02d48c523da4bcb2dd1d86a1e20eec677b62e24,sweep_v2,SCREENING_L1A_FIELD_TEST_PARTICLE_WALL_LOSS,19,False,cell-03,2,interior,interior,0.010300652063986056,0.01559246359192356,0.005291811527937503,0.012946557827954808,5.984897839326085e-05,0.010300652063986056,0.01559246359192356,1.027536219016991,1.0,0.5770309280547685,0.06541594182690963,0.11336643955538674,False,False,False,0.5,0.00515,0.6,0.0018,0.0007,0.000575,0.0031000000000000003,0.75,0.14,0.5,0.5,0.0018,0.0206,0.0016480000000000002,0.017716,4,0.00515,True,0.17292479788162352,0.005517986030914998,0.0022134019341322813,128,128,0.02913695627350843,False,0,0,128,128,0,0,0,1.0,0.9708630437264916,1.0,0.0,0.0,0.0,0.02913695627350843,0.0,0.005492143434474149,True,16,16,16,0.0,0,0.9334418301577497,0.7109375,0.0,True,0.666015625,True,True,f6027979ff3f5921e378ef95b2261d6a49dbc35c7c1b039382492aa669cbb4c8,093ec570065505291e8423d77e0f9019ba56945750095332fdcb3c5f01074995
l1a-gs-v2-019-9166fdf853,9166fdf8533d850abfdef128d02d48c523da4bcb2dd1d86a1e20eec677b62e24,sweep_v2,SCREENING_L1A_FIELD_TEST_PARTICLE_WALL_LOSS,19,False,cell-04,3,exit_partial,exit_side,0.01559246359192356,0.017716,0.0021235364080764395,0.01665423179596178,2.4016630965276238e-05,0.01559246359192356,,0.4123371666167844,1.004292740203355,0.628374112118284,0.06513632849089782,0.10410349593554842,False,False,False,0.5,0.00515,0.6,0.0018,0.0007,0.000575,0.0031000000000000003,0.75,0.14,0.5,0.5,0.0018,0.0206,0.0016480000000000002,0.017716,4,0.00515,True,0.17292479788162352,0.005517986030914998,0.0022134019341322813,128,64,0.17069550747898554,True,384,192,512,256,128,128,0,0.5,0.45685206921855137,0.5431479307814486,0.25,0.25,0.0,0.08629586156289726,0.02209708691207961,0.02209708691207961,False,64,33,33,0.0,0,0.9334418301577497,0.7109375,0.0,True,0.666015625,True,True,f6027979ff3f5921e378ef95b2261d6a49dbc35c7c1b039382492aa669cbb4c8,093ec570065505291e8423d77e0f9019ba56945750095332fdcb3c5f01074995
l1a-gs-v2-020-b517ae2748,b517ae27489366cdf22a9e5793c27035a84555b2715109b908282214d320bebb,sweep_v2,SCREENING_L1A_FIELD_TEST_PARTICLE_WALL_LOSS,20,False,cell-01,0,anode_partial,anode_side,0.0,0.005008056869849081,0.005008056869849081,0.0025040284349245405,5.663978881587996e-05,,0.005008056869849081,0.9724382271551614,1.2770383277826918,0.6282317078877376,0.08907150850342616,0.18106015478706686,False,False,False,0.5,0.00515,0.6,0.0018,0.0007,0.000575,0.0031000000000000003,1.3,0.14,0.5,0.5,0.0018,0.0206,0.0016480000000000002,0.017716,4,0.00515,True,0.2997363163281446,0.00551798603091538,0.0022134019341326734,128,125,0.05864132865467675,False,0,0,128,125,0,3,0,0.9765625,0.9333562549485678,0.9919975836032445,0.0,0.0234375,0.0,0.05864132865467675,0.01337213275159097,0.014360223193099752,True,16,16,16,0.0,0,0.9334418301577497,0.7109375,0.0,True,0.658203125,True,True,57369f45d6a5192cfd1146d0570a1370398fb7192bab17f629a7748c7c806e1d,f66921c632a71d441df446e271c8a2118c9498e00e5c2d4e8e2976b5df0f7415
l1a-gs-v2-020-b517ae2748,b517ae27489366cdf22a9e5793c27035a84555b2715109b908282214d320bebb,sweep_v2,SCREENING_L1A_FIELD_TEST_PARTICLE_WALL_LOSS,20,False,cell-02,1,interior,interior,0.005008056869849081,0.010300652063986056,0.005292595194136975,0.007654354466917569,5.985784144917132e-05,0.005008056869849081,0.010300652063986056,1.0276883872110631,1.0,0.5797071055733447,0.11374773027229715,0.19621586345711223,False,False,False,0.5,0.00515,0.6,0.0018,0.0007,0.000575,0.0031000000000000003,1.3,0.14,0.5,0.5,0.0018,0.0206,0.0016480000000000002,0.017716,4,0.00515,True,0.2997363163281446,0.00551798603091538,0.0022134019341326734,128,128,0.02913695627350843,False,0,0,128,128,0,0,0,1.0,0.9708630437264916,1.0,0.0,0.0,0.0,0.02913695627350843,0.0,0.005492143434474149,True,16,16,16,0.0,0,0.9334418301577497,0.7109375,0.0,True,0.658203125,True,True,57369f45d6a5192cfd1146d0570a1370398fb7192bab17f629a7748c7c806e1d,f66921c632a71d441df446e271c8a2118c9498e00e5c2d4e8e2976b5df0f7415
l1a-gs-v2-020-b517ae2748,b517ae27489366cdf22a9e5793c27035a84555b2715109b908282214d320bebb,sweep_v2,SCREENING_L1A_FIELD_TEST_PARTICLE_WALL_LOSS,20,False,cell-03,2,interior,interior,0.010300652063986056,0.01559246359192356,0.005291811527937503,0.012946557827954808,5.984897839326085e-05,0.010300652063986056,0.01559246359192356,1.027536219016991,1.0,0.577030928054768,0.11338763249997673,0.1965018285626706,False,False,False,0.5,0.00515,0.6,0.0018,0.0007,0.000575,0.0031000000000000003,1.3,0.14,0.5,0.5,0.0018,0.0206,0.0016480000000000002,0.017716,4,0.00515,True,0.2997363163281446,0.00551798603091538,0.0022134019341326734,128,128,0.02913695627350843,False,0,0,128,128,0,0,0,1.0,0.9708630437264916,1.0,0.0,0.0,0.0,0.02913695627350843,0.0,0.005492143434474149,True,16,16,16,0.0,0,0.9334418301577497,0.7109375,0.0,True,0.658203125,True,True,57369f45d6a5192cfd1146d0570a1370398fb7192bab17f629a7748c7c806e1d,f66921c632a71d441df446e271c8a2118c9498e00e5c2d4e8e2976b5df0f7415
l1a-gs-v2-020-b517ae2748,b517ae27489366cdf22a9e5793c27035a84555b2715109b908282214d320bebb,sweep_v2,SCREENING_L1A_FIELD_TEST_PARTICLE_WALL_LOSS,20,False,cell-04,3,exit_partial,exit_side,0.01559246359192356,0.017716,0.0021235364080764395,0.01665423179596178,2.4016630965276238e-05,0.01559246359192356,,0.4123371666167844,1.0042927402033532,0.6283741121182838,0.11290296938422312,0.1804460596216174,False,False,False,0.5,0.00515,0.6,0.0018,0.0007,0.000575,0.0031000000000000003,1.3,0.14,0.5,0.5,0.0018,0.0206,0.0016480000000000002,0.017716,4,0.00515,True,0.2997363163281446,0.00551798603091538,0.0022134019341326734,128,64,0.17069550747898554,True,384,192,512,256,128,128,0,0.5,0.45685206921855137,0.5431479307814486,0.25,0.25,0.0,0.08629586156289726,0.02209708691207961,0.02209708691207961,False,64,26,26,0.0,0,0.9334418301577497,0.7109375,0.0,True,0.658203125,True,True,57369f45d6a5192cfd1146d0570a1370398fb7192bab17f629a7748c7c806e1d,f66921c632a71d441df446e271c8a2118c9498e00e5c2d4e8e2976b5df0f7415
l1a-gs-v2-021-5e0b38a851,5e0b38a85189a6eb34d8bda4fdd886532833158fa6ac763eae2f0c59287cdecc,sweep_v2,SCREENING_L1A_FIELD_TEST_PARTICLE_WALL_LOSS,21,False,cell-01,0,anode_partial,anode_side,0.0,0.0050122245886952835,0.0050122245886952835,0.0025061122943476418,5.6686924605554005e-05,,0.0050122245886952835,0.9732474929505405,1.6082744388777583,0.6300048040200407,0.07162586366722298,0.18284629730358928,False,False,False,0.5,0.00515,0.6,0.0018,0.0007,0.000575,0.0031000000000000003,1.025,0.0,0.5,0.5,0.0018,0.0206,0.0016480000000000002,0.0206,4,0.00515,False,0.32019684540288706,0.005647331964298755,0.002215942781809518,128,128,0.02913695627350843,False,0,0,128,128,0,0,0,1.0,0.9708630437264916,1.0,0.0,0.0,0.0,0.02913695627350843,0.0,0.005492143434474149,True,16,16,16,0.0,0,1.0,1.0,0.0,True,0.8515625,True,True,6f28688a0c2600d3bb844697a5ac22ce5ecb4e0135d1645c992278150a46039b,69a6251cc24359566c44522ef9d771030ef313c4a68960fde89929f597973c66
l1a-gs-v2-021-5e0b38a851,5e0b38a85189a6eb34d8bda4fdd886532833158fa6ac763eae2f0c59287cdecc,sweep_v2,SCREENING_L1A_FIELD_TEST_PARTICLE_WALL_LOSS,21,False,cell-02,1,interior,interior,0.0050122245886952835,0.010301204994766524,0.00528898040607124,0.007656714791730903,5.981695915929757e-05,0.0050122245886952835,0.010301204994766524,1.0269864866157747,1.0,0.5590559833170125,0.11519404569853786,0.2060510022897244,False,False,False,0.5,0.00515,0.6,0.0018,0.0007,0.000575,0.0031000000000000003,1.025,0.0,0.5,0.5,0.0018,0.0206,0.0016480000000000002,0.0206,4,0.00515,False,0.32019684540288706,0.005647331964298755,0.002215942781809518,128,128,0.02913695627350843,False,0,0,128,128,0,0,0,1.0,0.9708630437264916,1.0,0.0,0.0,0.0,0.02913695627350843,0.0,0.005492143434474149,True,16,16,16,0.0,0,1.0,1.0,0.0,True,0.8515625,True,True,6f28688a0c2600d3bb844697a5ac22ce5ecb4e0135d1645c992278150a46039b,69a6251cc24359566c44522ef9d771030ef313c4a68960fde89929f597973c66
l1a-gs-v2-021-5e0b38a851,5e0b38a85189a6eb34d8bda4fdd886532833158fa6ac763eae2f0c59287cdecc,sweep_v2,SCREENING_L1A_FIELD_TEST_PARTICLE_WALL_LOSS,21,False,cell-03,2,interior,interior,0.010301204994766524,0.015586756080553715,0.005285551085787191,0.012943980537660119,5.9778174460617335e-05,0.010301204994766524,0.015586756080553715,1.0263205991819788,1.0,0.5574698386734911,0.11502362656421,0.2063315691444593,False,False,False,0.5,0.00515,0.6,0.0018,0.0007,0.000575,0.0031000000000000003,1.025,0.0,0.5,0.5,0.0018,0.0206,0.0016480000000000002,0.0206,4,0.00515,False,0.32019684540288706,0.005647331964298755,0.002215942781809518,128,128,0.02913695627350843,False,0,0,128,128,0,0,0,1.0,0.9708630437264916,1.0,0.0,0.0,0.0,0.02913695627350843,0.0,0.005492143434474149,True,16,16,16,0.0,0,1.0,1.0,0.0,True,0.8515625,True,True,6f28688a0c2600d3bb844697a5ac22ce5ecb4e0135d1645c992278150a46039b,69a6251cc24359566c44522ef9d771030ef313c4a68960fde89929f597973c66
l1a-gs-v2-021-5e0b38a851,5e0b38a85189a6eb34d8bda4fdd886532833158fa6ac763eae2f0c59287cdecc,sweep_v2,SCREENING_L1A_FIELD_TEST_PARTICLE_WALL_LOSS,21,False,cell-04,3,exit_partial,exit_side,0.015586756080553715,0.0206,0.005013243919446285,0.01809337804027686,5.669845296475014e-05,0.015586756080553715,,0.9734454212517059,1.6079327038737943,0.6310762230719366,0.0715350998751986,0.1822658220338281,False,False,False,0.5,0.00515,0.6,0.0018,0.0007,0.000575,0.0031000000000000003,1.025,0.0,0.5,0.5,0.0018,0.0206,0.0016480000000000002,0.0206,4,0.00515,False,0.32019684540288706,0.005647331964298755,0.002215942781809518,128,128,0.02913695627350843,False,0,0,128,128,0,0,0,1.0,0.9708630437264916,1.0,0.0,0.0,0.0,0.02913695627350843,0.0,0.005492143434474149,True,16,16,16,0.0,0,1.0,1.0,0.0,True,0.8515625,True,True,6f28688a0c2600d3bb844697a5ac22ce5ecb4e0135d1645c992278150a46039b,69a6251cc24359566c44522ef9d771030ef313c4a68960fde89929f597973c66
l1a-gs-v2-022-4a12458d8a,4a12458d8abf3a17c77b1a9532d5a75998965a4fac6018d88ee071793c45f371,sweep_v2,SCREENING_L1A_FIELD_TEST_PARTICLE_WALL_LOSS,22,False,cell-01,0,anode_partial,anode_side,0.0,0.00500805686984908,0.00500805686984908,0.00250402843492454,5.663978881587995e-05,,0.00500805686984908,0.9724382271551612,1.277038327782693,0.6282317078877385,0.07022945862770126,0.1427589681974947,False,False,False,0.5,0.00515,0.6,0.0018,0.0007,0.000575,0.0031000000000000003,1.025,0.28,0.5,0.5,0.0018,0.0206,0.0016480000000000002,0.014832,4,0.00515,True,0.23633055710488796,0.005517986030914904,0.0022134019341323095,128,126,0.05088552696967308,False,0,0,128,126,0,2,0,0.984375,0.9448190233201829,0.9957045502898559,0.0,0.015625,0.0,0.05088552696967308,0.010961886875314282,0.012184860794534208,True,16,16,16,0.0,0,0.9541484266219497,0.9088541666666666,0.0,True,0.76953125,True,True,1ab906ef046d0664110d950fecf307da151c76c6966f05e061fb4380b1ae1422,50bf10ff395ab33347ed59bb570fbd6096d28bf550352452253d3039234e6fcb
l1a-gs-v2-022-4a12458d8a,4a12458d8abf3a17c77b1a9532d5a75998965a4fac6018d88ee071793c45f371,sweep_v2,SCREENING_L1A_FIELD_TEST_PARTICLE_WALL_LOSS,22,False,cell-02,1,interior,interior,0.00500805686984908,0.010300652063986056,0.005292595194136976,0.007654354466917568,5.9857841449171326e-05,0.00500805686984908,0.010300652063986056,1.0276883872110634,1.0,0.5797071055733443,0.08968571040700345,0.15470866157195387,False,False,False,0.5,0.00515,0.6,0.0018,0.0007,0.000575,0.0031000000000000003,1.025,0.28,0.5,0.5,0.0018,0.0206,0.0016480000000000002,0.014832,4,0.00515,True,0.23633055710488796,0.005517986030914904,0.0022134019341323095,128,128,0.02913695627350843,False,0,0,128,128,0,0,0,1.0,0.9708630437264916,1.0,0.0,0.0,0.0,0.02913695627350843,0.0,0.005492143434474149,True,16,16,16,0.0,0,0.9541484266219497,0.9088541666666666,0.0,True,0.76953125,True,True,1ab906ef046d0664110d950fecf307da151c76c6966f05e061fb4380b1ae1422,50bf10ff395ab33347ed59bb570fbd6096d28bf550352452253d3039234e6fcb
l1a-gs-v2-022-4a12458d8a,4a12458d8abf3a17c77b1a9532d5a75998965a4fac6018d88ee071793c45f371,sweep_v2,SCREENING_L1A_FIELD_TEST_PARTICLE_WALL_LOSS,22,False,cell-03,2,exit_partial,exit_side,0.010300652063986056,0.014832,0.004531347936013943,0.012566326031993029,5.1248337791906433e-05,0.010300652063986056,,0.8798733856337754,1.0,0.6000912638195248,0.09297462031626638,0.15493413405902898,False,False,False,0.5,0.00515,0.6,0.0018,0.0007,0.000575,0.0031000000000000003,1.025,0.28,0.5,0.5,0.0018,0.0206,0.0016480000000000002,0.014832,4,0.00515,True,0.23633055710488796,0.005517986030914904,0.0022134019341323095,128,109,0.12309266007281039,True,384,335,512,444,0,68,0,0.8671875,0.8350392877789226,0.8938668394245854,0.0,0.1328125,0.0,0.05882755164566289,0.014998264212312177,0.015032417283461833,True,64,54,54,0.0,0,0.9541484266219497,0.9088541666666666,0.0,True,0.76953125,True,True,1ab906ef046d0664110d950fecf307da151c76c6966f05e061fb4380b1ae1422,50bf10ff395ab33347ed59bb570fbd6096d28bf550352452253d3039234e6fcb
l1a-gs-v2-023-09c1438b40,09c1438b401c9d5a007b2519aea08e88a35964f85650b73ccd0b9dec4c93842f,sweep_v2,SCREENING_L1A_FIELD_TEST_PARTICLE_WALL_LOSS,23,False,cell-01,0,anode_partial,anode_side,0.0,0.0050099198814601365,0.0050099198814601365,0.0025049599407300682,5.6660858980807e-05,,0.0050099198814601365,0.9727999769825507,1.4468504958706512,0.6326489113297545,0.07120718390027578,0.16284885264264132,False,False,False,0.5,0.00515,0.6,0.0018,0.0007,0.000575,0.0031000000000000003,1.025,0.14,0.0,0.5,0.0018,0.0206,0.0016480000000000002,0.017716,4,0.00515,True,0.2780360721525282,0.005572031751586626,0.002399468989697512,128,128,0.02913695627350843,False,0,0,128,128,0,0,0,1.0,0.9708630437264916,1.0,0.0,0.0,0.0,0.02913695627350843,0.0,0.005492143434474149,True,16,16,16,0.0,0,0.9399917296577797,0.7142857142857143,0.0,True,0.6796875,True,True,75f87b9ec7a287480c0526344b80dc9f1758383a29ae28b97dac671cb74fc401,b23ac710872672f86e532bc98d79cf3ab957c5bb96750d41238ddf78fd0a8d8c
l1a-gs-v2-023-09c1438b40,09c1438b401c9d5a007b2519aea08e88a35964f85650b73ccd0b9dec4c93842f,sweep_v2,SCREENING_L1A_FIELD_TEST_PARTICLE_WALL_LOSS,23,False,cell-02,1,interior,interior,0.0050099198814601365,0.010300946862410558,0.0052910269809504215,0.007655433371935347,5.984010537587721e-05,0.0050099198814601365,0.010300946862410558,1.0273838797961983,1.0,0.5703029326012117,0.10302614933566666,0.18065162117570316,False,False,False,0.5,0.00515,0.6,0.0018,0.0007,0.000575,0.0031000000000000003,1.025,0.14,0.0,0.5,0.0018,0.0206,0.0016480000000000002,0.017716,4,0.00515,True,0.2780360721525282,0.005572031751586626,0.002399468989697512,128,128,0.02913695627350843,False,0,0,128,128,0,0,0,1.0,0.9708630437264916,1.0,0.0,0.0,0.0,0.02913695627350843,0.0,0.005492143434474149,True,16,16,16,0.0,0,0.9399917296577797,0.7142857142857143,0.0,True,0.6796875,True,True,75f87b9ec7a287480c0526344b80dc9f1758383a29ae28b97dac671cb74fc401,b23ac710872672f86e532bc98d79cf3ab957c5bb96750d41238ddf78fd0a8d8c
l1a-gs-v2-023-09c1438b40,09c1438b401c9d5a007b2519aea08e88a35964f85650b73ccd0b9dec4c93842f,sweep_v2,SCREENING_L1A_FIELD_TEST_PARTICLE_WALL_LOSS,23,False,cell-03,2,interior,interior,0.010300946862410558,0.015589786965234451,0.005288840102823893,0.012945366913822504,5.9815372366953457e-05,0.010300946862410558,0.015589786965234451,1.0269592432667753,1.0,0.5681321238383101,0.10277619606274349,0.18090192712284212,False,False,False,0.5,0.00515,0.6,0.0018,0.0007,0.000575,0.0031000000000000003,1.025,0.14,0.0,0.5,0.0018,0.0206,0.0016480000000000002,0.017716,4,0.00515,True,0.2780360721525282,0.005572031751586626,0.002399468989697512,128,128,0.02913695627350843,False,0,0,128,128,0,0,0,1.0,0.9708630437264916,1.0,0.0,0.0,0.0,0.02913695627350843,0.0,0.005492143434474149,True,16,16,16,0.0,0,0.9399917296577797,0.7142857142857143,0.0,True,0.6796875,True,True,75f87b9ec7a287480c0526344b80dc9f1758383a29ae28b97dac671cb74fc401,b23ac710872672f86e532bc98d79cf3ab957c5bb96750d41238ddf78fd0a8d8c
l1a-gs-v2-023-09c1438b40,09c1438b401c9d5a007b2519aea08e88a35964f85650b73ccd0b9dec4c93842f,sweep_v2,SCREENING_L1A_FIELD_TEST_PARTICLE_WALL_LOSS,23,False,cell-04,3,exit_partial,exit_side,0.015589786965234451,0.017716,0.002126213034765548,0.016652893482617226,2.4046902899950698e-05,0.015589786965234451,,0.4128568999544754,1.0020600959679924,0.6331832008094764,0.10256490252060327,0.16231668169868052,False,False,False,0.5,0.00515,0.6,0.0018,0.0007,0.000575,0.0031000000000000003,1.025,0.14,0.0,0.5,0.0018,0.0206,0.0016480000000000002,0.017716,4,0.00515,True,0.2780360721525282,0.005572031751586626,0.002399468989697512,128,64,0.17069550747898554,True,384,192,512,256,128,128,0,0.5,0.45685206921855137,0.5431479307814486,0.25,0.25,0.0,0.08629586156289726,0.02209708691207961,0.02209708691207961,False,64,34,34,0.0,0,0.9399917296577797,0.7142857142857143,0.0,True,0.6796875,True,True,75f87b9ec7a287480c0526344b80dc9f1758383a29ae28b97dac671cb74fc401,b23ac710872672f86e532bc98d79cf3ab957c5bb96750d41238ddf78fd0a8d8c
l1a-gs-v2-024-8ebc8e6892,8ebc8e68928df28e1ee13ac4416f4a5ef37d00ccd61226b4291e0597df7cc809,sweep_v2,SCREENING_L1A_FIELD_TEST_PARTICLE_WALL_LOSS,24,False,cell-01,0,anode_partial,anode_side,0.0,0.005008054315324405,0.005008054315324405,0.0025040271576622026,5.6639759924886524e-05,,0.005008054315324405,0.9724377311309524,1.1307783390935462,0.617740584044297,0.06856654020578772,0.12551151802862884,False,False,False,0.5,0.00515,0.6,0.0018,0.0007,0.000575,0.0031000000000000003,1.025,0.14,1.0,0.5,0.0018,0.0206,0.0016480000000000002,0.017716,4,0.00515,True,0.20054063198667488,0.005487205841587918,0.005986494261045801,128,114,0.10895565567467624,True,384,335,512,449,0,63,0,0.876953125,0.8456598964509836,0.9026320320079368,0.0,0.123046875,0.0,0.05697213555695324,0.014517388654478613,0.01455456952767403,True,64,55,55,0.0,0,0.9053064382970434,0.75078125,0.0,True,0.654296875,True,True,a9927cce18724fd8b724b99be03e728acc7c2d3e2f310d942750b991e5ac246d,00f6c9a3fbff514efcbcaf390b0fcb3606039355867afd078b16222bcd9ce8c9
l1a-gs-v2-024-8ebc8e6892,8ebc8e68928df28e1ee13ac4416f4a5ef37d00ccd61226b4291e0597df7cc809,sweep_v2,SCREENING_L1A_FIELD_TEST_PARTICLE_WALL_LOSS,24,False,cell-02,1,interior,interior,0.005008054315324405,0.010300359307532205,0.0052923049922078,0.007654206811428305,5.9854559342675794e-05,0.005008054315324405,0.010300359307532205,1.0276320373219028,1.0,0.5870365277659025,0.07753355845129149,0.1320762078406988,False,False,False,0.5,0.00515,0.6,0.0018,0.0007,0.000575,0.0031000000000000003,1.025,0.14,1.0,0.5,0.0018,0.0206,0.0016480000000000002,0.017716,4,0.00515,True,0.20054063198667488,0.005487205841587918,0.005986494261045801,128,128,0.02913695627350843,False,0,0,128,128,0,0,0,1.0,0.9708630437264916,1.0,0.0,0.0,0.0,0.02913695627350843,0.0,0.005492143434474149,True,16,16,16,0.0,0,0.9053064382970434,0.75078125,0.0,True,0.654296875,True,True,a9927cce18724fd8b724b99be03e728acc7c2d3e2f310d942750b991e5ac246d,00f6c9a3fbff514efcbcaf390b0fcb3606039355867afd078b16222bcd9ce8c9
l1a-gs-v2-024-8ebc8e6892,8ebc8e68928df28e1ee13ac4416f4a5ef37d00ccd61226b4291e0597df7cc809,sweep_v2,SCREENING_L1A_FIELD_TEST_PARTICLE_WALL_LOSS,24,False,cell-03,2,interior,interior,0.010300359307532205,0.015593268588402705,0.005292909280870501,0.012946813947967456,5.9861393686439997e-05,0.010300359307532205,0.015593268588402705,1.0277493749263107,1.0,0.583993701604443,0.07725407125620708,0.1322857952816307,False,False,False,0.5,0.00515,0.6,0.0018,0.0007,0.000575,0.0031000000000000003,1.025,0.14,1.0,0.5,0.0018,0.0206,0.0016480000000000002,0.017716,4,0.00515,True,0.20054063198667488,0.005487205841587918,0.005986494261045801,128,128,0.02913695627350843,False,0,0,128,128,0,0,0,1.0,0.9708630437264916,1.0,0.0,0.0,0.0,0.02913695627350843,0.0,0.005492143434474149,True,16,16,16,0.0,0,0.9053064382970434,0.75078125,0.0,True,0.654296875,True,True,a9927cce18724fd8b724b99be03e728acc7c2d3e2f310d942750b991e5ac246d,00f6c9a3fbff514efcbcaf390b0fcb3606039355867afd078b16222bcd9ce8c9
l1a-gs-v2-024-8ebc8e6892,8ebc8e68928df28e1ee13ac4416f4a5ef37d00ccd61226b4291e0597df7cc809,sweep_v2,SCREENING_L1A_FIELD_TEST_PARTICLE_WALL_LOSS,24,False,cell-04,3,exit_partial,exit_side,0.015593268588402705,0.017716,0.0021227314115972937,0.016654634294201352,2.4007526669586055e-05,0.015593268588402705,,0.4121808566208337,1.005637391987708,0.6177173315297741,0.07682100115978123,0.12506379101406742,False,False,False,0.5,0.00515,0.6,0.0018,0.0007,0.000575,0.0031000000000000003,1.025,0.14,1.0,0.5,0.0018,0.0206,0.0016480000000000002,0.017716,4,0.00515,True,0.20054063198667488,0.005487205841587918,0.005986494261045801,128,64,0.17069550747898554,True,384,192,512,256,128,128,0,0.5,0.45685206921855137,0.5431479307814486,0.25,0.25,0.0,0.08629586156289726,0.02209708691207961,0.02209708691207961,False,64,31,31,0.0,0,0.9053064382970434,0.75078125,0.0,True,0.654296875,True,True,a9927cce18724fd8b724b99be03e728acc7c2d3e2f310d942750b991e5ac246d,00f6c9a3fbff514efcbcaf390b0fcb3606039355867afd078b16222bcd9ce8c9
l1a-gs-v2-025-7bfbfbb365,7bfbfbb36534b5e4e14a38d4e06695275ea091fa05bf65179afde7db540b68a5,sweep_v2,SCREENING_L1A_FIELD_TEST_PARTICLE_WALL_LOSS,25,False,cell-01,0,anode_partial,anode_side,0.0,0.00500805686984908,0.00500805686984908,0.00250402843492454,5.663978881587995e-05,,0.00500805686984908,0.9724382271551612,1.277038327782693,0.6282317078877385,0.07022945862770126,0.1427589681974947,False,False,False,0.5,0.00515,0.6,0.0018,0.0007,0.000575,0.0031000000000000003,1.025,0.14,0.5,0.0,0.0018,0.0206,0.0016480000000000002,0.017716,4,0.00515,True,0.23633055710488796,0.005517986030914904,0.0022134019341323095,128,124,0.06537936601630734,False,0,0,128,124,0,4,0,0.96875,0.9224023687386392,0.9877817347549466,0.0,0.03125,0.0,0.06537936601630734,0.015378921628929319,0.016217960468329493,True,16,15,15,0.0,0,0.9312333494456422,0.7098214285714286,0.0,True,0.658203125,True,True,e60b959722a82e1648e69946dedd9988ef9f5d49e4d50fb370e35c465fa8492b,032750ace41f875a7a8e76f5ac2f295436efc2f39cb061a1bc5ae23979ffc451
l1a-gs-v2-025-7bfbfbb365,7bfbfbb36534b5e4e14a38d4e06695275ea091fa05bf65179afde7db540b68a5,sweep_v2,SCREENING_L1A_FIELD_TEST_PARTICLE_WALL_LOSS,25,False,cell-02,1,interior,interior,0.00500805686984908,0.010300652063986056,0.005292595194136976,0.007654354466917568,5.9857841449171326e-05,0.00500805686984908,0.010300652063986056,1.0276883872110634,1.0,0.5797071055733443,0.08968571040700345,0.15470866157195387,False,False,False,0.5,0.00515,0.6,0.0018,0.0007,0.000575,0.0031000000000000003,1.025,0.14,0.5,0.0,0.0018,0.0206,0.0016480000000000002,0.017716,4,0.00515,True,0.23633055710488796,0.005517986030914904,0.0022134019341323095,128,128,0.02913695627350843,False,0,0,128,128,0,0,0,1.0,0.9708630437264916,1.0,0.0,0.0,0.0,0.02913695627350843,0.0,0.005492143434474149,True,16,16,16,0.0,0,0.9312333494456422,0.7098214285714286,0.0,True,0.658203125,True,True,e60b959722a82e1648e69946dedd9988ef9f5d49e4d50fb370e35c465fa8492b,032750ace41f875a7a8e76f5ac2f295436efc2f39cb061a1bc5ae23979ffc451
l1a-gs-v2-025-7bfbfbb365,7bfbfbb36534b5e4e14a38d4e06695275ea091fa05bf65179afde7db540b68a5,sweep_v2,SCREENING_L1A_FIELD_TEST_PARTICLE_WALL_LOSS,25,False,cell-03,2,interior,interior,0.010300652063986056,0.01559246359192356,0.005291811527937503,0.012946557827954808,5.984897839326085e-05,0.010300652063986056,0.01559246359192356,1.027536219016991,1.0,0.5770309280547664,0.08940178716344309,0.15493413405902898,False,False,False,0.5,0.00515,0.6,0.0018,0.0007,0.000575,0.0031000000000000003,1.025,0.14,0.5,0.0,0.0018,0.0206,0.0016480000000000002,0.017716,4,0.00515,True,0.23633055710488796,0.005517986030914904,0.0022134019341323095,128,128,0.02913695627350843,False,0,0,128,128,0,0,0,1.0,0.9708630437264916,1.0,0.0,0.0,0.0,0.02913695627350843,0.0,0.005492143434474149,True,16,16,16,0.0,0,0.9312333494456422,0.7098214285714286,0.0,True,0.658203125,True,True,e60b959722a82e1648e69946dedd9988ef9f5d49e4d50fb370e35c465fa8492b,032750ace41f875a7a8e76f5ac2f295436efc2f39cb061a1bc5ae23979ffc451
l1a-gs-v2-025-7bfbfbb365,7bfbfbb36534b5e4e14a38d4e06695275ea091fa05bf65179afde7db540b68a5,sweep_v2,SCREENING_L1A_FIELD_TEST_PARTICLE_WALL_LOSS,25,False,cell-04,3,exit_partial,exit_side,0.01559246359192356,0.017716,0.0021235364080764395,0.01665423179596178,2.4016630965276238e-05,0.01559246359192356,,0.4123371666167844,1.0042927402033532,0.6283741121182825,0.08901964893756042,0.14227477777858308,False,False,False,0.5,0.00515,0.6,0.0018,0.0007,0.000575,0.0031000000000000003,1.025,0.14,0.5,0.0,0.0018,0.0206,0.0016480000000000002,0.017716,4,0.00515,True,0.23633055710488796,0.005517986030914904,0.0022134019341323095,128,64,0.17069550747898554,True,384,192,512,256,128,128,0,0.5,0.45685206921855137,0.5431479307814486,0.25,0.25,0.0,0.08629586156289726,0.02209708691207961,0.02209708691207961,False,64,32,32,0.0,0,0.9312333494456422,0.7098214285714286,0.0,True,0.658203125,True,True,e60b959722a82e1648e69946dedd9988ef9f5d49e4d50fb370e35c465fa8492b,032750ace41f875a7a8e76f5ac2f295436efc2f39cb061a1bc5ae23979ffc451
l1a-gs-v2-026-c5d09bfafa,c5d09bfafa00fe0b500a4a31bb6132de6aad19810d04d3b066434d154c4ff4f5,sweep_v2,SCREENING_L1A_FIELD_TEST_PARTICLE_WALL_LOSS,26,False,cell-01,0,anode_partial,anode_side,0.0,0.00500805686984908,0.00500805686984908,0.00250402843492454,5.663978881587995e-05,,0.00500805686984908,0.9724382271551612,1.277038327782693,0.6282317078877385,0.07022945862770126,0.1427589681974947,False,False,False,0.5,0.00515,0.6,0.0018,0.0007,0.000575,0.0031000000000000003,1.025,0.14,0.5,1.0,0.0018,0.0206,0.0016480000000000002,0.017716,4,0.00515,True,0.23633055710488796,0.005517986030914904,0.0022134019341323095,128,126,0.05088552696967308,False,0,0,128,126,0,2,0,0.984375,0.9448190233201829,0.9957045502898559,0.0,0.015625,0.0,0.05088552696967308,0.010961886875314282,0.012184860794534208,True,16,15,15,0.0,0,0.9356503108698571,0.7120535714285714,0.0,True,0.658203125,True,True,8434d0dc271f1eba9170063f12c54b03a29e08d57439228566695120f86e3480,4d3f61dfcadc0e24e81dcb28bb81aa4b8e6c35d6c79b33ff3da70e03929aba7e
l1a-gs-v2-026-c5d09bfafa,c5d09bfafa00fe0b500a4a31bb6132de6aad19810d04d3b066434d154c4ff4f5,sweep_v2,SCREENING_L1A_FIELD_TEST_PARTICLE_WALL_LOSS,26,False,cell-02,1,interior,interior,0.00500805686984908,0.010300652063986056,0.005292595194136976,0.007654354466917568,5.9857841449171326e-05,0.00500805686984908,0.010300652063986056,1.0276883872110634,1.0,0.5797071055733443,0.08968571040700345,0.15470866157195387,False,False,False,0.5,0.00515,0.6,0.0018,0.0007,0.000575,0.0031000000000000003,1.025,0.14,0.5,1.0,0.0018,0.0206,0.0016480000000000002,0.017716,4,0.00515,True,0.23633055710488796,0.005517986030914904,0.0022134019341323095,128,128,0.02913695627350843,False,0,0,128,128,0,0,0,1.0,0.9708630437264916,1.0,0.0,0.0,0.0,0.02913695627350843,0.0,0.005492143434474149,True,16,16,16,0.0,0,0.9356503108698571,0.7120535714285714,0.0,True,0.658203125,True,True,8434d0dc271f1eba9170063f12c54b03a29e08d57439228566695120f86e3480,4d3f61dfcadc0e24e81dcb28bb81aa4b8e6c35d6c79b33ff3da70e03929aba7e
l1a-gs-v2-026-c5d09bfafa,c5d09bfafa00fe0b500a4a31bb6132de6aad19810d04d3b066434d154c4ff4f5,sweep_v2,SCREENING_L1A_FIELD_TEST_PARTICLE_WALL_LOSS,26,False,cell-03,2,interior,interior,0.010300652063986056,0.01559246359192356,0.005291811527937503,0.012946557827954808,5.984897839326085e-05,0.010300652063986056,0.01559246359192356,1.027536219016991,1.0,0.5770309280547664,0.08940178716344309,0.15493413405902898,False,False,False,0.5,0.00515,0.6,0.0018,0.0007,0.000575,0.0031000000000000003,1.025,0.14,0.5,1.0,0.0018,0.0206,0.0016480000000000002,0.017716,4,0.00515,True,0.23633055710488796,0.005517986030914904,0.0022134019341323095,128,128,0.02913695627350843,False,0,0,128,128,0,0,0,1.0,0.9708630437264916,1.0,0.0,0.0,0.0,0.02913695627350843,0.0,0.005492143434474149,True,16,16,16,0.0,0,0.9356503108698571,0.7120535714285714,0.0,True,0.658203125,True,True,8434d0dc271f1eba9170063f12c54b03a29e08d57439228566695120f86e3480,4d3f61dfcadc0e24e81dcb28bb81aa4b8e6c35d6c79b33ff3da70e03929aba7e
l1a-gs-v2-026-c5d09bfafa,c5d09bfafa00fe0b500a4a31bb6132de6aad19810d04d3b066434d154c4ff4f5,sweep_v2,SCREENING_L1A_FIELD_TEST_PARTICLE_WALL_LOSS,26,False,cell-04,3,exit_partial,exit_side,0.01559246359192356,0.017716,0.0021235364080764395,0.01665423179596178,2.4016630965276238e-05,0.01559246359192356,,0.4123371666167844,1.0042927402033532,0.6283741121182825,0.08901964893756042,0.14227477777858308,False,False,False,0.5,0.00515,0.6,0.0018,0.0007,0.000575,0.0031000000000000003,1.025,0.14,0.5,1.0,0.0018,0.0206,0.0016480000000000002,0.017716,4,0.00515,True,0.23633055710488796,0.005517986030914904,0.0022134019341323095,128,64,0.17069550747898554,True,384,192,512,256,128,128,0,0.5,0.45685206921855137,0.5431479307814486,0.25,0.25,0.0,0.08629586156289726,0.02209708691207961,0.02209708691207961,False,64,35,35,0.0,0,0.9356503108698571,0.7120535714285714,0.0,True,0.658203125,True,True,8434d0dc271f1eba9170063f12c54b03a29e08d57439228566695120f86e3480,4d3f61dfcadc0e24e81dcb28bb81aa4b8e6c35d6c79b33ff3da70e03929aba7e
l1a-gs-v2-027-56d238c396,56d238c39688916a0ea793b281da9d66bd0198e25710714ec6bcacfccba6a395,sweep_v2,SCREENING_L1A_FIELD_TEST_PARTICLE_WALL_LOSS,27,False,cell-01,0,anode_partial,anode_side,0.0,0.005112337442294376,0.005112337442294376,0.002556168721147188,5.243213405906269e-05,,0.005112337442294376,0.9745358880592725,1.480942971845999,0.5344462084982707,0.0729535259764005,0.20215320054325805,False,False,False,0.3480479886844079,0.005245920139970707,0.5440487139023628,0.001632293135292661,0.0007102360034058842,0.0005309692626124818,0.0031754249051314225,1.2011239760897798,0.10066679282038331,0.03378713475969786,0.021138777216725746,0.001632293135292661,0.02098368055988283,0.0016786944447906263,0.018871320736352,4,0.005245920139970707,True,0.3610946053287228,0.005396893809209435,0.0022273063135396054,128,128,0.02913695627350843,False,0,0,128,128,0,0,0,1.0,0.9708630437264916,1.0,0.0,0.0,0.0,0.02913695627350843,0.0,0.005492143434474149,True,16,16,16,0.0,0,0.9206165102648736,0.7142857142857143,0.0,True,0.8125,True,True,5b069d133b7df8538e31eee3224cdfff70c8ad0fd6fd50ab8aca0719c73b04a3,ca6922a0a6c0583243c07dbec4e0b8db519d09d7b99e46bc2ea33699c009bb4a
l1a-gs-v2-027-56d238c396,56d238c39688916a0ea793b281da9d66bd0198e25710714ec6bcacfccba6a395,sweep_v2,SCREENING_L1A_FIELD_TEST_PARTICLE_WALL_LOSS,27,False,cell-02,1,interior,interior,0.005112337442294376,0.01049106253868517,0.005378725096390794,0.007801699990489773,5.516420590465553e-05,0.005112337442294376,0.01049106253868517,1.025315855536609,1.0,0.47185719767428647,0.10804001156613484,0.22896760311943506,False,False,False,0.3480479886844079,0.005245920139970707,0.5440487139023628,0.001632293135292661,0.0007102360034058842,0.0005309692626124818,0.0031754249051314225,1.2011239760897798,0.10066679282038331,0.03378713475969786,0.021138777216725746,0.001632293135292661,0.02098368055988283,0.0016786944447906263,0.018871320736352,4,0.005245920139970707,True,0.3610946053287228,0.005396893809209435,0.0022273063135396054,128,128,0.02913695627350843,False,0,0,128,128,0,0,0,1.0,0.9708630437264916,1.0,0.0,0.0,0.0,0.02913695627350843,0.0,0.005492143434474149,True,16,16,16,0.0,0,0.9206165102648736,0.7142857142857143,0.0,True,0.8125,True,True,5b069d133b7df8538e31eee3224cdfff70c8ad0fd6fd50ab8aca0719c73b04a3,ca6922a0a6c0583243c07dbec4e0b8db519d09d7b99e46bc2ea33699c009bb4a
l1a-gs-v2-027-56d238c396,56d238c39688916a0ea793b281da9d66bd0198e25710714ec6bcacfccba6a395,sweep_v2,SCREENING_L1A_FIELD_TEST_PARTICLE_WALL_LOSS,27,False,cell-03,2,interior,interior,0.01049106253868517,0.015875178144427047,0.005384115605741877,0.01318312034155611,5.5219490969879194e-05,0.01049106253868517,0.015875178144427047,1.0263434177577742,1.0,0.4719706800448174,0.10806897906942418,0.22897392494627455,False,False,False,0.3480479886844079,0.005245920139970707,0.5440487139023628,0.001632293135292661,0.0007102360034058842,0.0005309692626124818,0.0031754249051314225,1.2011239760897798,0.10066679282038331,0.03378713475969786,0.021138777216725746,0.001632293135292661,0.02098368055988283,0.0016786944447906263,0.018871320736352,4,0.005245920139970707,True,0.3610946053287228,0.005396893809209435,0.0022273063135396054,128,128,0.02913695627350843,False,0,0,128,128,0,0,0,1.0,0.9708630437264916,1.0,0.0,0.0,0.0,0.02913695627350843,0.0,0.005492143434474149,True,16,16,16,0.0,0,0.9206165102648736,0.7142857142857143,0.0,True,0.8125,True,True,5b069d133b7df8538e31eee3224cdfff70c8ad0fd6fd50ab8aca0719c73b04a3,ca6922a0a6c0583243c07dbec4e0b8db519d09d7b99e46bc2ea33699c009bb4a
l1a-gs-v2-027-56d238c396,56d238c39688916a0ea793b281da9d66bd0198e25710714ec6bcacfccba6a395,sweep_v2,SCREENING_L1A_FIELD_TEST_PARTICLE_WALL_LOSS,27,False,cell-04,3,exit_partial,exit_side,0.015875178144427047,0.018871320736352,0.0029961425919249537,0.017373249440389524,3.072843915588133e-05,0.015875178144427047,,0.5711376673648112,1.0,0.535262823143783,0.10806897906942418,0.2018989072222461,False,False,False,0.3480479886844079,0.005245920139970707,0.5440487139023628,0.001632293135292661,0.0007102360034058842,0.0005309692626124818,0.0031754249051314225,1.2011239760897798,0.10066679282038331,0.03378713475969786,0.021138777216725746,0.001632293135292661,0.02098368055988283,0.0016786944447906263,0.018871320736352,4,0.005245920139970707,True,0.3610946053287228,0.005396893809209435,0.0022273063135396054,128,64,0.17069550747898554,True,384,192,512,256,128,128,0,0.5,0.45685206921855137,0.5431479307814486,0.25,0.25,0.0,0.08629586156289726,0.02209708691207961,0.02209708691207961,False,64,37,37,0.0,0,0.9206165102648736,0.7142857142857143,0.0,True,0.8125,True,True,5b069d133b7df8538e31eee3224cdfff70c8ad0fd6fd50ab8aca0719c73b04a3,ca6922a0a6c0583243c07dbec4e0b8db519d09d7b99e46bc2ea33699c009bb4a
l1a-gs-v2-028-8c0a501d9c,8c0a501d9c5615c75e76971eee2f2fcb1005d80f1e791078546931700cbfe32b,sweep_v2,SCREENING_L1A_FIELD_TEST_PARTICLE_WALL_LOSS,28,False,cell-01,0,anode_partial,anode_side,0.0,0.005416035756061137,0.005416035756061137,0.0027080178780305685,5.9436001900580094e-05,,0.005416035756061137,0.9592830967830935,1.5514834242958524,0.5709822293610385,0.07792674728895266,0.2117439922139049,False,False,False,0.0980479886844079,0.005645920139970707,0.5920487139023628,0.0017465788495783755,0.0007465996397695207,0.0005655846472278665,0.0032813072580725987,1.2300713445108327,0.11284070586386162,0.06826989338038736,0.05339684173285475,0.0017465788495783755,0.016937760419912122,0.0013550208335929698,0.015026491578376261,3,0.005645920139970707,True,0.37386544872433525,0.004573960470030054,0.001219475830512169,128,128,0.02913695627350843,False,0,0,128,128,0,0,0,1.0,0.9708630437264916,1.0,0.0,0.0,0.0,0.02913695627350843,0.0,0.005492143434474149,True,16,16,16,0.0,0,0.8834106265339213,0.6666666666666666,0.0,True,0.75,True,True,69d85f6beda6fe86cea883dd1b74ca5de0a47dc878eea05a2a25b94e8170c664,b30915de5b19c99c4b6dc6da544753470cc2a76665fe60f2dbc8991e4c122c48
l1a-gs-v2-028-8c0a501d9c,8c0a501d9c5615c75e76971eee2f2fcb1005d80f1e791078546931700cbfe32b,sweep_v2,SCREENING_L1A_FIELD_TEST_PARTICLE_WALL_LOSS,28,False,cell-02,1,interior,interior,0.005416035756061137,0.011522633101343866,0.0061065973452827296,0.008469334428702503,6.701427903501541e-05,0.005416035756061137,0.011522633101343866,1.0815947080176753,1.0,0.4507321707161604,0.12087961262743248,0.26818501203357414,False,False,False,0.0980479886844079,0.005645920139970707,0.5920487139023628,0.0017465788495783755,0.0007465996397695207,0.0005655846472278665,0.0032813072580725987,1.2300713445108327,0.11284070586386162,0.06826989338038736,0.05339684173285475,0.0017465788495783755,0.016937760419912122,0.0013550208335929698,0.015026491578376261,3,0.005645920139970707,True,0.37386544872433525,0.004573960470030054,0.001219475830512169,128,128,0.02913695627350843,False,0,0,128,128,0,0,0,1.0,0.9708630437264916,1.0,0.0,0.0,0.0,0.02913695627350843,0.0,0.005492143434474149,True,16,16,16,0.0,0,0.8834106265339213,0.6666666666666666,0.0,True,0.75,True,True,69d85f6beda6fe86cea883dd1b74ca5de0a47dc878eea05a2a25b94e8170c664,b30915de5b19c99c4b6dc6da544753470cc2a76665fe60f2dbc8991e4c122c48
l1a-gs-v2-028-8c0a501d9c,8c0a501d9c5615c75e76971eee2f2fcb1005d80f1e791078546931700cbfe32b,sweep_v2,SCREENING_L1A_FIELD_TEST_PARTICLE_WALL_LOSS,28,False,cell-03,2,exit_partial,exit_side,0.011522633101343866,0.015026491578376261,0.003503858477032395,0.013274562339860064,3.845161820935184e-05,0.011522633101343866,,0.6206000776076463,1.0009303482607521,0.5716358728697376,0.1207672570199082,0.21146260821699359,False,False,False,0.0980479886844079,0.005645920139970707,0.5920487139023628,0.0017465788495783755,0.0007465996397695207,0.0005655846472278665,0.0032813072580725987,1.2300713445108327,0.11284070586386162,0.06826989338038736,0.05339684173285475,0.0017465788495783755,0.016937760419912122,0.0013550208335929698,0.015026491578376261,3,0.005645920139970707,True,0.37386544872433525,0.004573960470030054,0.001219475830512169,128,64,0.17069550747898554,True,384,192,512,256,18,238,0,0.5,0.45685206921855137,0.5431479307814486,0.03515625,0.46484375,0.0,0.08629586156289726,0.02209708691207961,0.02209708691207961,False,64,29,29,0.0,1,0.8834106265339213,0.6666666666666666,0.0,True,0.75,True,True,69d85f6beda6fe86cea883dd1b74ca5de0a47dc878eea05a2a25b94e8170c664,b30915de5b19c99c4b6dc6da544753470cc2a76665fe60f2dbc8991e4c122c48
l1a-gs-v2-029-3940e2552f,3940e2552f6380c21513f336c3be7ca9259cb44c754431dfc3c510e0d5665601,sweep_v2,SCREENING_L1A_FIELD_TEST_PARTICLE_WALL_LOSS,29,False,cell-01,0,anode_partial,anode_side,0.0,0.0037746575495139767,0.0037746575495139767,0.0018873287747569883,4.4133888261057155e-05,,0.0037746575495139767,0.9814706005680935,1.0352005530002757,0.8356191099526814,0.11610054307415986,0.14383029895140678,False,False,False,0.5980479886844079,0.0038459201399707074,0.6400487139023628,0.0018608645638640896,0.000782963276133157,0.0006002000318432511,0.0033871896110137757,1.2605422586382566,0.12501461890733986,0.10275265200107708,0.08565490624898375,0.0018608645638640896,0.01538368055988283,0.0012306944447906265,0.013460495597296824,4,0.0038459201399707074,True,0.26199310392187,0.007847198285985941,0.0057687399933837435,128,81,0.16474541099264428,True,384,243,512,324,0,188,0,0.6328125,0.5902137891286587,0.6734331079449505,0.0,0.3671875,0.0,0.08321931881629174,0.0213032806234116,0.02130642973823011,False,64,40,40,0.0,0,0.8270344769065907,0.64921875,0.0,True,0.669921875,True,True,eb4cb3ceff3eecf75ca6e99b348443904e7f5294d14af869d8bffcf229a17b07,3f7819530226f3ca63f8b9e9f2118638344e81b4cb69ef745d56713bb6089d0e
l1a-gs-v2-029-3940e2552f,3940e2552f6380c21513f336c3be7ca9259cb44c754431dfc3c510e0d5665601,sweep_v2,SCREENING_L1A_FIELD_TEST_PARTICLE_WALL_LOSS,29,False,cell-02,1,interior,interior,0.0037746575495139767,0.007690921742236198,0.003916264192722221,0.005732789645875087,4.578957534959337e-05,0.0037746575495139767,0.007690921742236198,1.0182905651161154,1.010614239039046,0.968370552474475,0.11892504751198055,0.12411297110066821,False,False,False,0.5980479886844079,0.0038459201399707074,0.6400487139023628,0.0018608645638640896,0.000782963276133157,0.0006002000318432511,0.0033871896110137757,1.2605422586382566,0.12501461890733986,0.10275265200107708,0.08565490624898375,0.0018608645638640896,0.01538368055988283,0.0012306944447906265,0.013460495597296824,4,0.0038459201399707074,True,0.26199310392187,0.007847198285985941,0.0057687399933837435,128,128,0.02913695627350843,False,0,0,128,128,0,0,0,1.0,0.9708630437264916,1.0,0.0,0.0,0.0,0.02913695627350843,0.0,0.005492143434474149,True,16,16,16,0.0,0,0.8270344769065907,0.64921875,0.0,True,0.669921875,True,True,eb4cb3ceff3eecf75ca6e99b348443904e7f5294d14af869d8bffcf229a17b07,3f7819530226f3ca63f8b9e9f2118638344e81b4cb69ef745d56713bb6089d0e
l1a-gs-v2-029-3940e2552f,3940e2552f6380c21513f336c3be7ca9259cb44c754431dfc3c510e0d5665601,sweep_v2,SCREENING_L1A_FIELD_TEST_PARTICLE_WALL_LOSS,29,False,cell-03,2,interior,interior,0.007690921742236198,0.01161220582075331,0.003921284078517112,0.009651563781494753,4.5848268641858655e-05,0.007690921742236198,0.01161220582075331,1.0195958147344626,1.0,0.9447428841701012,0.11749496731738678,0.1243671365893366,False,False,False,0.5980479886844079,0.0038459201399707074,0.6400487139023628,0.0018608645638640896,0.000782963276133157,0.0006002000318432511,0.0033871896110137757,1.2605422586382566,0.12501461890733986,0.10275265200107708,0.08565490624898375,0.0018608645638640896,0.01538368055988283,0.0012306944447906265,0.013460495597296824,4,0.0038459201399707074,True,0.26199310392187,0.007847198285985941,0.0057687399933837435,128,128,0.02913695627350843,False,0,0,128,128,0,0,0,1.0,0.9708630437264916,1.0,0.0,0.0,0.0,0.02913695627350843,0.0,0.005492143434474149,True,16,16,16,0.0,0,0.8270344769065907,0.64921875,0.0,True,0.669921875,True,True,eb4cb3ceff3eecf75ca6e99b348443904e7f5294d14af869d8bffcf229a17b07,3f7819530226f3ca63f8b9e9f2118638344e81b4cb69ef745d56713bb6089d0e
l1a-gs-v2-029-3940e2552f,3940e2552f6380c21513f336c3be7ca9259cb44c754431dfc3c510e0d5665601,sweep_v2,SCREENING_L1A_FIELD_TEST_PARTICLE_WALL_LOSS,29,False,cell-04,3,exit_partial,exit_side,0.01161220582075331,0.013460495597296824,0.0018482897765435147,0.012536350709025066,2.16104940387318e-05,0.01161220582075331,,0.48058454395196887,1.0045089870104265,0.8179042626551513,0.11696756209924004,0.14365369234776268,False,False,False,0.5980479886844079,0.0038459201399707074,0.6400487139023628,0.0018608645638640896,0.000782963276133157,0.0006002000318432511,0.0033871896110137757,1.2605422586382566,0.12501461890733986,0.10275265200107708,0.08565490624898375,0.0018608645638640896,0.01538368055988283,0.0012306944447906265,0.013460495597296824,4,0.0038459201399707074,True,0.26199310392187,0.007847198285985941,0.0057687399933837435,128,63,0.17067527654865666,True,384,188,512,251,133,128,0,0.490234375,0.4471673378916501,0.5334468608529375,0.259765625,0.25,0.0,0.08627952296128738,0.02209287182520817,0.022092888243838735,False,64,32,32,0.0,0,0.8270344769065907,0.64921875,0.0,True,0.669921875,True,True,eb4cb3ceff3eecf75ca6e99b348443904e7f5294d14af869d8bffcf229a17b07,3f7819530226f3ca63f8b9e9f2118638344e81b4cb69ef745d56713bb6089d0e
l1a-gs-v2-030-5f0cd58497,5f0cd584971a5b89e29526a82f01f515cae67393578f88bf999b1603e3373d3a,sweep_v2,SCREENING_L1A_FIELD_TEST_PARTICLE_WALL_LOSS,30,False,cell-01,0,anode_partial,anode_side,0.0,0.004565998153636783,0.004565998153636783,0.0022829990768183915,5.6665111042010954e-05,,0.004565998153636783,0.9620891247582107,1.1703378841993972,0.7855295858120752,0.12254138682813724,0.18257087954114515,False,False,False,0.973047988684408,0.004745920139970708,0.6976487139023628,0.001975150278149804,0.0008193269124967934,0.0006348154164586358,0.003493071963954952,1.289489627059309,0.13718853195081812,0.1372354106217668,0.11791297076511276,0.001975150278149804,0.02372960069985354,0.0018983680559882831,0.020474171616061528,5,0.004745920139970708,True,0.3620624459858915,0.005709926445396387,0.0016533260018895088,128,96,0.14854278090958317,True,384,289,512,385,0,127,0,0.751953125,0.7127602505721561,0.7873934218174851,0.0,0.248046875,0.0,0.07463317124532898,0.019086543382356862,0.01909918950945996,True,64,48,48,0.0,0,0.901617169241712,0.6647727272727273,0.0,True,0.5625,True,True,e474c20c980a20231277bd8e1eb3b03d54136af3a57ee62ed3fc2d2e4f2297eb,0ed4fad73903c17d29511c0d31285c6fc251b88cb4cccb6f56fa45e70a40dd64
l1a-gs-v2-030-5f0cd58497,5f0cd584971a5b89e29526a82f01f515cae67393578f88bf999b1603e3373d3a,sweep_v2,SCREENING_L1A_FIELD_TEST_PARTICLE_WALL_LOSS,30,False,cell-02,1,interior,interior,0.004565998153636783,0.009623624540660165,0.005057626387023382,0.007094811347148474,6.27663330528106e-05,0.004565998153636783,0.009623624540660165,1.0656787804808276,1.0,0.7162257381061499,0.14341482738730202,0.2002369082218697,False,False,False,0.973047988684408,0.004745920139970708,0.6976487139023628,0.001975150278149804,0.0008193269124967934,0.0006348154164586358,0.003493071963954952,1.289489627059309,0.13718853195081812,0.1372354106217668,0.11791297076511276,0.001975150278149804,0.02372960069985354,0.0018983680559882831,0.020474171616061528,5,0.004745920139970708,True,0.3620624459858915,0.005709926445396387,0.0016533260018895088,128,128,0.02913695627350843,False,0,0,128,128,0,0,0,1.0,0.9708630437264916,1.0,0.0,0.0,0.0,0.02913695627350843,0.0,0.005492143434474149,True,16,16,16,0.0,0,0.901617169241712,0.6647727272727273,0.0,True,0.5625,True,True,e474c20c980a20231277bd8e1eb3b03d54136af3a57ee62ed3fc2d2e4f2297eb,0ed4fad73903c17d29511c0d31285c6fc251b88cb4cccb6f56fa45e70a40dd64
l1a-gs-v2-030-5f0cd58497,5f0cd584971a5b89e29526a82f01f515cae67393578f88bf999b1603e3373d3a,sweep_v2,SCREENING_L1A_FIELD_TEST_PARTICLE_WALL_LOSS,30,False,cell-03,2,interior,interior,0.009623624540660165,0.014105710188351517,0.004482085647691352,0.011864667364505841,5.562373710640741e-05,0.009623624540660165,0.014105710188351517,0.9444081475250058,1.005561231899124,0.9079140194833343,0.14316728624662212,0.158565094972025,False,False,False,0.973047988684408,0.004745920139970708,0.6976487139023628,0.001975150278149804,0.0008193269124967934,0.0006348154164586358,0.003493071963954952,1.289489627059309,0.13718853195081812,0.1372354106217668,0.11791297076511276,0.001975150278149804,0.02372960069985354,0.0018983680559882831,0.020474171616061528,5,0.004745920139970708,True,0.3620624459858915,0.005709926445396387,0.0016533260018895088,128,128,0.02913695627350843,False,0,0,128,128,0,0,0,1.0,0.9708630437264916,1.0,0.0,0.0,0.0,0.02913695627350843,0.0,0.005492143434474149,True,16,16,16,0.0,0,0.901617169241712,0.6647727272727273,0.0,True,0.5625,True,True,e474c20c980a20231277bd8e1eb3b03d54136af3a57ee62ed3fc2d2e4f2297eb,0ed4fad73903c17d29511c0d31285c6fc251b88cb4cccb6f56fa45e70a40dd64
l1a-gs-v2-030-5f0cd58497,5f0cd584971a5b89e29526a82f01f515cae67393578f88bf999b1603e3373d3a,sweep_v2,SCREENING_L1A_FIELD_TEST_PARTICLE_WALL_LOSS,30,False,cell-04,3,interior,interior,0.014105710188351517,0.01916564002611973,0.005059929837768212,0.016635675107235622,6.279491941834202e-05,0.014105710188351517,0.01916564002611973,1.0661641343588733,1.0,0.7144300580637134,0.143167631033126,0.20039418753061225,False,False,False,0.973047988684408,0.004745920139970708,0.6976487139023628,0.001975150278149804,0.0008193269124967934,0.0006348154164586358,0.003493071963954952,1.289489627059309,0.13718853195081812,0.1372354106217668,0.11791297076511276,0.001975150278149804,0.02372960069985354,0.0018983680559882831,0.020474171616061528,5,0.004745920139970708,True,0.3620624459858915,0.005709926445396387,0.0016533260018895088,128,128,0.02913695627350843,False,0,0,128,128,0,0,0,1.0,0.9708630437264916,1.0,0.0,0.0,0.0,0.02913695627350843,0.0,0.005492143434474149,True,16,16,16,0.0,0,0.901617169241712,0.6647727272727273,0.0,True,0.5625,True,True,e474c20c980a20231277bd8e1eb3b03d54136af3a57ee62ed3fc2d2e4f2297eb,0ed4fad73903c17d29511c0d31285c6fc251b88cb4cccb6f56fa45e70a40dd64
l1a-gs-v2-030-5f0cd58497,5f0cd584971a5b89e29526a82f01f515cae67393578f88bf999b1603e3373d3a,sweep_v2,SCREENING_L1A_FIELD_TEST_PARTICLE_WALL_LOSS,30,False,cell-05,4,exit_partial,exit_side,0.01916564002611973,0.020474171616061528,0.0013085315899417985,0.01981990582109063,1.623918480715389e-05,0.01916564002611973,,0.27571715312299266,1.0111262954278353,0.7860070005895088,0.1415922340072739,0.18214549097622493,False,False,False,0.973047988684408,0.004745920139970708,0.6976487139023628,0.001975150278149804,0.0008193269124967934,0.0006348154164586358,0.003493071963954952,1.289489627059309,0.13718853195081812,0.1372354106217668,0.11791297076511276,0.001975150278149804,0.02372960069985354,0.0018983680559882831,0.020474171616061528,5,0.004745920139970708,True,0.3620624459858915,0.005709926445396387,0.0016533260018895088,128,42,0.1606061392857524,True,384,125,512,167,217,128,0,0.326171875,0.2869892121795722,0.36794352547408626,0.423828125,0.25,0.0,0.08095431329451408,0.020718716202790324,0.020724262565945846,False,64,20,20,0.0,0,0.901617169241712,0.6647727272727273,0.0,True,0.5625,True,True,e474c20c980a20231277bd8e1eb3b03d54136af3a57ee62ed3fc2d2e4f2297eb,0ed4fad73903c17d29511c0d31285c6fc251b88cb4cccb6f56fa45e70a40dd64
l1a-gs-v2-031-3e7a3b3509,3e7a3b3509f6fbe54757888bea6c04fc9f246696c1486b13041eba01473b7a08,sweep_v2,SCREENING_L1A_FIELD_TEST_PARTICLE_WALL_LOSS,31,False,cell-01,0,anode_partial,anode_side,0.0,0.005791155868270869,0.005791155868270869,0.0028955779341354347,7.66221818538913e-05,,0.005791155868270869,0.9739713504291028,1.4303122726450612,0.6168602540965313,0.045252226703277706,0.10492622079049689,False,False,False,0.4730479886844079,0.005945920139970707,0.5056487139023628,0.0021057625230477633,0.0008556905488604297,0.0006694308010740204,0.0035989543168961284,0.7684369954803617,0.14936244499429638,0.1717181692424563,0.15017103528124176,0.0021057625230477633,0.02378368055988283,0.0019026944447906263,0.020231291880495415,4,0.005945920139970707,True,0.18268059874624942,0.004203115186438212,0.0024771621463490806,128,127,0.04154582754598635,False,0,0,128,127,0,1,0,0.9921875,0.9570737405611394,0.9986195681071257,0.0,0.0078125,0.0,0.04154582754598635,0.007781922583256459,0.009475584891282928,True,16,16,16,0.0,0,0.9424117436358521,0.7131696428571429,0.0,True,0.693359375,True,True,94ed28cf971c0d150b06ec06786f98fb582899ea00e431787decef1ecc934957,46569570da85f4758c856b712cc3917f3d4f53ff9e86dac09bff33d9e0f4805b
l1a-gs-v2-031-3e7a3b3509,3e7a3b3509f6fbe54757888bea6c04fc9f246696c1486b13041eba01473b7a08,sweep_v2,SCREENING_L1A_FIELD_TEST_PARTICLE_WALL_LOSS,31,False,cell-02,1,interior,interior,0.005791155868270869,0.011888306207214632,0.006097150338943763,0.00883973103774275,8.067076291637687e-05,0.005791155868270869,0.011888306207214632,1.0254342802145002,1.0,0.5605910038765842,0.06472481521821466,0.11545817676457758,False,False,False,0.4730479886844079,0.005945920139970707,0.5056487139023628,0.0021057625230477633,0.0008556905488604297,0.0006694308010740204,0.0035989543168961284,0.7684369954803617,0.14936244499429638,0.1717181692424563,0.15017103528124176,0.0021057625230477633,0.02378368055988283,0.0019026944447906263,0.020231291880495415,4,0.005945920139970707,True,0.18268059874624942,0.004203115186438212,0.0024771621463490806,128,128,0.02913695627350843,False,0,0,128,128,0,0,0,1.0,0.9708630437264916,1.0,0.0,0.0,0.0,0.02913695627350843,0.0,0.005492143434474149,True,16,16,16,0.0,0,0.9424117436358521,0.7131696428571429,0.0,True,0.693359375,True,True,94ed28cf971c0d150b06ec06786f98fb582899ea00e431787decef1ecc934957,46569570da85f4758c856b712cc3917f3d4f53ff9e86dac09bff33d9e0f4805b
l1a-gs-v2-031-3e7a3b3509,3e7a3b3509f6fbe54757888bea6c04fc9f246696c1486b13041eba01473b7a08,sweep_v2,SCREENING_L1A_FIELD_TEST_PARTICLE_WALL_LOSS,31,False,cell-03,2,interior,interior,0.011888306207214632,0.017991609044153395,0.006103302836938763,0.014939957625684014,8.075216597838241e-05,0.011888306207214632,0.017991609044153395,1.0264690230045421,1.0010948964171242,0.559150217567096,0.06459360042082861,0.11564749809784174,False,False,False,0.4730479886844079,0.005945920139970707,0.5056487139023628,0.0021057625230477633,0.0008556905488604297,0.0006694308010740204,0.0035989543168961284,0.7684369954803617,0.14936244499429638,0.1717181692424563,0.15017103528124176,0.0021057625230477633,0.02378368055988283,0.0019026944447906263,0.020231291880495415,4,0.005945920139970707,True,0.18268059874624942,0.004203115186438212,0.0024771621463490806,128,128,0.02913695627350843,False,0,0,128,128,0,0,0,1.0,0.9708630437264916,1.0,0.0,0.0,0.0,0.02913695627350843,0.0,0.005492143434474149,True,16,16,16,0.0,0,0.9424117436358521,0.7131696428571429,0.0,True,0.693359375,True,True,94ed28cf971c0d150b06ec06786f98fb582899ea00e431787decef1ecc934957,46569570da85f4758c856b712cc3917f3d4f53ff9e86dac09bff33d9e0f4805b
l1a-gs-v2-031-3e7a3b3509,3e7a3b3509f6fbe54757888bea6c04fc9f246696c1486b13041eba01473b7a08,sweep_v2,SCREENING_L1A_FIELD_TEST_PARTICLE_WALL_LOSS,31,False,cell-04,3,exit_partial,exit_side,0.017991609044153395,0.020231291880495415,0.0022396828363420197,0.019111450462324403,2.9633011005880014e-05,0.017991609044153395,,0.3766755663746694,1.0,0.6182793365251504,0.06466432372249853,0.10458755436648513,False,False,False,0.4730479886844079,0.005945920139970707,0.5056487139023628,0.0021057625230477633,0.0008556905488604297,0.0006694308010740204,0.0035989543168961284,0.7684369954803617,0.14936244499429638,0.1717181692424563,0.15017103528124176,0.0021057625230477633,0.02378368055988283,0.0019026944447906263,0.020231291880495415,4,0.005945920139970707,True,0.18268059874624942,0.004203115186438212,0.0024771621463490806,128,64,0.17069550747898554,True,384,192,512,256,128,128,0,0.5,0.45685206921855137,0.5431479307814486,0.25,0.25,0.0,0.08629586156289726,0.02209708691207961,0.02209708691207961,False,64,25,25,0.0,0,0.9424117436358521,0.7131696428571429,0.0,True,0.693359375,True,True,94ed28cf971c0d150b06ec06786f98fb582899ea00e431787decef1ecc934957,46569570da85f4758c856b712cc3917f3d4f53ff9e86dac09bff33d9e0f4805b
l1a-gs-v2-032-570ad83ba6,570ad83ba6c9ca1811458142f7034c40c0247823441c427586031efb3a7ad73e,sweep_v2,SCREENING_L1A_FIELD_TEST_PARTICLE_WALL_LOSS,32,True,cell-01,0,anode_partial,anode_side,0.0,0.003915800678022848,0.003915800678022848,0.001957900339011424,3.493844264305948e-05,,0.003915800678022848,0.9444949603034356,1.0,0.6140026290207191,0.06127980356767455,0.09980381299899402,False,False,False,0.2230479886844079,0.004145920139970708,0.5536487139023628,0.0014200482373334775,0.000895359970348033,0.000704046185689405,0.003704836669837305,0.7973843639014143,0.16153635803777464,0.20620092786314603,0.18242909979737076,0.0014200482373334775,0.012437760419912123,0.00099502083359297,0.010428609899533137,3,0.004145920139970708,True,0.18476572664282065,0.006947178333909824,0.0030557172033868177,128,98,0.14544185419615596,True,384,294,512,392,0,120,0,0.765625,0.7270378376472112,0.8002559565000072,0.0,0.234375,0.0,0.07321811885279605,0.018720985852227357,0.01873531538994061,True,64,50,50,0.0,0,0.820648832543731,0.6736111111111112,0.0,True,0.73828125,True,True,9b17de8fe075ffddce10f016a4f4d378f82d4407e77aa60a2d2b406c3fa52036,c70d89c4233e6ee8c24c64e6bee2e4a39f3b05e078988bf8c4dfc3d3fa9f51b9
l1a-gs-v2-032-570ad83ba6,570ad83ba6c9ca1811458142f7034c40c0247823441c427586031efb3a7ad73e,sweep_v2,SCREENING_L1A_FIELD_TEST_PARTICLE_WALL_LOSS,32,True,cell-02,1,interior,interior,0.003915800678022848,0.008523374746501803,0.004607574068478956,0.006219587712262326,4.111073968057087e-05,0.003915800678022848,0.008523374746501803,1.1113513798921149,1.004011111023517,0.5039569479580563,0.061034985464657056,0.12159729876920912,False,False,False,0.2230479886844079,0.004145920139970708,0.5536487139023628,0.0014200482373334775,0.000895359970348033,0.000704046185689405,0.003704836669837305,0.7973843639014143,0.16153635803777464,0.20620092786314603,0.18242909979737076,0.0014200482373334775,0.012437760419912123,0.00099502083359297,0.010428609899533137,3,0.004145920139970708,True,0.18476572664282065,0.006947178333909824,0.0030557172033868177,128,128,0.02913695627350843,False,0,0,128,128,0,0,0,1.0,0.9708630437264916,1.0,0.0,0.0,0.0,0.02913695627350843,0.0,0.005492143434474149,True,16,16,16,0.0,0,0.820648832543731,0.6736111111111112,0.0,True,0.73828125,True,True,9b17de8fe075ffddce10f016a4f4d378f82d4407e77aa60a2d2b406c3fa52036,c70d89c4233e6ee8c24c64e6bee2e4a39f3b05e078988bf8c4dfc3d3fa9f51b9
l1a-gs-v2-032-570ad83ba6,570ad83ba6c9ca1811458142f7034c40c0247823441c427586031efb3a7ad73e,sweep_v2,SCREENING_L1A_FIELD_TEST_PARTICLE_WALL_LOSS,32,True,cell-03,2,exit_partial,exit_side,0.008523374746501803,0.010428609899533137,0.001905235153031334,0.00947599232301747,1.699932008524401e-05,0.008523374746501803,,0.459544585691126,1.0,0.6157151876556298,0.061315588941727346,0.09958433732191972,False,False,False,0.2230479886844079,0.004145920139970708,0.5536487139023628,0.0014200482373334775,0.000895359970348033,0.000704046185689405,0.003704836669837305,0.7973843639014143,0.16153635803777464,0.20620092786314603,0.18242909979737076,0.0014200482373334775,0.012437760419912123,0.00099502083359297,0.010428609899533137,3,0.004145920139970708,True,0.18476572664282065,0.006947178333909824,0.0030557172033868177,128,64,0.17069550747898554,True,384,192,512,256,128,128,0,0.5,0.45685206921855137,0.5431479307814486,0.25,0.25,0.0,0.08629586156289726,0.02209708691207961,0.02209708691207961,False,64,34,34,0.0,0,0.820648832543731,0.6736111111111112,0.0,True,0.73828125,True,True,9b17de8fe075ffddce10f016a4f4d378f82d4407e77aa60a2d2b406c3fa52036,c70d89c4233e6ee8c24c64e6bee2e4a39f3b05e078988bf8c4dfc3d3fa9f51b9
l1a-gs-v2-033-1f293d6cb7,1f293d6cb7d95040ce9c9f365c2a261335ef44dc9b08873962465c14d43794ef,sweep_v2,SCREENING_L1A_FIELD_TEST_PARTICLE_WALL_LOSS,33,False,cell-01,0,anode_partial,anode_side,0.0,0.0048720051787514065,0.0048720051787514065,0.0024360025893757032,4.696858805011552e-05,,0.0048720051787514065,0.9655335486105588,1.2231105023230682,0.5381643094817468,0.06966703332446311,0.1583354351515801,False,False,False,0.7230479886844079,0.0050459201399707075,0.6016487139023629,0.0015343339516191916,0.0005317236067116695,0.0007386615703047896,0.003810719022778481,0.826331732322467,0.17423957164836068,0.24068368648383576,0.21468716431349977,0.0015343339516191916,0.025229600699853548,0.002018368055988284,0.020833605881051886,5,0.005045920139970709,True,0.28335350182650876,0.005613867461311802,0.002408183003124976,128,126,0.05088552696967308,False,0,0,128,126,0,2,0,0.984375,0.9448190233201829,0.9957045502898559,0.0,0.015625,0.0,0.05088552696967308,0.010961886875314282,0.012184860794534208,True,16,16,16,0.0,0,0.9801402590383056,0.640625,0.0,True,0.720703125,True,True,4cc60991e2f74b7a3fc919769f518697da32edc437d1f3e8d401ee0419aa4316,cf81973f6af9543108e8ace796a46db0920e5229555d12ad137d8d35e729e752
l1a-gs-v2-033-1f293d6cb7,1f293d6cb7d95040ce9c9f365c2a261335ef44dc9b08873962465c14d43794ef,sweep_v2,SCREENING_L1A_FIELD_TEST_PARTICLE_WALL_LOSS,33,False,cell-02,1,interior,interior,0.0048720051787514065,0.01018674282101144,0.005314737642260033,0.007529373999881423,5.12367523750719e-05,0.0048720051787514065,0.01018674282101144,1.0532742284523917,1.0,0.4630722140907454,0.085210480124842,0.1840112136552072,False,False,False,0.7230479886844079,0.0050459201399707075,0.6016487139023629,0.0015343339516191916,0.0005317236067116695,0.0007386615703047896,0.003810719022778481,0.826331732322467,0.17423957164836068,0.24068368648383576,0.21468716431349977,0.0015343339516191916,0.025229600699853548,0.002018368055988284,0.020833605881051886,5,0.005045920139970709,True,0.28335350182650876,0.005613867461311802,0.002408183003124976,128,128,0.02913695627350843,False,0,0,128,128,0,0,0,1.0,0.9708630437264916,1.0,0.0,0.0,0.0,0.02913695627350843,0.0,0.005492143434474149,True,16,16,16,0.0,0,0.9801402590383056,0.640625,0.0,True,0.720703125,True,True,4cc60991e2f74b7a3fc919769f518697da32edc437d1f3e8d401ee0419aa4316,cf81973f6af9543108e8ace796a46db0920e5229555d12ad137d8d35e729e752
l1a-gs-v2-033-1f293d6cb7,1f293d6cb7d95040ce9c9f365c2a261335ef44dc9b08873962465c14d43794ef,sweep_v2,SCREENING_L1A_FIELD_TEST_PARTICLE_WALL_LOSS,33,False,cell-03,2,interior,interior,0.01018674282101144,0.015033537884958408,0.0048467950639469685,0.012610140352984925,4.672554982386117e-05,0.01018674282101144,0.015033537884958408,0.9605374103235615,1.0030054849121335,0.5528705876505919,0.08757730090866636,0.15888078535425176,False,False,False,0.7230479886844079,0.0050459201399707075,0.6016487139023629,0.0015343339516191916,0.0005317236067116695,0.0007386615703047896,0.003810719022778481,0.826331732322467,0.17423957164836068,0.24068368648383576,0.21468716431349977,0.0015343339516191916,0.025229600699853548,0.002018368055988284,0.020833605881051886,5,0.005045920139970709,True,0.28335350182650876,0.005613867461311802,0.002408183003124976,128,128,0.02913695627350843,False,0,0,128,128,0,0,0,1.0,0.9708630437264916,1.0,0.0,0.0,0.0,0.02913695627350843,0.0,0.005492143434474149,True,16,16,16,0.0,0,0.9801402590383056,0.640625,0.0,True,0.720703125,True,True,4cc60991e2f74b7a3fc919769f518697da32edc437d1f3e8d401ee0419aa4316,cf81973f6af9543108e8ace796a46db0920e5229555d12ad137d8d35e729e752
l1a-gs-v2-033-1f293d6cb7,1f293d6cb7d95040ce9c9f365c2a261335ef44dc9b08873962465c14d43794ef,sweep_v2,SCREENING_L1A_FIELD_TEST_PARTICLE_WALL_LOSS,33,False,cell-04,3,interior,interior,0.015033537884958408,0.020361299960803256,0.0053277620758448475,0.017697418922880834,5.136231448619183e-05,0.015033537884958408,0.020361299960803256,1.0558554095300792,1.0001847614314006,0.4672414477361244,0.08584761006959875,0.18376681224010138,False,False,False,0.7230479886844079,0.0050459201399707075,0.6016487139023629,0.0015343339516191916,0.0005317236067116695,0.0007386615703047896,0.003810719022778481,0.826331732322467,0.17423957164836068,0.24068368648383576,0.21468716431349977,0.0015343339516191916,0.025229600699853548,0.002018368055988284,0.020833605881051886,5,0.005045920139970709,True,0.28335350182650876,0.005613867461311802,0.002408183003124976,128,128,0.02913695627350843,False,0,0,128,128,0,0,0,1.0,0.9708630437264916,1.0,0.0,0.0,0.0,0.02913695627350843,0.0,0.005492143434474149,True,16,16,16,0.0,0,0.9801402590383056,0.640625,0.0,True,0.720703125,True,True,4cc60991e2f74b7a3fc919769f518697da32edc437d1f3e8d401ee0419aa4316,cf81973f6af9543108e8ace796a46db0920e5229555d12ad137d8d35e729e752
l1a-gs-v2-033-1f293d6cb7,1f293d6cb7d95040ce9c9f365c2a261335ef44dc9b08873962465c14d43794ef,sweep_v2,SCREENING_L1A_FIELD_TEST_PARTICLE_WALL_LOSS,33,False,cell-05,4,exit_partial,exit_side,0.020361299960803256,0.020833605881051886,0.00047230592024863,0.020597452920927573,4.553267368955014e-06,0.020361299960803256,,0.09360154484160578,1.0,0.5447379000709132,0.08586347139691752,0.15762345778720363,False,True,False,0.7230479886844079,0.0050459201399707075,0.6016487139023629,0.0015343339516191916,0.0005317236067116695,0.0007386615703047896,0.003810719022778481,0.826331732322467,0.17423957164836068,0.24068368648383576,0.21468716431349977,0.0015343339516191916,0.025229600699853548,0.002018368055988284,0.020833605881051886,5,0.005045920139970709,True,0.28335350182650876,0.005613867461311802,0.002408183003124976,128,36,0.1540209641960254,True,384,110,512,146,259,107,0,0.28515625,0.2477617322820618,0.3257506400988644,0.505859375,0.208984375,0.0,0.0779889078168026,0.01995317580680383,0.01996197265046447,True,64,17,17,0.0,0,0.9801402590383056,0.640625,0.0,True,0.720703125,True,True,4cc60991e2f74b7a3fc919769f518697da32edc437d1f3e8d401ee0419aa4316,cf81973f6af9543108e8ace796a46db0920e5229555d12ad137d8d35e729e752
l1a-gs-v2-034-13a1a432e0,13a1a432e0ce4aa3e00927cfac8468a4dbf2f2eee550dfd124793e0a51cb8336,sweep_v2,SCREENING_L1A_FIELD_TEST_PARTICLE_WALL_LOSS,34,False,cell-01,0,anode_partial,anode_side,0.0,0.006056338925874273,0.006056338925874273,0.0030281694629371364,6.273508860366755e-05,,0.006056338925874273,0.9696471921113416,1.3815427062099732,0.47747718213071655,0.06734802818002535,0.19486622731275463,False,False,False,0.910547988684408,0.006245920139970707,0.6496487139023628,0.0016486196659049061,0.0005680872430753059,0.0007732769549201742,0.003916601375719658,0.8552791007435196,0.18641348469183894,0.27516644510452526,0.24694522882962877,0.0016486196659049061,0.031229600699853526,0.002498368055988282,0.02540798200785914,5,0.0062459201399707055,True,0.29969426213186934,0.004268492933918855,0.0022178415624265857,128,128,0.02913695627350843,False,0,0,128,128,0,0,0,1.0,0.9708630437264916,1.0,0.0,0.0,0.0,0.02913695627350843,0.0,0.005492143434474149,True,16,16,16,0.0,0,0.993191316246887,0.6259765625,0.0,True,0.74609375,True,True,00e1ecb957b2fbebedbe19d81f7935b17f9c7c640f5413f4d22ed8986d468b6e,6019bc5f88a9a6a839e0fee8a05d2684daf3232225e9bb76870d95f691378687
l1a-gs-v2-034-13a1a432e0,13a1a432e0ce4aa3e00927cfac8468a4dbf2f2eee550dfd124793e0a51cb8336,sweep_v2,SCREENING_L1A_FIELD_TEST_PARTICLE_WALL_LOSS,34,False,cell-02,1,interior,interior,0.006056338925874273,0.01257209317539842,0.0065157542495241465,0.009314216050636346,6.749398030174021e-05,0.006056338925874273,0.01257209317539842,1.0432016586037725,1.0,0.40255476214709857,0.09304417710973775,0.23113421044498347,False,False,False,0.910547988684408,0.006245920139970707,0.6496487139023628,0.0016486196659049061,0.0005680872430753059,0.0007732769549201742,0.003916601375719658,0.8552791007435196,0.18641348469183894,0.27516644510452526,0.24694522882962877,0.0016486196659049061,0.031229600699853526,0.002498368055988282,0.02540798200785914,5,0.0062459201399707055,True,0.29969426213186934,0.004268492933918855,0.0022178415624265857,128,128,0.02913695627350843,False,0,0,128,128,0,0,0,1.0,0.9708630437264916,1.0,0.0,0.0,0.0,0.02913695627350843,0.0,0.005492143434474149,True,16,16,16,0.0,0,0.993191316246887,0.6259765625,0.0,True,0.74609375,True,True,00e1ecb957b2fbebedbe19d81f7935b17f9c7c640f5413f4d22ed8986d468b6e,6019bc5f88a9a6a839e0fee8a05d2684daf3232225e9bb76870d95f691378687
l1a-gs-v2-034-13a1a432e0,13a1a432e0ce4aa3e00927cfac8468a4dbf2f2eee550dfd124793e0a51cb8336,sweep_v2,SCREENING_L1A_FIELD_TEST_PARTICLE_WALL_LOSS,34,False,cell-03,2,interior,interior,0.01257209317539842,0.018653381438348788,0.006081288262950369,0.015612737306873604,6.299352837912078e-05,0.01257209317539842,0.018653381438348788,0.9736416935646076,1.0,0.46024298568517025,0.09579375605215087,0.2081373514243598,False,False,False,0.910547988684408,0.006245920139970707,0.6496487139023628,0.0016486196659049061,0.0005680872430753059,0.0007732769549201742,0.003916601375719658,0.8552791007435196,0.18641348469183894,0.27516644510452526,0.24694522882962877,0.0016486196659049061,0.031229600699853526,0.002498368055988282,0.02540798200785914,5,0.0062459201399707055,True,0.29969426213186934,0.004268492933918855,0.0022178415624265857,128,128,0.02913695627350843,False,0,0,128,128,0,0,0,1.0,0.9708630437264916,1.0,0.0,0.0,0.0,0.02913695627350843,0.0,0.005492143434474149,True,16,16,16,0.0,0,0.993191316246887,0.6259765625,0.0,True,0.74609375,True,True,00e1ecb957b2fbebedbe19d81f7935b17f9c7c640f5413f4d22ed8986d468b6e,6019bc5f88a9a6a839e0fee8a05d2684daf3232225e9bb76870d95f691378687
l1a-gs-v2-034-13a1a432e0,13a1a432e0ce4aa3e00927cfac8468a4dbf2f2eee550dfd124793e0a51cb8336,sweep_v2,SCREENING_L1A_FIELD_TEST_PARTICLE_WALL_LOSS,34,False,cell-04,3,interior,interior,0.018653381438348788,0.02517671987699829,0.006523338438649502,0.02191505065767354,6.757254175323586e-05,0.018653381438348788,0.02517671987699829,1.044415921507459,1.0,0.4002252072624345,0.09216143784019298,0.23027394618790506,True,False,False,0.910547988684408,0.006245920139970707,0.6496487139023628,0.0016486196659049061,0.0005680872430753059,0.0007732769549201742,0.003916601375719658,0.8552791007435196,0.18641348469183894,0.27516644510452526,0.24694522882962877,0.0016486196659049061,0.031229600699853526,0.002498368055988282,0.02540798200785914,5,0.0062459201399707055,True,0.29969426213186934,0.004268492933918855,0.0022178415624265857,128,128,0.02913695627350843,False,0,0,128,128,0,0,0,1.0,0.9708630437264916,1.0,0.0,0.0,0.0,0.02913695627350843,0.0,0.005492143434474149,True,16,16,16,0.0,0,0.993191316246887,0.6259765625,0.0,True,0.74609375,True,True,00e1ecb957b2fbebedbe19d81f7935b17f9c7c640f5413f4d22ed8986d468b6e,6019bc5f88a9a6a839e0fee8a05d2684daf3232225e9bb76870d95f691378687
l1a-gs-v2-034-13a1a432e0,13a1a432e0ce4aa3e00927cfac8468a4dbf2f2eee550dfd124793e0a51cb8336,sweep_v2,SCREENING_L1A_FIELD_TEST_PARTICLE_WALL_LOSS,34,False,cell-05,4,exit_partial,exit_side,0.02517671987699829,0.02540798200785914,0.00023126213086084937,0.025292350942428717,2.3955479453511565e-06,0.02517671987699829,,0.03702611075362453,1.0,0.4750893164352852,0.09216143784019298,0.1939876032820596,True,True,False,0.910547988684408,0.006245920139970707,0.6496487139023628,0.0016486196659049061,0.0005680872430753059,0.0007732769549201742,0.003916601375719658,0.8552791007435196,0.18641348469183894,0.27516644510452526,0.24694522882962877,0.0016486196659049061,0.031229600699853526,0.002498368055988282,0.02540798200785914,5,0.0062459201399707055,True,0.29969426213186934,0.004268492933918855,0.0022178415624265857,128,32,0.14854278090958306,True,384,97,512,129,279,104,0,0.251953125,0.21629080364256667,0.2913098444699571,0.544921875,0.203125,0.0,0.07501904082739044,0.019186214727043363,0.01919840825602561,True,64,23,23,0.0,0,0.993191316246887,0.6259765625,0.0,True,0.74609375,True,True,00e1ecb957b2fbebedbe19d81f7935b17f9c7c640f5413f4d22ed8986d468b6e,6019bc5f88a9a6a839e0fee8a05d2684daf3232225e9bb76870d95f691378687
l1a-gs-v2-035-6ca4a7f3c2,6ca4a7f3c25c58c63f4d9c22ac765255508ecb320c0aca101463487d0d902a83,sweep_v2,SCREENING_L1A_FIELD_TEST_PARTICLE_WALL_LOSS,35,False,cell-01,0,anode_partial,anode_side,0.0,0.004321644002505496,0.004321644002505496,0.002160822001252748,4.7869386368266874e-05,,0.004321644002505496,0.9720471502967594,1.4467977856149457,0.7609103350642977,0.052803989387072765,0.1004017049004813,False,False,False,0.4105479886844079,0.004445920139970708,0.6611687139023628,0.0017629053801906202,0.0006044508794389421,0.0003578923395355588,0.0022224837286608343,0.8842264691645723,0.1985873977353172,0.309649203725215,0.2792032933457578,0.0017629053801906202,0.01778368055988283,0.0014226944447906264,0.014252065715339551,4,0.004445920139970708,True,0.19353077996614207,0.0068051612897969006,0.01039390358390962,128,125,0.05864132865467675,False,0,0,128,125,0,3,0,0.9765625,0.9333562549485678,0.9919975836032445,0.0,0.0234375,0.0,0.05864132865467675,0.01337213275159097,0.014360223193099752,True,16,15,15,0.0,0,0.954539119453694,0.5993303571428571,0.0,True,0.767578125,True,True,9c327245ca813f5cbeb6482f742b348f3de508fc5a46a3b48bdfa1f97fd85fdb,a205b1996444623258a5cfc9f031af249204b1b8c05e1dba7a4db281f1d03644
l1a-gs-v2-035-6ca4a7f3c2,6ca4a7f3c25c58c63f4d9c22ac765255508ecb320c0aca101463487d0d902a83,sweep_v2,SCREENING_L1A_FIELD_TEST_PARTICLE_WALL_LOSS,35,False,cell-02,1,interior,interior,0.004321644002505496,0.008893770576950063,0.004572126574444567,0.006607707289727779,5.064389694982265e-05,0.004321644002505496,0.008893770576950063,1.0283870223711868,1.0067281251829119,0.6902326761800069,0.07588612357777479,0.11068252424625627,False,False,False,0.4105479886844079,0.004445920139970708,0.6611687139023628,0.0017629053801906202,0.0006044508794389421,0.0003578923395355588,0.0022224837286608343,0.8842264691645723,0.1985873977353172,0.309649203725215,0.2792032933457578,0.0017629053801906202,0.01778368055988283,0.0014226944447906264,0.014252065715339551,4,0.004445920139970708,True,0.19353077996614207,0.0068051612897969006,0.01039390358390962,128,128,0.02913695627350843,False,0,0,128,128,0,0,0,1.0,0.9708630437264916,1.0,0.0,0.0,0.0,0.02913695627350843,0.0,0.005492143434474149,True,16,16,16,0.0,0,0.954539119453694,0.5993303571428571,0.0,True,0.767578125,True,True,9c327245ca813f5cbeb6482f742b348f3de508fc5a46a3b48bdfa1f97fd85fdb,a205b1996444623258a5cfc9f031af249204b1b8c05e1dba7a4db281f1d03644
l1a-gs-v2-035-6ca4a7f3c2,6ca4a7f3c25c58c63f4d9c22ac765255508ecb320c0aca101463487d0d902a83,sweep_v2,SCREENING_L1A_FIELD_TEST_PARTICLE_WALL_LOSS,35,False,cell-03,2,interior,interior,0.008893770576950063,0.013465911395210929,0.004572140818260866,0.011179840986080495,5.064405472374975e-05,0.008893770576950063,0.013465911395210929,1.0283902261660935,1.0036127945586422,0.6832803022568578,0.07542480797823028,0.11078513761344262,False,False,False,0.4105479886844079,0.004445920139970708,0.6611687139023628,0.0017629053801906202,0.0006044508794389421,0.0003578923395355588,0.0022224837286608343,0.8842264691645723,0.1985873977353172,0.309649203725215,0.2792032933457578,0.0017629053801906202,0.01778368055988283,0.0014226944447906264,0.014252065715339551,4,0.004445920139970708,True,0.19353077996614207,0.0068051612897969006,0.01039390358390962,128,128,0.02913695627350843,False,0,0,128,128,0,0,0,1.0,0.9708630437264916,1.0,0.0,0.0,0.0,0.02913695627350843,0.0,0.005492143434474149,True,16,16,16,0.0,0,0.954539119453694,0.5993303571428571,0.0,True,0.767578125,True,True,9c327245ca813f5cbeb6482f742b348f3de508fc5a46a3b48bdfa1f97fd85fdb,a205b1996444623258a5cfc9f031af249204b1b8c05e1dba7a4db281f1d03644
l1a-gs-v2-035-6ca4a7f3c2,6ca4a7f3c25c58c63f4d9c22ac765255508ecb320c0aca101463487d0d902a83,sweep_v2,SCREENING_L1A_FIELD_TEST_PARTICLE_WALL_LOSS,35,False,cell-04,3,exit_partial,exit_side,0.013465911395210929,0.014252065715339551,0.0007861543201286222,0.01385898855527524,8.707965041429004e-06,0.013465911395210929,,0.1768260102246915,1.0,0.7548161531384676,0.07569730231408066,0.10028574772722747,False,True,False,0.4105479886844079,0.004445920139970708,0.6611687139023628,0.0017629053801906202,0.0006044508794389421,0.0003578923395355588,0.0022224837286608343,0.8842264691645723,0.1985873977353172,0.309649203725215,0.2792032933457578,0.0017629053801906202,0.01778368055988283,0.0014226944447906264,0.014252065715339551,4,0.004445920139970708,True,0.19353077996614207,0.0068051612897969006,0.01039390358390962,128,39,0.15754539323955485,True,384,117,512,156,228,128,0,0.3046875,0.26639554250826725,0.3458884323834839,0.4453125,0.25,0.0,0.07949288987521663,0.02034147103900703,0.020348602701391657,False,64,14,14,0.0,0,0.954539119453694,0.5993303571428571,0.0,True,0.767578125,True,True,9c327245ca813f5cbeb6482f742b348f3de508fc5a46a3b48bdfa1f97fd85fdb,a205b1996444623258a5cfc9f031af249204b1b8c05e1dba7a4db281f1d03644
l1a-gs-v2-036-b84b580964,b84b5809644abc5a20bd1bebff3fab3d441fa376facd63e47372a7cf8599afb5,sweep_v2,SCREENING_L1A_FIELD_TEST_PARTICLE_WALL_LOSS,36,False,cell-01,0,anode_partial,anode_side,0.0,0.005131266604294271,0.005131266604294271,0.0025656333021471353,6.052195292108107e-05,,0.005131266604294271,0.9598472236666048,1.6138147059133354,0.7239906540522315,0.052942755365042934,0.11801229297845944,False,False,False,0.1605479886844079,0.005345920139970707,0.7091687139023628,0.0018771910944763346,0.0006408145158025786,0.00039517044604443454,0.002328366081602011,0.9131738375856249,0.21076131077879548,0.3441319623459047,0.3114613578618868,0.0018771910944763346,0.016037760419912124,0.00128302083359297,0.01265762101185516,3,0.005345920139970707,True,0.23775032397497417,0.004945080497797996,0.003140662661961617,128,127,0.04154582754598635,False,0,0,128,127,0,1,0,0.9921875,0.9570737405611394,0.9986195681071257,0.0,0.0078125,0.0,0.04154582754598635,0.007781922583256459,0.009475584891282928,True,16,16,16,0.0,0,0.9255390150731816,0.6549479166666666,0.0,True,0.7109375,True,True,7e6c244334e5d1eb5c250337f762c2b9a716a3c207746439ff10fb9adc182136,17fe2bc52c943d9c3012d38a889bc462ed9a99b1e3afe47945cc78ec5d0f28ee
l1a-gs-v2-036-b84b580964,b84b5809644abc5a20bd1bebff3fab3d441fa376facd63e47372a7cf8599afb5,sweep_v2,SCREENING_L1A_FIELD_TEST_PARTICLE_WALL_LOSS,36,False,cell-02,1,interior,interior,0.005131266604294271,0.010907490767923859,0.005776224163629588,0.008019378686109064,6.812905932430722e-05,0.005131266604294271,0.010907490767923859,1.0804920411065546,1.0,0.5647503372762336,0.0854149140340321,0.15124367069169808,False,False,False,0.1605479886844079,0.005345920139970707,0.7091687139023628,0.0018771910944763346,0.0006408145158025786,0.00039517044604443454,0.002328366081602011,0.9131738375856249,0.21076131077879548,0.3441319623459047,0.3114613578618868,0.0018771910944763346,0.016037760419912124,0.00128302083359297,0.01265762101185516,3,0.005345920139970707,True,0.23775032397497417,0.004945080497797996,0.003140662661961617,128,128,0.02913695627350843,False,0,0,128,128,0,0,0,1.0,0.9708630437264916,1.0,0.0,0.0,0.0,0.02913695627350843,0.0,0.005492143434474149,True,16,16,16,0.0,0,0.9255390150731816,0.6549479166666666,0.0,True,0.7109375,True,True,7e6c244334e5d1eb5c250337f762c2b9a716a3c207746439ff10fb9adc182136,17fe2bc52c943d9c3012d38a889bc462ed9a99b1e3afe47945cc78ec5d0f28ee
l1a-gs-v2-036-b84b580964,b84b5809644abc5a20bd1bebff3fab3d441fa376facd63e47372a7cf8599afb5,sweep_v2,SCREENING_L1A_FIELD_TEST_PARTICLE_WALL_LOSS,36,False,cell-03,2,exit_partial,exit_side,0.010907490767923859,0.01265762101185516,0.0017501302439313013,0.01178255588988951,2.0642330324510248e-05,0.010907490767923859,,0.3273768028904545,1.0,0.7246003095817771,0.0854149140340321,0.11787866069686287,False,False,False,0.1605479886844079,0.005345920139970707,0.7091687139023628,0.0018771910944763346,0.0006408145158025786,0.00039517044604443454,0.002328366081602011,0.9131738375856249,0.21076131077879548,0.3441319623459047,0.3114613578618868,0.0018771910944763346,0.016037760419912124,0.00128302083359297,0.01265762101185516,3,0.005345920139970707,True,0.23775032397497417,0.004945080497797996,0.003140662661961617,128,63,0.17067527654865666,True,384,185,512,248,136,128,0,0.484375,0.4413643447142569,0.5276183732770832,0.265625,0.25,0.0,0.08625402856282627,0.022086294683395784,0.022086336727582374,False,64,34,34,0.0,0,0.9255390150731816,0.6549479166666666,0.0,True,0.7109375,True,True,7e6c244334e5d1eb5c250337f762c2b9a716a3c207746439ff10fb9adc182136,17fe2bc52c943d9c3012d38a889bc462ed9a99b1e3afe47945cc78ec5d0f28ee
l1a-gs-v2-037-4de0233d45,4de0233d4576a02b16524fc342632f2307e7c541b2c76f76562515799c36926a,sweep_v2,SCREENING_L1A_FIELD_TEST_PARTICLE_WALL_LOSS,37,False,cell-01,0,anode_partial,anode_side,0.0,0.005330311383995778,0.005330311383995778,0.002665155691997889,6.669721529527845e-05,,0.005330311383995778,0.9728170835618507,1.6556495254710002,0.6385972773538157,0.03834879107144746,0.09942441033091126,False,False,False,0.6605479886844079,0.005479253473304041,0.5171687139023629,0.001991476808762049,0.0006771781521662149,0.00042978583065981916,0.0024342484345431874,0.9421212060066775,0.2229352238222737,0.3786147209665942,0.343719422378016,0.001991476808762049,0.021917013893216163,0.0017533611114572932,0.017030939495416134,4,0.005479253473304041,True,0.19876949374746763,0.00477956100435591,0.0016644948506143377,128,127,0.04154582754598635,False,0,0,128,127,0,1,0,0.9921875,0.9570737405611394,0.9986195681071257,0.0,0.0078125,0.0,0.04154582754598635,0.007781922583256459,0.009475584891282928,True,16,16,16,0.0,0,0.9786221881612059,0.5825892857142857,0.0,True,0.78515625,True,True,c390666e423ec30a08633c4aa69e73bde57588eac6b0f08929a7035e3bb185f3,2c2eda0ef8bd76ff4e5a2980965ee08c2afa7e76684e7f31cd9e5c33469ffc72
l1a-gs-v2-037-4de0233d45,4de0233d4576a02b16524fc342632f2307e7c541b2c76f76562515799c36926a,sweep_v2,SCREENING_L1A_FIELD_TEST_PARTICLE_WALL_LOSS,37,False,cell-02,1,interior,interior,0.005330311383995778,0.010958356786140256,0.005628045402144478,0.008144334085068016,7.042270682450051e-05,0.005330311383995778,0.010958356786140256,1.0271555111595732,1.0,0.5632625749923682,0.06349215773982851,0.11272213095409149,False,False,False,0.6605479886844079,0.005479253473304041,0.5171687139023629,0.001991476808762049,0.0006771781521662149,0.00042978583065981916,0.0024342484345431874,0.9421212060066775,0.2229352238222737,0.3786147209665942,0.343719422378016,0.001991476808762049,0.021917013893216163,0.0017533611114572932,0.017030939495416134,4,0.005479253473304041,True,0.19876949374746763,0.00477956100435591,0.0016644948506143377,128,128,0.02913695627350843,False,0,0,128,128,0,0,0,1.0,0.9708630437264916,1.0,0.0,0.0,0.0,0.02913695627350843,0.0,0.005492143434474149,True,16,16,16,0.0,0,0.9786221881612059,0.5825892857142857,0.0,True,0.78515625,True,True,c390666e423ec30a08633c4aa69e73bde57588eac6b0f08929a7035e3bb185f3,2c2eda0ef8bd76ff4e5a2980965ee08c2afa7e76684e7f31cd9e5c33469ffc72
l1a-gs-v2-037-4de0233d45,4de0233d4576a02b16524fc342632f2307e7c541b2c76f76562515799c36926a,sweep_v2,SCREENING_L1A_FIELD_TEST_PARTICLE_WALL_LOSS,37,False,cell-03,2,interior,interior,0.010958356786140256,0.016588339294104835,0.005629982507964579,0.013773348040122545,7.044694547673402e-05,0.010958356786140256,0.016588339294104835,1.0275090457842329,1.0,0.562682168985424,0.0634750873551191,0.11280806617627755,False,False,False,0.6605479886844079,0.005479253473304041,0.5171687139023629,0.001991476808762049,0.0006771781521662149,0.00042978583065981916,0.0024342484345431874,0.9421212060066775,0.2229352238222737,0.3786147209665942,0.343719422378016,0.001991476808762049,0.021917013893216163,0.0017533611114572932,0.017030939495416134,4,0.005479253473304041,True,0.19876949374746763,0.00477956100435591,0.0016644948506143377,128,128,0.02913695627350843,False,0,0,128,128,0,0,0,1.0,0.9708630437264916,1.0,0.0,0.0,0.0,0.02913695627350843,0.0,0.005492143434474149,True,16,16,16,0.0,0,0.9786221881612059,0.5825892857142857,0.0,True,0.78515625,True,True,c390666e423ec30a08633c4aa69e73bde57588eac6b0f08929a7035e3bb185f3,2c2eda0ef8bd76ff4e5a2980965ee08c2afa7e76684e7f31cd9e5c33469ffc72
l1a-gs-v2-037-4de0233d45,4de0233d4576a02b16524fc342632f2307e7c541b2c76f76562515799c36926a,sweep_v2,SCREENING_L1A_FIELD_TEST_PARTICLE_WALL_LOSS,37,False,cell-04,3,exit_partial,exit_side,0.016588339294104835,0.017030939495416134,0.0004426002013112988,0.016809639394760482,5.538175688052198e-06,0.016588339294104835,,0.08077746420524816,1.0001855637152413,0.6395153797805662,0.06346331086737304,0.09925498175962398,False,True,False,0.6605479886844079,0.005479253473304041,0.5171687139023629,0.001991476808762049,0.0006771781521662149,0.00042978583065981916,0.0024342484345431874,0.9421212060066775,0.2229352238222737,0.3786147209665942,0.343719422378016,0.001991476808762049,0.021917013893216163,0.0017533611114572932,0.017030939495416134,4,0.005479253473304041,True,0.19876949374746763,0.00477956100435591,0.0016644948506143377,128,34,0.15139792792606135,True,384,105,512,139,263,110,0,0.271484375,0.23477045990317524,0.31160179072017347,0.513671875,0.21484375,0.0,0.07683133081699822,0.01965426804052264,0.019664371090417715,True,64,18,18,0.0,0,0.9786221881612059,0.5825892857142857,0.0,True,0.78515625,True,True,c390666e423ec30a08633c4aa69e73bde57588eac6b0f08929a7035e3bb185f3,2c2eda0ef8bd76ff4e5a2980965ee08c2afa7e76684e7f31cd9e5c33469ffc72
l1a-gs-v2-038-474b968ed6,474b968ed6f4fb2e93bcf0c37cae4d636997c3602ff0d1b513881e6bc22f1d67,sweep_v2,SCREENING_L1A_FIELD_TEST_PARTICLE_WALL_LOSS,38,False,cell-01,0,anode_partial,anode_side,0.0,0.006144665832363728,0.006144665832363728,0.003072332916181864,8.19297713783779e-05,,0.006144665832363728,0.9632264743951597,1.8022542938601092,0.6090270695905406,0.03872272352021847,0.11458964341468662,False,False,False,0.035547988684407894,0.006379253473304041,0.5651687139023628,0.002122089053660008,0.0007135417885298513,0.0004644012152752038,0.002540130787484364,0.9710685744277301,0.23510913686575197,0.41309747958728393,0.375977486894145,0.002122089053660008,0.019137760419912123,0.00153102083359297,0.014638298086043031,3,0.006379253473304041,True,0.20839989693378802,0.003735008528862678,0.004147336877452902,128,128,0.02913695627350843,False,0,0,128,128,0,0,0,1.0,0.9708630437264916,1.0,0.0,0.0,0.0,0.02913695627350843,0.0,0.005492143434474149,True,16,16,16,0.0,0,0.9362843017776638,0.62109375,0.0,True,0.697265625,True,True,7b65fbbc488a72523bd53571ec6be878b746104126757dfdd7e01aae8d5232ea,7449f879904226b9381ad3b74caad87f0c176cf9db775883da675b29d6e59719
l1a-gs-v2-038-474b968ed6,474b968ed6f4fb2e93bcf0c37cae4d636997c3602ff0d1b513881e6bc22f1d67,sweep_v2,SCREENING_L1A_FIELD_TEST_PARTICLE_WALL_LOSS,38,False,cell-02,1,interior,interior,0.006144665832363728,0.012997277590271462,0.006852611757907734,0.009570971711317594,9.13691533416054e-05,0.006144665832363728,0.012997277590271462,1.0742027709957924,1.0002685754899356,0.48207098921122066,0.06968572165884257,0.14459371979577354,False,False,False,0.035547988684407894,0.006379253473304041,0.5651687139023628,0.002122089053660008,0.0007135417885298513,0.0004644012152752038,0.002540130787484364,0.9710685744277301,0.23510913686575197,0.41309747958728393,0.375977486894145,0.002122089053660008,0.019137760419912123,0.00153102083359297,0.014638298086043031,3,0.006379253473304041,True,0.20839989693378802,0.003735008528862678,0.004147336877452902,128,128,0.02913695627350843,False,0,0,128,128,0,0,0,1.0,0.9708630437264916,1.0,0.0,0.0,0.0,0.02913695627350843,0.0,0.005492143434474149,True,16,16,16,0.0,0,0.9362843017776638,0.62109375,0.0,True,0.697265625,True,True,7b65fbbc488a72523bd53571ec6be878b746104126757dfdd7e01aae8d5232ea,7449f879904226b9381ad3b74caad87f0c176cf9db775883da675b29d6e59719
l1a-gs-v2-038-474b968ed6,474b968ed6f4fb2e93bcf0c37cae4d636997c3602ff0d1b513881e6bc22f1d67,sweep_v2,SCREENING_L1A_FIELD_TEST_PARTICLE_WALL_LOSS,38,False,cell-03,2,exit_partial,exit_side,0.012997277590271462,0.014638298086043031,0.0016410204957715696,0.013817787838157247,2.188051192916987e-05,0.012997277590271462,,0.2572433440117919,1.0,0.6077375805691168,0.0697044375356786,0.11469496006879118,False,False,False,0.035547988684407894,0.006379253473304041,0.5651687139023628,0.002122089053660008,0.0007135417885298513,0.0004644012152752038,0.002540130787484364,0.9710685744277301,0.23510913686575197,0.41309747958728393,0.375977486894145,0.002122089053660008,0.019137760419912123,0.00153102083359297,0.014638298086043031,3,0.006379253473304041,True,0.20839989693378802,0.003735008528862678,0.004147336877452902,128,56,0.16939585699312765,True,384,165,512,221,163,128,0,0.431640625,0.38940389657104313,0.4748954946410697,0.318359375,0.25,0.0,0.0854915980700266,0.021889593161335097,0.021890405130619163,False,64,29,29,0.0,0,0.9362843017776638,0.62109375,0.0,True,0.697265625,True,True,7b65fbbc488a72523bd53571ec6be878b746104126757dfdd7e01aae8d5232ea,7449f879904226b9381ad3b74caad87f0c176cf9db775883da675b29d6e59719
l1a-gs-v2-039-df1626ab7e,df1626ab7e2f1e29cbdaf4823104701ff9496d34ebc51d30c4937e276f2379cb,sweep_v2,SCREENING_L1A_FIELD_TEST_PARTICLE_WALL_LOSS,39,False,cell-01,0,anode_partial,anode_side,0.0,0.0044502860927854515,0.0044502860927854515,0.0022251430463927258,4.016387131705928e-05,,0.0044502860927854515,0.9718365927393103,1.2057652070936418,0.5533621318384779,0.06352629012655282,0.1384225373641795,False,False,False,0.5355479886844079,0.004579253473304041,0.6131687139023628,0.0014363747679457222,0.0007499054248934876,0.0004990165998905884,0.00264601314042554,1.0000159428487827,0.24728304990923022,0.4487692988500664,0.408235551410274,0.0014363747679457222,0.018317013893216164,0.0014653611114572931,0.013787526832471928,4,0.004579253473304041,True,0.22665290792851783,0.006906717907088411,0.0022314300221418734,128,125,0.05864132865467675,False,0,0,128,125,0,3,0,0.9765625,0.9333562549485678,0.9919975836032445,0.0,0.0234375,0.0,0.05864132865467675,0.01337213275159097,0.014360223193099752,True,16,16,16,0.0,0,0.9924349318360703,0.9921875,0.0,True,0.77734375,True,True,e85a244a1854f4a6bffcb753e6c8a7df5c09961a9be3d456140323ffa69c3989,469b61f97298c5deb4ca93c153dc98ac0118edf808feeaafcb9f29e240100cc6
l1a-gs-v2-039-df1626ab7e,df1626ab7e2f1e29cbdaf4823104701ff9496d34ebc51d30c4937e276f2379cb,sweep_v2,SCREENING_L1A_FIELD_TEST_PARTICLE_WALL_LOSS,39,False,cell-02,1,interior,interior,0.0044502860927854515,0.009158962973518156,0.004708676880732705,0.006804624533151804,4.249585046182735e-05,0.0044502860927854515,0.009158962973518156,1.0282629926871643,1.0,0.49968930203833417,0.07659779037033373,0.15329083504064583,False,False,False,0.5355479886844079,0.004579253473304041,0.6131687139023628,0.0014363747679457222,0.0007499054248934876,0.0004990165998905884,0.00264601314042554,1.0000159428487827,0.24728304990923022,0.4487692988500664,0.408235551410274,0.0014363747679457222,0.018317013893216164,0.0014653611114572931,0.013787526832471928,4,0.004579253473304041,True,0.22665290792851783,0.006906717907088411,0.0022314300221418734,128,128,0.02913695627350843,False,0,0,128,128,0,0,0,1.0,0.9708630437264916,1.0,0.0,0.0,0.0,0.02913695627350843,0.0,0.005492143434474149,True,16,16,16,0.0,0,0.9924349318360703,0.9921875,0.0,True,0.77734375,True,True,e85a244a1854f4a6bffcb753e6c8a7df5c09961a9be3d456140323ffa69c3989,469b61f97298c5deb4ca93c153dc98ac0118edf808feeaafcb9f29e240100cc6
l1a-gs-v2-039-df1626ab7e,df1626ab7e2f1e29cbdaf4823104701ff9496d34ebc51d30c4937e276f2379cb,sweep_v2,SCREENING_L1A_FIELD_TEST_PARTICLE_WALL_LOSS,39,False,cell-03,2,exit_partial,exit_side,0.009158962973518156,0.013787526832471928,0.004628563858953771,0.011473244902995042,4.177282973226884e-05,0.009158962973518156,,1.0107682149366044,1.050842479247045,0.5319419899490868,0.07763878894675054,0.15337412538226242,False,False,False,0.5355479886844079,0.004579253473304041,0.6131687139023628,0.0014363747679457222,0.0007499054248934876,0.0004990165998905884,0.00264601314042554,1.0000159428487827,0.24728304990923022,0.4487692988500664,0.408235551410274,0.0014363747679457222,0.018317013893216164,0.0014653611114572931,0.013787526832471928,4,0.004579253473304041,True,0.22665290792851783,0.006906717907088411,0.0022314300221418734,128,128,0.02913695627350843,False,0,0,128,128,0,0,0,1.0,0.9708630437264916,1.0,0.0,0.0,0.0,0.02913695627350843,0.0,0.005492143434474149,True,16,16,16,0.0,0,0.9924349318360703,0.9921875,0.0,True,0.77734375,True,True,e85a244a1854f4a6bffcb753e6c8a7df5c09961a9be3d456140323ffa69c3989,469b61f97298c5deb4ca93c153dc98ac0118edf808feeaafcb9f29e240100cc6
l1a-gs-v2-040-827cdb9c2a,827cdb9c2ac919fb062a39f418a0cedfa9aa76d556fe136bed4a3551987ea10e,sweep_v2,SCREENING_L1A_FIELD_TEST_PARTICLE_WALL_LOSS,40,False,cell-01,0,anode_partial,anode_side,0.0,0.005554509653191192,0.005554509653191192,0.002777254826595596,5.411807167310804e-05,,0.005554509653191192,0.9611119634826536,1.458564453719265,0.5111186554456171,0.05835223241872352,0.1665180699125759,False,False,False,0.2855479886844079,0.005779253473304041,0.6707687139023628,0.0015506604822314366,0.000786269061257124,0.000533631984505973,0.002751895493366717,1.0289633112698353,0.25945696295270854,0.48325205747075606,0.44049361592640324,0.0015506604822314366,0.017337760419912123,0.00138702083359297,0.012839357756960046,3,0.005779253473304041,True,0.28345116055493763,0.004543452990932521,0.0029656901469377415,128,128,0.02913695627350843,False,0,0,128,128,0,0,0,1.0,0.9708630437264916,1.0,0.0,0.0,0.0,0.02913695627350843,0.0,0.005492143434474149,True,16,16,16,0.0,0,0.9511281829386521,0.6041666666666666,0.0,True,0.74609375,True,True,974d5f537113cb0a4900fea7b7ba78b7a02ff0d9d845a152190782e8f9bd71bd,0b4c8908a66726b93018dce239b558df8d8ae8f8651a0e2c67de8c5bfd535d68
l1a-gs-v2-040-827cdb9c2a,827cdb9c2ac919fb062a39f418a0cedfa9aa76d556fe136bed4a3551987ea10e,sweep_v2,SCREENING_L1A_FIELD_TEST_PARTICLE_WALL_LOSS,40,False,cell-02,1,interior,interior,0.005554509653191192,0.011782544715303881,0.006228035062112689,0.008668527184247536,6.06802884356141e-05,0.005554509653191192,0.011782544715303881,1.077653903031195,1.000026659349234,0.4010192175438452,0.08503789985150977,0.2120600788845792,False,False,False,0.2855479886844079,0.005779253473304041,0.6707687139023628,0.0015506604822314366,0.000786269061257124,0.000533631984505973,0.002751895493366717,1.0289633112698353,0.25945696295270854,0.48325205747075606,0.44049361592640324,0.0015506604822314366,0.017337760419912123,0.00138702083359297,0.012839357756960046,3,0.005779253473304041,True,0.28345116055493763,0.004543452990932521,0.0029656901469377415,128,128,0.02913695627350843,False,0,0,128,128,0,0,0,1.0,0.9708630437264916,1.0,0.0,0.0,0.0,0.02913695627350843,0.0,0.005492143434474149,True,16,16,16,0.0,0,0.9511281829386521,0.6041666666666666,0.0,True,0.74609375,True,True,974d5f537113cb0a4900fea7b7ba78b7a02ff0d9d845a152190782e8f9bd71bd,0b4c8908a66726b93018dce239b558df8d8ae8f8651a0e2c67de8c5bfd535d68
l1a-gs-v2-040-827cdb9c2a,827cdb9c2ac919fb062a39f418a0cedfa9aa76d556fe136bed4a3551987ea10e,sweep_v2,SCREENING_L1A_FIELD_TEST_PARTICLE_WALL_LOSS,40,False,cell-03,2,exit_partial,exit_side,0.011782544715303881,0.012839357756960046,0.0010568130416561648,0.012310951236131963,1.0296621574969293e-05,0.011782544715303881,,0.18286324462802583,1.0,0.5106038781406596,0.08504016690658003,0.16654821975941483,False,False,False,0.2855479886844079,0.005779253473304041,0.6707687139023628,0.0015506604822314366,0.000786269061257124,0.000533631984505973,0.002751895493366717,1.0289633112698353,0.25945696295270854,0.48325205747075606,0.44049361592640324,0.0015506604822314366,0.017337760419912123,0.00138702083359297,0.012839357756960046,3,0.005779253473304041,True,0.28345116055493763,0.004543452990932521,0.0029656901469377415,128,51,0.167241742005086,True,384,157,512,208,176,128,0,0.40625,0.3645597190580231,0.4493365888900174,0.34375,0.25,0.0,0.08477686983199428,0.021705186299700068,0.021706726413477203,False,64,24,24,0.0,0,0.9511281829386521,0.6041666666666666,0.0,True,0.74609375,True,True,974d5f537113cb0a4900fea7b7ba78b7a02ff0d9d845a152190782e8f9bd71bd,0b4c8908a66726b93018dce239b558df8d8ae8f8651a0e2c67de8c5bfd535d68
l1a-gs-v2-041-b62c5d7163,b62c5d7163459220d5a3497ddbf0149153346ffe11bf52492538675bbc5c5cbc,sweep_v2,SCREENING_L1A_FIELD_TEST_PARTICLE_WALL_LOSS,41,False,cell-01,0,anode_partial,anode_side,0.0,0.003815045062946878,0.003815045062946878,0.001907522531473439,3.990981771409646e-05,,0.003815045062946878,0.9587338651687305,1.0020336622669388,0.7507198928633528,0.08558938994198799,0.11424161084588991,False,False,False,0.7855479886844079,0.00397925347330404,0.7187687139023629,0.0016649461965171507,0.0008226326976207604,0.0005682473691213576,0.002857777846307893,1.0579106796908881,0.2716308759961868,0.5177348160914457,0.47379226316885886,0.0016649461965171507,0.019896267366520202,0.0015917013893216162,0.014491826832697976,5,0.00397925347330404,True,0.22501488745682718,0.007458892922706184,0.00557439557011442,128,84,0.16240214547322607,True,384,261,512,345,0,167,0,0.673828125,0.6320564745259137,0.7130107878204278,0.0,0.326171875,0.0,0.08095431329451408,0.020718716202790324,0.020724262565945846,False,64,47,47,0.0,0,0.8207362642859799,0.66953125,0.0,True,0.724609375,True,True,90de307cd390fed2445f29cd07823f315d28ef1d20a91299a9c83695a5299bb6,9df599941bbd0a756bdf0811e1b3f0bb922857de0426b4af430fcc61d45bfd1b
l1a-gs-v2-041-b62c5d7163,b62c5d7163459220d5a3497ddbf0149153346ffe11bf52492538675bbc5c5cbc,sweep_v2,SCREENING_L1A_FIELD_TEST_PARTICLE_WALL_LOSS,41,False,cell-02,1,interior,interior,0.003815045062946878,0.008106661351849712,0.004291616288902834,0.005960853207398295,4.489530817144744e-05,0.003815045062946878,0.008106661351849712,1.0784978433000985,1.0100803786772496,0.6957989591128497,0.08241537090481445,0.11964109454618987,False,False,False,0.7855479886844079,0.00397925347330404,0.7187687139023629,0.0016649461965171507,0.0008226326976207604,0.0005682473691213576,0.002857777846307893,1.0579106796908881,0.2716308759961868,0.5177348160914457,0.47379226316885886,0.0016649461965171507,0.019896267366520202,0.0015917013893216162,0.014491826832697976,5,0.00397925347330404,True,0.22501488745682718,0.007458892922706184,0.00557439557011442,128,128,0.02913695627350843,False,0,0,128,128,0,0,0,1.0,0.9708630437264916,1.0,0.0,0.0,0.0,0.02913695627350843,0.0,0.005492143434474149,True,16,16,16,0.0,0,0.8207362642859799,0.66953125,0.0,True,0.724609375,True,True,90de307cd390fed2445f29cd07823f315d28ef1d20a91299a9c83695a5299bb6,9df599941bbd0a756bdf0811e1b3f0bb922857de0426b4af430fcc61d45bfd1b
l1a-gs-v2-041-b62c5d7163,b62c5d7163459220d5a3497ddbf0149153346ffe11bf52492538675bbc5c5cbc,sweep_v2,SCREENING_L1A_FIELD_TEST_PARTICLE_WALL_LOSS,41,False,cell-03,2,interior,interior,0.008106661351849712,0.011784829604779501,0.003678168252929789,0.009945745478314606,3.847792675424252e-05,0.008106661351849712,0.011784829604779501,0.9243362549296827,1.0054660037675995,0.9422566526221725,0.08279359892868364,0.08834763736684502,False,False,False,0.7855479886844079,0.00397925347330404,0.7187687139023629,0.0016649461965171507,0.0008226326976207604,0.0005682473691213576,0.002857777846307893,1.0579106796908881,0.2716308759961868,0.5177348160914457,0.47379226316885886,0.0016649461965171507,0.019896267366520202,0.0015917013893216162,0.014491826832697976,5,0.00397925347330404,True,0.22501488745682718,0.007458892922706184,0.00557439557011442,128,128,0.02913695627350843,False,0,0,128,128,0,0,0,1.0,0.9708630437264916,1.0,0.0,0.0,0.0,0.02913695627350843,0.0,0.005492143434474149,True,16,16,16,0.0,0,0.8207362642859799,0.66953125,0.0,True,0.724609375,True,True,90de307cd390fed2445f29cd07823f315d28ef1d20a91299a9c83695a5299bb6,9df599941bbd0a756bdf0811e1b3f0bb922857de0426b4af430fcc61d45bfd1b
l1a-gs-v2-041-b62c5d7163,b62c5d7163459220d5a3497ddbf0149153346ffe11bf52492538675bbc5c5cbc,sweep_v2,SCREENING_L1A_FIELD_TEST_PARTICLE_WALL_LOSS,41,False,cell-04,3,exit_partial,exit_side,0.011784829604779501,0.014491826832697976,0.002706997227918475,0.013138328218738738,2.8318345952993814e-05,0.011784829604779501,,0.6802776566205545,1.0,0.7024750014136425,0.08423169202521853,0.11990703136156142,False,False,False,0.7855479886844079,0.00397925347330404,0.7187687139023629,0.0016649461965171507,0.0008226326976207604,0.0005682473691213576,0.002857777846307893,1.0579106796908881,0.2716308759961868,0.5177348160914457,0.47379226316885886,0.0016649461965171507,0.019896267366520202,0.0015917013893216162,0.014491826832697976,5,0.00397925347330404,True,0.22501488745682718,0.007458892922706184,0.00557439557011442,128,64,0.17069550747898554,True,384,192,512,256,54,202,0,0.5,0.45685206921855137,0.5431479307814486,0.10546875,0.39453125,0.0,0.08629586156289726,0.02209708691207961,0.02209708691207961,False,64,32,32,0.0,0,0.8207362642859799,0.66953125,0.0,True,0.724609375,True,True,90de307cd390fed2445f29cd07823f315d28ef1d20a91299a9c83695a5299bb6,9df599941bbd0a756bdf0811e1b3f0bb922857de0426b4af430fcc61d45bfd1b
l1a-gs-v2-042-ae9a80d120,ae9a80d1204f066a5fd38d7819d0413fc4b4f12744a565259708cc11fc786e2f,sweep_v2,SCREENING_L1A_FIELD_TEST_PARTICLE_WALL_LOSS,42,False,cell-01,0,anode_partial,anode_side,0.0,0.004709385239997998,0.004709385239997998,0.002354692619998999,5.264736574616096e-05,,0.004709385239997998,0.9651856100045947,1.5290143305757296,0.6591286281718065,0.06328252413759952,0.14679970213063334,False,False,False,0.832422988684408,0.004879253473304041,0.5267687139023628,0.001779231910802865,0.0008589963339843967,0.0006028627537367422,0.00296366019924907,1.0868580481119405,0.0038047890396649647,0.5522175747121354,0.5060503276849879,0.001779231910802865,0.024396267366520206,0.0019517013893216165,0.024396267366520206,5,0.004879253473304041,False,0.2843151279369168,0.00578062317895819,0.0052770638334488085,128,128,0.02913695627350843,False,0,0,128,128,0,0,0,1.0,0.9708630437264916,1.0,0.0,0.0,0.0,0.02913695627350843,0.0,0.005492143434474149,True,16,16,16,0.0,0,1.0,1.0,0.0,True,0.67578125,True,True,210a64a7bdf2b2b895a23dd01e4fa4b3c6c82a7794950662af7e4136b5788fe5,ff68829f851d6bc01123e8c662bdc4d1ad787d230d0d97aec2d37846cd30e761
l1a-gs-v2-042-ae9a80d120,ae9a80d1204f066a5fd38d7819d0413fc4b4f12744a565259708cc11fc786e2f,sweep_v2,SCREENING_L1A_FIELD_TEST_PARTICLE_WALL_LOSS,42,False,cell-02,1,interior,interior,0.004709385239997998,0.009848597372519668,0.0051392121325216705,0.007278991306258833,5.745250536948878e-05,0.004709385239997998,0.009848597372519668,1.0532783674059867,1.0001983327299337,0.5627156845031277,0.09674069943437966,0.17195164262540893,False,False,False,0.832422988684408,0.004879253473304041,0.5267687139023628,0.001779231910802865,0.0008589963339843967,0.0006028627537367422,0.00296366019924907,1.0868580481119405,0.0038047890396649647,0.5522175747121354,0.5060503276849879,0.001779231910802865,0.024396267366520206,0.0019517013893216165,0.024396267366520206,5,0.004879253473304041,False,0.2843151279369168,0.00578062317895819,0.0052770638334488085,128,128,0.02913695627350843,False,0,0,128,128,0,0,0,1.0,0.9708630437264916,1.0,0.0,0.0,0.0,0.02913695627350843,0.0,0.005492143434474149,True,16,16,16,0.0,0,1.0,1.0,0.0,True,0.67578125,True,True,210a64a7bdf2b2b895a23dd01e4fa4b3c6c82a7794950662af7e4136b5788fe5,ff68829f851d6bc01123e8c662bdc4d1ad787d230d0d97aec2d37846cd30e761
l1a-gs-v2-042-ae9a80d120,ae9a80d1204f066a5fd38d7819d0413fc4b4f12744a565259708cc11fc786e2f,sweep_v2,SCREENING_L1A_FIELD_TEST_PARTICLE_WALL_LOSS,42,False,cell-03,2,interior,interior,0.009848597372519668,0.014553259761199987,0.004704662388680319,0.012200928566859828,5.259456783984937e-05,0.009848597372519668,0.014553259761199987,0.9642176645302472,1.0,0.659792488079151,0.09875499425404281,0.14967583905289297,False,False,False,0.832422988684408,0.004879253473304041,0.5267687139023628,0.001779231910802865,0.0008589963339843967,0.0006028627537367422,0.00296366019924907,1.0868580481119405,0.0038047890396649647,0.5522175747121354,0.5060503276849879,0.001779231910802865,0.024396267366520206,0.0019517013893216165,0.024396267366520206,5,0.004879253473304041,False,0.2843151279369168,0.00578062317895819,0.0052770638334488085,128,128,0.02913695627350843,False,0,0,128,128,0,0,0,1.0,0.9708630437264916,1.0,0.0,0.0,0.0,0.02913695627350843,0.0,0.005492143434474149,True,16,16,16,0.0,0,1.0,1.0,0.0,True,0.67578125,True,True,210a64a7bdf2b2b895a23dd01e4fa4b3c6c82a7794950662af7e4136b5788fe5,ff68829f851d6bc01123e8c662bdc4d1ad787d230d0d97aec2d37846cd30e761
l1a-gs-v2-042-ae9a80d120,ae9a80d1204f066a5fd38d7819d0413fc4b4f12744a565259708cc11fc786e2f,sweep_v2,SCREENING_L1A_FIELD_TEST_PARTICLE_WALL_LOSS,42,False,cell-04,3,interior,interior,0.014553259761199987,0.01968503809642704,0.005131778335227051,0.017119148928813513,5.736940113717229e-05,0.014553259761199987,0.01968503809642704,1.0517548152201264,1.0,0.5624856067292471,0.09628853295440784,0.17118399440353396,False,False,False,0.832422988684408,0.004879253473304041,0.5267687139023628,0.001779231910802865,0.0008589963339843967,0.0006028627537367422,0.00296366019924907,1.0868580481119405,0.0038047890396649647,0.5522175747121354,0.5060503276849879,0.001779231910802865,0.024396267366520206,0.0019517013893216165,0.024396267366520206,5,0.004879253473304041,False,0.2843151279369168,0.00578062317895819,0.0052770638334488085,128,128,0.02913695627350843,False,0,0,128,128,0,0,0,1.0,0.9708630437264916,1.0,0.0,0.0,0.0,0.02913695627350843,0.0,0.005492143434474149,True,16,16,16,0.0,0,1.0,1.0,0.0,True,0.67578125,True,True,210a64a7bdf2b2b895a23dd01e4fa4b3c6c82a7794950662af7e4136b5788fe5,ff68829f851d6bc01123e8c662bdc4d1ad787d230d0d97aec2d37846cd30e761
l1a-gs-v2-042-ae9a80d120,ae9a80d1204f066a5fd38d7819d0413fc4b4f12744a565259708cc11fc786e2f,sweep_v2,SCREENING_L1A_FIELD_TEST_PARTICLE_WALL_LOSS,42,False,cell-05,4,exit_partial,exit_side,0.01968503809642704,0.024396267366520206,0.004711229270093167,0.022040652731473622,5.2667980608169436e-05,0.01968503809642704,,0.9655635428390454,1.539732520889755,0.6597030271805595,0.06253588311479336,0.14595739141280892,False,False,False,0.832422988684408,0.004879253473304041,0.5267687139023628,0.001779231910802865,0.0008589963339843967,0.0006028627537367422,0.00296366019924907,1.0868580481119405,0.0038047890396649647,0.5522175747121354,0.5060503276849879,0.001779231910802865,0.024396267366520206,0.0019517013893216165,0.024396267366520206,5,0.004879253473304041,False,0.2843151279369168,0.00578062317895819,0.0052770638334488085,128,128,0.02913695627350843,False,0,0,128,128,0,0,0,1.0,0.9708630437264916,1.0,0.0,0.0,0.0,0.02913695627350843,0.0,0.005492143434474149,True,16,16,16,0.0,0,1.0,1.0,0.0,True,0.67578125,True,True,210a64a7bdf2b2b895a23dd01e4fa4b3c6c82a7794950662af7e4136b5788fe5,ff68829f851d6bc01123e8c662bdc4d1ad787d230d0d97aec2d37846cd30e761
l1a-gs-v2-043-b585cd28ea,b585cd28ea90caa0e5b91640e68345e42081518d79eb8270da50efbf231fb9ab,sweep_v2,SCREENING_L1A_FIELD_TEST_PARTICLE_WALL_LOSS,43,False,cell-01,0,anode_partial,anode_side,0.0,0.005823021651680147,0.005823021651680147,0.0029115108258400734,6.927836430667697e-05,,0.005823021651680147,0.957851433116074,1.4070714194622889,0.5759263702316161,0.058825977058442835,0.14372037003200816,False,False,False,0.3324229886844079,0.0060792534733040415,0.5747687139023628,0.0018935176250885794,0.0008986657554719999,0.0006374781383521269,0.003069542552190246,1.1158054165329934,0.01597870208314328,0.586700333332825,0.5383083922011169,0.0018935176250885794,0.018237760419912125,0.00145902083359297,0.017946344679498606,3,0.0060792534733040415,True,0.2654863750380336,0.00381401166615451,0.001434546511116825,128,128,0.02913695627350843,False,0,0,128,128,0,0,0,1.0,0.9708630437264916,1.0,0.0,0.0,0.0,0.02913695627350843,0.0,0.005492143434474149,True,16,16,16,0.0,0,0.9903731224116922,0.9895833333333334,0.0,True,0.841796875,True,True,2a6a9f537c5f17352d76c9796286d6f208cc5e555c01820032442514e8718851,8dbf6560dd2f3235e19d08ed82557e9be0bd5b90415e5c53259786fee1413a42
l1a-gs-v2-043-b585cd28ea,b585cd28ea90caa0e5b91640e68345e42081518d79eb8270da50efbf231fb9ab,sweep_v2,SCREENING_L1A_FIELD_TEST_PARTICLE_WALL_LOSS,43,False,cell-02,1,interior,interior,0.005823021651680147,0.01241779225111098,0.006594770599430833,0.009120406951395564,7.846011013448786e-05,0.005823021651680147,0.01241779225111098,1.0847994130184886,1.0,0.4563626447597667,0.0827723510408792,0.1813740716759394,False,False,False,0.3324229886844079,0.0060792534733040415,0.5747687139023628,0.0018935176250885794,0.0008986657554719999,0.0006374781383521269,0.003069542552190246,1.1158054165329934,0.01597870208314328,0.586700333332825,0.5383083922011169,0.0018935176250885794,0.018237760419912125,0.00145902083359297,0.017946344679498606,3,0.0060792534733040415,True,0.2654863750380336,0.00381401166615451,0.001434546511116825,128,128,0.02913695627350843,False,0,0,128,128,0,0,0,1.0,0.9708630437264916,1.0,0.0,0.0,0.0,0.02913695627350843,0.0,0.005492143434474149,True,16,16,16,0.0,0,0.9903731224116922,0.9895833333333334,0.0,True,0.841796875,True,True,2a6a9f537c5f17352d76c9796286d6f208cc5e555c01820032442514e8718851,8dbf6560dd2f3235e19d08ed82557e9be0bd5b90415e5c53259786fee1413a42
l1a-gs-v2-043-b585cd28ea,b585cd28ea90caa0e5b91640e68345e42081518d79eb8270da50efbf231fb9ab,sweep_v2,SCREENING_L1A_FIELD_TEST_PARTICLE_WALL_LOSS,43,False,cell-03,2,exit_partial,exit_side,0.01241779225111098,0.017946344679498606,0.0055285524283876265,0.015182068465304793,6.577496910249167e-05,0.01241779225111098,,0.9094130476160074,1.1548894563875756,0.5785468005190724,0.07186608677279732,0.1434583784946576,False,False,False,0.3324229886844079,0.0060792534733040415,0.5747687139023628,0.0018935176250885794,0.0008986657554719999,0.0006374781383521269,0.003069542552190246,1.1158054165329934,0.01597870208314328,0.586700333332825,0.5383083922011169,0.0018935176250885794,0.018237760419912125,0.00145902083359297,0.017946344679498606,3,0.0060792534733040415,True,0.2654863750380336,0.00381401166615451,0.001434546511116825,128,124,0.06537936601630734,False,0,0,128,124,0,4,0,0.96875,0.9224023687386392,0.9877817347549466,0.0,0.03125,0.0,0.06537936601630734,0.015378921628929319,0.016217960468329493,True,16,16,16,0.0,0,0.9903731224116922,0.9895833333333334,0.0,True,0.841796875,True,True,2a6a9f537c5f17352d76c9796286d6f208cc5e555c01820032442514e8718851,8dbf6560dd2f3235e19d08ed82557e9be0bd5b90415e5c53259786fee1413a42
l1a-gs-v2-044-2f03fc2fb5,2f03fc2fb543c4e420312c339f606d8607dc08353e380c2627a3ebca94aa7c61,sweep_v2,SCREENING_L1A_FIELD_TEST_PARTICLE_WALL_LOSS,44,False,cell-01,0,anode_partial,anode_side,0.0,0.004041567791109899,0.004041567791109899,0.0020207838955549496,5.0985996096977444e-05,,0.004041567791109899,0.9444562740494493,1.188428861785389,0.9135328677542074,0.08377609037271815,0.10898559563733964,False,False,False,0.0824229886844079,0.004279253473304041,0.6227687139023629,0.0020078033393742937,0.0005350293918356364,0.0006720935229675114,0.0031816532788338445,1.144752784954046,0.028152615126621535,0.6211830919535147,0.5705664567172459,0.0020078033393742937,0.012837760419912123,0.0010270208335929698,0.012476343891722561,3,0.004279253473304041,True,0.25806949348895747,0.005776087444033832,0.00477757332498521,128,91,0.1552491580718347,True,384,270,512,361,0,151,0,0.705078125,0.664169717535809,0.7429321088278524,0.0,0.294921875,0.0,0.07876239129204343,0.02015288066056351,0.02016081672561258,False,64,44,44,0.0,0,0.7669074233626577,0.6614583333333334,0.0,True,0.62109375,True,True,47a792aa209b261f25d4b240ea7d735c401d44b572ca122664ae540807ddb9da,002f94b3548f8a60cc66912d92a4a39f4b928d00b51c565b5c62e62468eb1a71
l1a-gs-v2-044-2f03fc2fb5,2f03fc2fb543c4e420312c339f606d8607dc08353e380c2627a3ebca94aa7c61,sweep_v2,SCREENING_L1A_FIELD_TEST_PARTICLE_WALL_LOSS,44,False,cell-02,1,interior,interior,0.004041567791109899,0.008799806010355127,0.004758238219245228,0.006420686900732513,6.0027080532602444e-05,0.004041567791109899,0.008799806010355127,1.1119318472087045,1.0,0.7720479123742777,0.09956192372647932,0.12895821895340237,False,False,False,0.0824229886844079,0.004279253473304041,0.6227687139023629,0.0020078033393742937,0.0005350293918356364,0.0006720935229675114,0.0031816532788338445,1.144752784954046,0.028152615126621535,0.6211830919535147,0.5705664567172459,0.0020078033393742937,0.012837760419912123,0.0010270208335929698,0.012476343891722561,3,0.004279253473304041,True,0.25806949348895747,0.005776087444033832,0.00477757332498521,128,128,0.02913695627350843,False,0,0,128,128,0,0,0,1.0,0.9708630437264916,1.0,0.0,0.0,0.0,0.02913695627350843,0.0,0.005492143434474149,True,16,16,16,0.0,0,0.7669074233626577,0.6614583333333334,0.0,True,0.62109375,True,True,47a792aa209b261f25d4b240ea7d735c401d44b572ca122664ae540807ddb9da,002f94b3548f8a60cc66912d92a4a39f4b928d00b51c565b5c62e62468eb1a71
l1a-gs-v2-044-2f03fc2fb5,2f03fc2fb543c4e420312c339f606d8607dc08353e380c2627a3ebca94aa7c61,sweep_v2,SCREENING_L1A_FIELD_TEST_PARTICLE_WALL_LOSS,44,False,cell-03,2,exit_partial,exit_side,0.008799806010355127,0.012476343891722561,0.0036765378813674345,0.010638074951038844,4.638099761239227e-05,0.008799806010355127,,0.8591540333619813,1.014890874433513,0.9202059880075056,0.09849355527787262,0.10862808082619256,False,False,False,0.0824229886844079,0.004279253473304041,0.6227687139023629,0.0020078033393742937,0.0005350293918356364,0.0006720935229675114,0.0031816532788338445,1.144752784954046,0.028152615126621535,0.6211830919535147,0.5705664567172459,0.0020078033393742937,0.012837760419912123,0.0010270208335929698,0.012476343891722561,3,0.004279253473304041,True,0.25806949348895747,0.005776087444033832,0.00477757332498521,128,69,0.1701890127470287,True,384,204,512,273,0,239,0,0.533203125,0.48990246308366736,0.576009261184735,0.0,0.466796875,0.0,0.0861067981010677,0.02204831132326213,0.02204850150547387,False,64,31,31,0.0,0,0.7669074233626577,0.6614583333333334,0.0,True,0.62109375,True,True,47a792aa209b261f25d4b240ea7d735c401d44b572ca122664ae540807ddb9da,002f94b3548f8a60cc66912d92a4a39f4b928d00b51c565b5c62e62468eb1a71
l1a-gs-v2-045-d52f4d6a1a,d52f4d6a1a85bf9bdf14abf0d240b149c1c1fa0f50a7454cfb165d8e4980e147,sweep_v2,SCREENING_L1A_FIELD_TEST_PARTICLE_WALL_LOSS,45,False,cell-01,0,anode_partial,anode_side,0.0,0.005045008620070797,0.005045008620070797,0.0025225043100353985,6.778504548060514e-05,,0.005045008620070797,0.9740802696903722,1.1661821796677958,0.7577790923956251,0.0985678312456031,0.15169070965488216,False,False,False,0.5824229886844079,0.005179253473304041,0.6803687139023628,0.0021384155842722533,0.0005713930281992727,0.0007067089075828961,0.0032875356317750215,1.1737001533750986,0.04032652817009979,0.6556658505742043,0.6028245212333749,0.0021384155842722533,0.020717013893216164,0.001657361111457293,0.019881568648851034,4,0.005179253473304041,True,0.26046551724547207,0.005094990482510898,0.0033511900475585513,128,99,0.1437943037891405,True,384,293,512,392,0,120,0,0.765625,0.7270378376472112,0.8002559565000072,0.0,0.234375,0.0,0.07321811885279605,0.018720985852227357,0.01873531538994061,True,64,46,46,0.0,0,0.8352882711682705,0.70703125,0.0,True,0.75,True,True,b63e30f3655b281ecd2ead91f80725381fd777950605e4f5567ad56747b1731e,b9c3a7334d33f79c842451762479a987b5397d3cb1f2576a91035256599e13f4
l1a-gs-v2-045-d52f4d6a1a,d52f4d6a1a85bf9bdf14abf0d240b149c1c1fa0f50a7454cfb165d8e4980e147,sweep_v2,SCREENING_L1A_FIELD_TEST_PARTICLE_WALL_LOSS,45,False,cell-02,1,interior,interior,0.005045008620070797,0.010356714976098129,0.005311706356027332,0.007700861798084463,7.136841263075571e-05,0.005045008620070797,0.010356714976098129,1.0255737401936411,1.0,0.7475734609601823,0.11494804828712489,0.15376154222955665,False,False,False,0.5824229886844079,0.005179253473304041,0.6803687139023628,0.0021384155842722533,0.0005713930281992727,0.0007067089075828961,0.0032875356317750215,1.1737001533750986,0.04032652817009979,0.6556658505742043,0.6028245212333749,0.0021384155842722533,0.020717013893216164,0.001657361111457293,0.019881568648851034,4,0.005179253473304041,True,0.26046551724547207,0.005094990482510898,0.0033511900475585513,128,128,0.02913695627350843,False,0,0,128,128,0,0,0,1.0,0.9708630437264916,1.0,0.0,0.0,0.0,0.02913695627350843,0.0,0.005492143434474149,True,16,16,16,0.0,0,0.8352882711682705,0.70703125,0.0,True,0.75,True,True,b63e30f3655b281ecd2ead91f80725381fd777950605e4f5567ad56747b1731e,b9c3a7334d33f79c842451762479a987b5397d3cb1f2576a91035256599e13f4
l1a-gs-v2-045-d52f4d6a1a,d52f4d6a1a85bf9bdf14abf0d240b149c1c1fa0f50a7454cfb165d8e4980e147,sweep_v2,SCREENING_L1A_FIELD_TEST_PARTICLE_WALL_LOSS,45,False,cell-03,2,interior,interior,0.010356714976098129,0.015680551126735526,0.005323836150637397,0.013018633051416827,7.153138929566022e-05,0.010356714976098129,0.015680551126735526,1.0279157369066012,1.0,0.7366725275047828,0.11339018108283962,0.1539220981497826,False,False,False,0.5824229886844079,0.005179253473304041,0.6803687139023628,0.0021384155842722533,0.0005713930281992727,0.0007067089075828961,0.0032875356317750215,1.1737001533750986,0.04032652817009979,0.6556658505742043,0.6028245212333749,0.0021384155842722533,0.020717013893216164,0.001657361111457293,0.019881568648851034,4,0.005179253473304041,True,0.26046551724547207,0.005094990482510898,0.0033511900475585513,128,128,0.02913695627350843,False,0,0,128,128,0,0,0,1.0,0.9708630437264916,1.0,0.0,0.0,0.0,0.02913695627350843,0.0,0.005492143434474149,True,16,16,16,0.0,0,0.8352882711682705,0.70703125,0.0,True,0.75,True,True,b63e30f3655b281ecd2ead91f80725381fd777950605e4f5567ad56747b1731e,b9c3a7334d33f79c842451762479a987b5397d3cb1f2576a91035256599e13f4
l1a-gs-v2-045-d52f4d6a1a,d52f4d6a1a85bf9bdf14abf0d240b149c1c1fa0f50a7454cfb165d8e4980e147,sweep_v2,SCREENING_L1A_FIELD_TEST_PARTICLE_WALL_LOSS,45,False,cell-04,3,exit_partial,exit_side,0.015680551126735526,0.019881568648851034,0.004201017522115508,0.017781059887793278,5.644512928452096e-05,0.015680551126735526,,0.8111241405289865,1.0016446935317764,0.7478193006150681,0.11320399520415608,0.15162778092191284,False,False,False,0.5824229886844079,0.005179253473304041,0.6803687139023628,0.0021384155842722533,0.0005713930281992727,0.0007067089075828961,0.0032875356317750215,1.1737001533750986,0.04032652817009979,0.6556658505742043,0.6028245212333749,0.0021384155842722533,0.020717013893216164,0.001657361111457293,0.019881568648851034,4,0.005179253473304041,True,0.26046551724547207,0.005094990482510898,0.0033511900475585513,128,65,0.17067527654865655,True,384,192,512,257,0,255,0,0.501953125,0.4587909760864277,0.5450861841646548,0.0,0.498046875,0.0,0.0862952080782271,0.022096918324042453,0.02209691898066764,False,64,31,31,0.0,0,0.8352882711682705,0.70703125,0.0,True,0.75,True,True,b63e30f3655b281ecd2ead91f80725381fd777950605e4f5567ad56747b1731e,b9c3a7334d33f79c842451762479a987b5397d3cb1f2576a91035256599e13f4
l1a-gs-v2-046-1d0bed7f4c,1d0bed7f4c52503197b31162309f5204f9d5336d26d5aefb8edc6da6adba5ffd,sweep_v2,SCREENING_L1A_FIELD_TEST_PARTICLE_WALL_LOSS,46,False,cell-01,0,anode_partial,anode_side,0.0,0.005391359223069401,0.005391359223069401,0.0026956796115347004,4.921012437435393e-05,,0.005391359223069401,0.9663226897408966,1.326268165789974,0.4338426285673987,0.06100356234008919,0.1864894719972758,False,False,False,0.957422988684408,0.005579253473304041,0.48836871390236286,0.0014527012985579672,0.000607756664562909,0.0007413242921982807,0.0033934179847161976,1.2026475217961512,0.05250044121357804,0.690148609194894,0.635082585749504,0.0014527012985579672,0.027896267366520205,0.0022317013893216166,0.026431701021565956,5,0.005579253473304041,True,0.29298383971367986,0.005053519580048083,0.0023287932627598994,128,128,0.02913695627350843,False,0,0,128,128,0,0,0,1.0,0.9708630437264916,1.0,0.0,0.0,0.0,0.02913695627350843,0.0,0.005492143434474149,True,16,16,16,0.0,0,0.9255870834832276,0.75,0.0,True,0.478515625,True,True,e6d8a7d675a9d82252d21c8240e5aae0c4dcbb212010e0ef088b365dff454028,7db9e325467d6015aaf87b6559b4424cccae1881fd2471e9fc855662414486d2
l1a-gs-v2-046-1d0bed7f4c,1d0bed7f4c52503197b31162309f5204f9d5336d26d5aefb8edc6da6adba5ffd,sweep_v2,SCREENING_L1A_FIELD_TEST_PARTICLE_WALL_LOSS,46,False,cell-02,1,interior,interior,0.005391359223069401,0.011244855880974661,0.00585349665790526,0.00831810755202203,5.3428326075514216e-05,0.005391359223069401,0.011244855880974661,1.0491541002597273,1.0,0.36996821309174416,0.08090708273144442,0.21868657865312663,False,False,False,0.957422988684408,0.005579253473304041,0.48836871390236286,0.0014527012985579672,0.000607756664562909,0.0007413242921982807,0.0033934179847161976,1.2026475217961512,0.05250044121357804,0.690148609194894,0.635082585749504,0.0014527012985579672,0.027896267366520205,0.0022317013893216166,0.026431701021565956,5,0.005579253473304041,True,0.29298383971367986,0.005053519580048083,0.0023287932627598994,128,128,0.02913695627350843,False,0,0,128,128,0,0,0,1.0,0.9708630437264916,1.0,0.0,0.0,0.0,0.02913695627350843,0.0,0.005492143434474149,True,16,16,16,0.0,0,0.9255870834832276,0.75,0.0,True,0.478515625,True,True,e6d8a7d675a9d82252d21c8240e5aae0c4dcbb212010e0ef088b365dff454028,7db9e325467d6015aaf87b6559b4424cccae1881fd2471e9fc855662414486d2
l1a-gs-v2-046-1d0bed7f4c,1d0bed7f4c52503197b31162309f5204f9d5336d26d5aefb8edc6da6adba5ffd,sweep_v2,SCREENING_L1A_FIELD_TEST_PARTICLE_WALL_LOSS,46,False,cell-03,2,interior,interior,0.011244855880974661,0.016655449335339478,0.005410593454364817,0.01395015260815707,4.9385686579566e-05,0.011244855880974661,0.016655449335339478,0.9697701458185688,1.0001409815736342,0.42582346991357506,0.08329849871891577,0.19564502231230968,False,False,False,0.957422988684408,0.005579253473304041,0.48836871390236286,0.0014527012985579672,0.000607756664562909,0.0007413242921982807,0.0033934179847161976,1.2026475217961512,0.05250044121357804,0.690148609194894,0.635082585749504,0.0014527012985579672,0.027896267366520205,0.0022317013893216166,0.026431701021565956,5,0.005579253473304041,True,0.29298383971367986,0.005053519580048083,0.0023287932627598994,128,128,0.02913695627350843,False,0,0,128,128,0,0,0,1.0,0.9708630437264916,1.0,0.0,0.0,0.0,0.02913695627350843,0.0,0.005492143434474149,True,16,16,16,0.0,0,0.9255870834832276,0.75,0.0,True,0.478515625,True,True,e6d8a7d675a9d82252d21c8240e5aae0c4dcbb212010e0ef088b365dff454028,7db9e325467d6015aaf87b6559b4424cccae1881fd2471e9fc855662414486d2
l1a-gs-v2-046-1d0bed7f4c,1d0bed7f4c52503197b31162309f5204f9d5336d26d5aefb8edc6da6adba5ffd,sweep_v2,SCREENING_L1A_FIELD_TEST_PARTICLE_WALL_LOSS,46,False,cell-04,3,interior,interior,0.016655449335339478,0.022497981098537807,0.005842531763198329,0.019576715216938642,5.332824299628423e-05,0.016655449335339478,0.022497981098537807,1.0471888024363902,1.000684632240424,0.3674267086720717,0.08064748476122931,0.2196429838241103,False,False,False,0.957422988684408,0.005579253473304041,0.48836871390236286,0.0014527012985579672,0.000607756664562909,0.0007413242921982807,0.0033934179847161976,1.2026475217961512,0.05250044121357804,0.690148609194894,0.635082585749504,0.0014527012985579672,0.027896267366520205,0.0022317013893216166,0.026431701021565956,5,0.005579253473304041,True,0.29298383971367986,0.005053519580048083,0.0023287932627598994,128,128,0.02913695627350843,False,0,0,128,128,0,0,0,1.0,0.9708630437264916,1.0,0.0,0.0,0.0,0.02913695627350843,0.0,0.005492143434474149,True,16,16,16,0.0,0,0.9255870834832276,0.75,0.0,True,0.478515625,True,True,e6d8a7d675a9d82252d21c8240e5aae0c4dcbb212010e0ef088b365dff454028,7db9e325467d6015aaf87b6559b4424cccae1881fd2471e9fc855662414486d2
l1a-gs-v2-046-1d0bed7f4c,1d0bed7f4c52503197b31162309f5204f9d5336d26d5aefb8edc6da6adba5ffd,sweep_v2,SCREENING_L1A_FIELD_TEST_PARTICLE_WALL_LOSS,46,False,cell-05,4,exit_partial,exit_side,0.022497981098537807,0.026431701021565956,0.003933719923028149,0.02446484106005188,3.590538835508742e-05,0.022497981098537807,,0.7050620556765268,1.0,0.43480912526659454,0.08070269862940593,0.18560488715577136,False,False,False,0.957422988684408,0.005579253473304041,0.48836871390236286,0.0014527012985579672,0.000607756664562909,0.0007413242921982807,0.0033934179847161976,1.2026475217961512,0.05250044121357804,0.690148609194894,0.635082585749504,0.0014527012985579672,0.027896267366520205,0.0022317013893216166,0.026431701021565956,5,0.005579253473304041,True,0.29298383971367986,0.005053519580048083,0.0023287932627598994,128,64,0.17069550747898554,True,384,192,512,256,0,256,0,0.5,0.45685206921855137,0.5431479307814486,0.0,0.5,0.0,0.08629586156289726,0.02209708691207961,0.02209708691207961,False,64,29,29,0.0,0,0.9255870834832276,0.75,0.0,True,0.478515625,True,True,e6d8a7d675a9d82252d21c8240e5aae0c4dcbb212010e0ef088b365dff454028,7db9e325467d6015aaf87b6559b4424cccae1881fd2471e9fc855662414486d2
l1a-gs-v2-047-e3196a8aa5,e3196a8aa552b35cb00047e63ff919cd8a027427e85b5b27994db9530a08f360,sweep_v2,SCREENING_L1A_FIELD_TEST_PARTICLE_WALL_LOSS,47,False,cell-01,0,anode_partial,anode_side,0.0,0.00630986433375531,0.00630986433375531,0.003154932166877655,6.212484055924759e-05,,0.00630986433375531,0.9738566888536385,1.4102633884144793,0.39871914555504767,0.061897885003540175,0.21893185219201033,False,False,False,0.4574229886844079,0.006479253473304041,0.5363687139023628,0.0015669870128436816,0.0006441203009265455,0.0007759396768136653,0.003499300337657374,1.2315948902172038,0.0646743542570563,0.7246313678155836,0.667340650265633,0.0015669870128436816,0.025917013893216163,0.002073361111457293,0.02424084775540125,4,0.006479253473304041,True,0.33555949923302153,0.004015729057902179,0.004198711790848811,128,128,0.02913695627350843,False,0,0,128,128,0,0,0,1.0,0.9708630437264916,1.0,0.0,0.0,0.0,0.02913695627350843,0.0,0.005492143434474149,True,16,16,16,0.0,0,0.9045168406137264,0.7142857142857143,0.0,True,0.8125,True,True,d8593c0bcae1ec331cff24d040257ff518b6c9c5c44b00c0269f49cd4cec9357,de8c2c1412553d0aec7c6941581349dd407af6b5353e2aad13bf978b6c9f079d
l1a-gs-v2-047-e3196a8aa5,e3196a8aa552b35cb00047e63ff919cd8a027427e85b5b27994db9530a08f360,sweep_v2,SCREENING_L1A_FIELD_TEST_PARTICLE_WALL_LOSS,47,False,cell-02,1,interior,interior,0.00630986433375531,0.012955808592017556,0.006645944258262246,0.009632836462886433,6.543377251416511e-05,0.00630986433375531,0.012955808592017556,1.0257268504226618,1.0,0.34872138058506974,0.08729232104078236,0.25032110418445536,False,False,False,0.4574229886844079,0.006479253473304041,0.5363687139023628,0.0015669870128436816,0.0006441203009265455,0.0007759396768136653,0.003499300337657374,1.2315948902172038,0.0646743542570563,0.7246313678155836,0.667340650265633,0.0015669870128436816,0.025917013893216163,0.002073361111457293,0.02424084775540125,4,0.006479253473304041,True,0.33555949923302153,0.004015729057902179,0.004198711790848811,128,128,0.02913695627350843,False,0,0,128,128,0,0,0,1.0,0.9708630437264916,1.0,0.0,0.0,0.0,0.02913695627350843,0.0,0.005492143434474149,True,16,16,16,0.0,0,0.9045168406137264,0.7142857142857143,0.0,True,0.8125,True,True,d8593c0bcae1ec331cff24d040257ff518b6c9c5c44b00c0269f49cd4cec9357,de8c2c1412553d0aec7c6941581349dd407af6b5353e2aad13bf978b6c9f079d
l1a-gs-v2-047-e3196a8aa5,e3196a8aa552b35cb00047e63ff919cd8a027427e85b5b27994db9530a08f360,sweep_v2,SCREENING_L1A_FIELD_TEST_PARTICLE_WALL_LOSS,47,False,cell-03,2,interior,interior,0.012955808592017556,0.01961166229562651,0.006655853703608956,0.016283735443822035,6.553133764070857e-05,0.012955808592017556,0.01961166229562651,1.0272562620111325,1.0,0.34862795457650386,0.0872792141774463,0.2503505901684471,False,False,False,0.4574229886844079,0.006479253473304041,0.5363687139023628,0.0015669870128436816,0.0006441203009265455,0.0007759396768136653,0.003499300337657374,1.2315948902172038,0.0646743542570563,0.7246313678155836,0.667340650265633,0.0015669870128436816,0.025917013893216163,0.002073361111457293,0.02424084775540125,4,0.006479253473304041,True,0.33555949923302153,0.004015729057902179,0.004198711790848811,128,128,0.02913695627350843,False,0,0,128,128,0,0,0,1.0,0.9708630437264916,1.0,0.0,0.0,0.0,0.02913695627350843,0.0,0.005492143434474149,True,16,16,16,0.0,0,0.9045168406137264,0.7142857142857143,0.0,True,0.8125,True,True,d8593c0bcae1ec331cff24d040257ff518b6c9c5c44b00c0269f49cd4cec9357,de8c2c1412553d0aec7c6941581349dd407af6b5353e2aad13bf978b6c9f079d
l1a-gs-v2-047-e3196a8aa5,e3196a8aa552b35cb00047e63ff919cd8a027427e85b5b27994db9530a08f360,sweep_v2,SCREENING_L1A_FIELD_TEST_PARTICLE_WALL_LOSS,47,False,cell-04,3,exit_partial,exit_side,0.01961166229562651,0.02424084775540125,0.00462918545977474,0.02192625502551388,4.557743136713932e-05,0.01961166229562651,,0.7144627816843421,1.0000503690947318,0.3993563738991713,0.08727481822385948,0.2185496961655666,False,False,False,0.4574229886844079,0.006479253473304041,0.5363687139023628,0.0015669870128436816,0.0006441203009265455,0.0007759396768136653,0.003499300337657374,1.2315948902172038,0.0646743542570563,0.7246313678155836,0.667340650265633,0.0015669870128436816,0.025917013893216163,0.002073361111457293,0.02424084775540125,4,0.006479253473304041,True,0.33555949923302153,0.004015729057902179,0.004198711790848811,128,64,0.17069550747898554,True,384,192,512,256,0,256,0,0.5,0.45685206921855137,0.5431479307814486,0.0,0.5,0.0,0.08629586156289726,0.02209708691207961,0.02209708691207961,False,64,36,36,0.0,0,0.9045168406137264,0.7142857142857143,0.0,True,0.8125,True,True,d8593c0bcae1ec331cff24d040257ff518b6c9c5c44b00c0269f49cd4cec9357,de8c2c1412553d0aec7c6941581349dd407af6b5353e2aad13bf978b6c9f079d
l1a-gs-v2-048-9e4abaf530,9e4abaf530d2cf7ef1091d508745597244b48c096b544b96bebda15da53c24b9,sweep_v2,SCREENING_L1A_FIELD_TEST_PARTICLE_WALL_LOSS,48,False,cell-01,0,anode_partial,anode_side,0.0,0.004441045027781167,0.004441045027781167,0.0022205225138905837,4.691408095852166e-05,,0.004441045027781167,0.9490926390540938,1.2364197822932976,0.670905843804372,0.09945132084980023,0.18327993653569302,False,False,False,0.2074229886844079,0.004679253473304041,0.5843687139023628,0.0016812727271293957,0.0006804839372901818,0.00036055506142904987,0.0036051826905985507,1.2620658043446276,0.07684826730053461,0.7591141264362733,0.699598714781762,0.0016812727271293957,0.014037760419912124,0.00112302083359297,0.012958982854861852,3,0.004679253473304041,True,0.361049906194632,0.005627721986002188,0.0019485560692854335,128,118,0.0948595567538082,False,0,0,128,118,0,10,0,0.921875,0.8621530681952095,0.9570126249490177,0.0,0.078125,0.0,0.0948595567538082,0.02372062070603734,0.02416902492487775,False,16,14,14,0.0,0,0.8434777509695608,0.6536458333333334,0.0,True,0.708984375,True,True,6450d53bbae27f9e92d5458623a2597bc5b7492dea1c36139217d1e00055110a,98e1272ea8a7e71ef83ef98aed1b11e18f506991574a8efa1f88b551c469772b
l1a-gs-v2-048-9e4abaf530,9e4abaf530d2cf7ef1091d508745597244b48c096b544b96bebda15da53c24b9,sweep_v2,SCREENING_L1A_FIELD_TEST_PARTICLE_WALL_LOSS,48,False,cell-02,1,interior,interior,0.004441045027781167,0.009596157857272903,0.005155112829491736,0.007018601442527035,5.445731333958589e-05,0.004441045027781167,0.009596157857272903,1.1016955715057017,1.0,0.5404171378551796,0.12296358047389089,0.22753456887379933,False,False,False,0.2074229886844079,0.004679253473304041,0.5843687139023628,0.0016812727271293957,0.0006804839372901818,0.00036055506142904987,0.0036051826905985507,1.2620658043446276,0.07684826730053461,0.7591141264362733,0.699598714781762,0.0016812727271293957,0.014037760419912124,0.00112302083359297,0.012958982854861852,3,0.004679253473304041,True,0.361049906194632,0.005627721986002188,0.0019485560692854335,128,128,0.02913695627350843,False,0,0,128,128,0,0,0,1.0,0.9708630437264916,1.0,0.0,0.0,0.0,0.02913695627350843,0.0,0.005492143434474149,True,16,16,16,0.0,0,0.8434777509695608,0.6536458333333334,0.0,True,0.708984375,True,True,6450d53bbae27f9e92d5458623a2597bc5b7492dea1c36139217d1e00055110a,98e1272ea8a7e71ef83ef98aed1b11e18f506991574a8efa1f88b551c469772b
l1a-gs-v2-048-9e4abaf530,9e4abaf530d2cf7ef1091d508745597244b48c096b544b96bebda15da53c24b9,sweep_v2,SCREENING_L1A_FIELD_TEST_PARTICLE_WALL_LOSS,48,False,cell-03,2,exit_partial,exit_side,0.009596157857272903,0.012958982854861852,0.0033628249975889493,0.011277570356067378,3.552403616701231e-05,0.009596157857272903,,0.7186669875386007,1.0004327537617081,0.6805605423012294,0.12384060131981091,0.18204727736191068,False,False,False,0.2074229886844079,0.004679253473304041,0.5843687139023628,0.0016812727271293957,0.0006804839372901818,0.00036055506142904987,0.0036051826905985507,1.2620658043446276,0.07684826730053461,0.7591141264362733,0.699598714781762,0.0016812727271293957,0.014037760419912124,0.00112302083359297,0.012958982854861852,3,0.004679253473304041,True,0.361049906194632,0.005627721986002188,0.0019485560692854335,128,64,0.17069550747898554,True,384,192,512,256,0,256,0,0.5,0.45685206921855137,0.5431479307814486,0.0,0.5,0.0,0.08629586156289726,0.02209708691207961,0.02209708691207961,False,64,31,31,0.0,0,0.8434777509695608,0.6536458333333334,0.0,True,0.708984375,True,True,6450d53bbae27f9e92d5458623a2597bc5b7492dea1c36139217d1e00055110a,98e1272ea8a7e71ef83ef98aed1b11e18f506991574a8efa1f88b551c469772b
l1a-gs-v2-049-cf0a7d1028,cf0a7d102801356eda0209715e49a4ff0520cdf87f8737dfaff491a2becd3214,sweep_v2,SCREENING_L1A_FIELD_TEST_PARTICLE_WALL_LOSS,49,False,cell-01,0,anode_partial,anode_side,0.0,0.005686043761645745,0.005686043761645745,0.0028430218808228724,6.414895871995477e-05,,0.005686043761645745,0.9671370332074294,1.3088765860141556,0.5557859859683941,0.10130418044099322,0.23857145230738053,False,False,False,0.7074229886844079,0.005879253473304041,0.6323687139023628,0.0017955584414151102,0.0007168475736538182,0.00039783316793792566,0.003711065043539727,1.2910131727656804,0.08902218034401281,0.793596885056963,0.7318567792978912,0.0017955584414151102,0.029396267366520207,0.0023517013893216165,0.026779347551577026,5,0.005879253473304041,True,0.3772269679211108,0.004555965940642189,0.0010709683216277791,128,128,0.02913695627350843,False,0,0,128,128,0,0,0,1.0,0.9708630437264916,1.0,0.0,0.0,0.0,0.02913695627350843,0.0,0.005492143434474149,True,16,16,16,0.0,0,0.9427925824897863,0.75,0.0,True,0.375,True,True,57e453c5ed6deb27c093071a91d5c7d31111b067fb1f7e0c6ac05d653b42ff11,cde49cf16181d5b134f44f79f6a7d5732db629fade5aca52a156cf40ded62013
l1a-gs-v2-049-cf0a7d1028,cf0a7d102801356eda0209715e49a4ff0520cdf87f8737dfaff491a2becd3214,sweep_v2,SCREENING_L1A_FIELD_TEST_PARTICLE_WALL_LOSS,49,False,cell-02,1,interior,interior,0.005686043761645745,0.011856913196110219,0.006170869434464474,0.008771478478877982,6.961867780333747e-05,0.005686043761645745,0.011856913196110219,1.049600848557487,1.0014602229481746,0.4752589846767525,0.13240133437774187,0.27899455690407093,False,False,False,0.7074229886844079,0.005879253473304041,0.6323687139023628,0.0017955584414151102,0.0007168475736538182,0.00039783316793792566,0.003711065043539727,1.2910131727656804,0.08902218034401281,0.793596885056963,0.7318567792978912,0.0017955584414151102,0.029396267366520207,0.0023517013893216165,0.026779347551577026,5,0.005879253473304041,True,0.3772269679211108,0.004555965940642189,0.0010709683216277791,128,128,0.02913695627350843,False,0,0,128,128,0,0,0,1.0,0.9708630437264916,1.0,0.0,0.0,0.0,0.02913695627350843,0.0,0.005492143434474149,True,16,16,16,0.0,0,0.9427925824897863,0.75,0.0,True,0.375,True,True,57e453c5ed6deb27c093071a91d5c7d31111b067fb1f7e0c6ac05d653b42ff11,cde49cf16181d5b134f44f79f6a7d5732db629fade5aca52a156cf40ded62013
l1a-gs-v2-049-cf0a7d1028,cf0a7d102801356eda0209715e49a4ff0520cdf87f8737dfaff491a2becd3214,sweep_v2,SCREENING_L1A_FIELD_TEST_PARTICLE_WALL_LOSS,49,False,cell-03,2,interior,interior,0.011856913196110219,0.01754333588351362,0.0056864226874034016,0.01470012453981192,6.41532336945777e-05,0.011856913196110219,0.01754333588351362,0.9672014845462562,1.002965238442876,0.5544518653170762,0.13568774451402818,0.24544978481127847,False,False,False,0.7074229886844079,0.005879253473304041,0.6323687139023628,0.0017955584414151102,0.0007168475736538182,0.00039783316793792566,0.003711065043539727,1.2910131727656804,0.08902218034401281,0.793596885056963,0.7318567792978912,0.0017955584414151102,0.029396267366520207,0.0023517013893216165,0.026779347551577026,5,0.005879253473304041,True,0.3772269679211108,0.004555965940642189,0.0010709683216277791,128,128,0.02913695627350843,False,0,0,128,128,0,0,0,1.0,0.9708630437264916,1.0,0.0,0.0,0.0,0.02913695627350843,0.0,0.005492143434474149,True,16,16,16,0.0,0,0.9427925824897863,0.75,0.0,True,0.375,True,True,57e453c5ed6deb27c093071a91d5c7d31111b067fb1f7e0c6ac05d653b42ff11,cde49cf16181d5b134f44f79f6a7d5732db629fade5aca52a156cf40ded62013
l1a-gs-v2-049-cf0a7d1028,cf0a7d102801356eda0209715e49a4ff0520cdf87f8737dfaff491a2becd3214,sweep_v2,SCREENING_L1A_FIELD_TEST_PARTICLE_WALL_LOSS,49,False,cell-04,3,interior,interior,0.01754333588351362,0.02371539291950865,0.0061720570359950315,0.020629364401511134,6.963207611765813e-05,0.01754333588351362,0.02371539291950865,1.049802847252721,1.0,0.475677058535525,0.13270012878596565,0.27897105064202965,False,False,False,0.7074229886844079,0.005879253473304041,0.6323687139023628,0.0017955584414151102,0.0007168475736538182,0.00039783316793792566,0.003711065043539727,1.2910131727656804,0.08902218034401281,0.793596885056963,0.7318567792978912,0.0017955584414151102,0.029396267366520207,0.0023517013893216165,0.026779347551577026,5,0.005879253473304041,True,0.3772269679211108,0.004555965940642189,0.0010709683216277791,128,128,0.02913695627350843,False,0,0,128,128,0,0,0,1.0,0.9708630437264916,1.0,0.0,0.0,0.0,0.02913695627350843,0.0,0.005492143434474149,True,16,16,16,0.0,0,0.9427925824897863,0.75,0.0,True,0.375,True,True,57e453c5ed6deb27c093071a91d5c7d31111b067fb1f7e0c6ac05d653b42ff11,cde49cf16181d5b134f44f79f6a7d5732db629fade5aca52a156cf40ded62013
l1a-gs-v2-049-cf0a7d1028,cf0a7d102801356eda0209715e49a4ff0520cdf87f8737dfaff491a2becd3214,sweep_v2,SCREENING_L1A_FIELD_TEST_PARTICLE_WALL_LOSS,49,False,cell-05,4,exit_partial,exit_side,0.02371539291950865,0.026779347551577026,0.003063954632068374,0.02524737023554284,3.456700430942161e-05,0.02371539291950865,,0.5211468847160425,1.0025249457448004,0.5578263608177685,0.13236591203960463,0.23788787713694357,False,False,False,0.7074229886844079,0.005879253473304041,0.6323687139023628,0.0017955584414151102,0.0007168475736538182,0.00039783316793792566,0.003711065043539727,1.2910131727656804,0.08902218034401281,0.793596885056963,0.7318567792978912,0.0017955584414151102,0.029396267366520207,0.0023517013893216165,0.026779347551577026,5,0.005879253473304041,True,0.3772269679211108,0.004555965940642189,0.0010709683216277791,128,64,0.17069550747898554,True,384,192,512,256,128,128,0,0.5,0.45685206921855137,0.5431479307814486,0.25,0.25,0.0,0.08629586156289726,0.02209708691207961,0.02209708691207961,False,64,40,40,0.0,0,0.9427925824897863,0.75,0.0,True,0.375,True,True,57e453c5ed6deb27c093071a91d5c7d31111b067fb1f7e0c6ac05d653b42ff11,cde49cf16181d5b134f44f79f6a7d5732db629fade5aca52a156cf40ded62013
l1a-gs-v2-050-012aa2a74e,012aa2a74e86dbc612de4439e2327d22a148f2d1d1a31d26c5541ba22e1e8cda,sweep_v2,SCREENING_L1A_FIELD_TEST_PARTICLE_WALL_LOSS,50,False,cell-01,0,anode_partial,anode_side,0.0,0.003924983329237255,0.003924983329237255,0.0019624916646186273,4.7099426049486365e-05,,0.003924983329237255,0.9621817704939444,1.0,0.8029263218339957,0.07142625603471167,0.08895742248375187,False,False,False,0.894922988684408,0.0040792534733040415,0.6899687139023628,0.0019098441557008244,0.0007532112100174545,0.0004324485525533103,0.0038169473964809035,0.7699605411867328,0.10119609338749112,0.8280796436776525,0.7641148438140202,0.0019098441557008244,0.020396267366520206,0.0016317013893216166,0.01833224478934159,5,0.0040792534733040415,True,0.18803592148210788,0.00656644398383706,0.0046297913325630356,128,72,0.1693958569931277,True,384,213,512,285,0,227,0,0.556640625,0.5133465627428782,0.599091084538514,0.0,0.443359375,0.0,0.08574452179563585,0.021954847112152412,0.021955402900373133,False,64,37,37,0.0,0,0.8516699090397863,0.6470170454545454,0.0,True,0.4296875,True,True,4a74157b607d186dd1fae04bc8b18b34729cbc7d2af23b313d3c8e5a61917a38,ac719244f16c7b581ce15fafda7363c79c62388d6d5609b610403b17a9fff716
l1a-gs-v2-050-012aa2a74e,012aa2a74e86dbc612de4439e2327d22a148f2d1d1a31d26c5541ba22e1e8cda,sweep_v2,SCREENING_L1A_FIELD_TEST_PARTICLE_WALL_LOSS,50,False,cell-02,1,interior,interior,0.003924983329237255,0.008353685713936618,0.004428702384699363,0.006139334521586937,5.31440067297985e-05,0.003924983329237255,0.008353685713936618,1.0856649172899475,1.0,0.7924268480553032,0.0683502914015818,0.08625438621788299,False,False,False,0.894922988684408,0.0040792534733040415,0.6899687139023628,0.0019098441557008244,0.0007532112100174545,0.0004324485525533103,0.0038169473964809035,0.7699605411867328,0.10119609338749112,0.8280796436776525,0.7641148438140202,0.0019098441557008244,0.020396267366520206,0.0016317013893216166,0.01833224478934159,5,0.0040792534733040415,True,0.18803592148210788,0.00656644398383706,0.0046297913325630356,128,128,0.02913695627350843,False,0,0,128,128,0,0,0,1.0,0.9708630437264916,1.0,0.0,0.0,0.0,0.02913695627350843,0.0,0.005492143434474149,True,16,16,16,0.0,0,0.8516699090397863,0.6470170454545454,0.0,True,0.4296875,True,True,4a74157b607d186dd1fae04bc8b18b34729cbc7d2af23b313d3c8e5a61917a38,ac719244f16c7b581ce15fafda7363c79c62388d6d5609b610403b17a9fff716
l1a-gs-v2-050-012aa2a74e,012aa2a74e86dbc612de4439e2327d22a148f2d1d1a31d26c5541ba22e1e8cda,sweep_v2,SCREENING_L1A_FIELD_TEST_PARTICLE_WALL_LOSS,50,False,cell-03,2,interior,interior,0.008353685713936618,0.012043388783691125,0.0036897030697545068,0.010198537248813871,4.427608534893742e-05,0.008353685713936618,0.012043388783691125,0.9045044868873977,1.0058165230371223,1.1545620760443707,0.06695051995862264,0.05832509190932524,False,False,False,0.894922988684408,0.0040792534733040415,0.6899687139023628,0.0019098441557008244,0.0007532112100174545,0.0004324485525533103,0.0038169473964809035,0.7699605411867328,0.10119609338749112,0.8280796436776525,0.7641148438140202,0.0019098441557008244,0.020396267366520206,0.0016317013893216166,0.01833224478934159,5,0.0040792534733040415,True,0.18803592148210788,0.00656644398383706,0.0046297913325630356,128,128,0.02913695627350843,False,0,0,128,128,0,0,0,1.0,0.9708630437264916,1.0,0.0,0.0,0.0,0.02913695627350843,0.0,0.005492143434474149,True,16,16,16,0.0,0,0.8516699090397863,0.6470170454545454,0.0,True,0.4296875,True,True,4a74157b607d186dd1fae04bc8b18b34729cbc7d2af23b313d3c8e5a61917a38,ac719244f16c7b581ce15fafda7363c79c62388d6d5609b610403b17a9fff716
l1a-gs-v2-050-012aa2a74e,012aa2a74e86dbc612de4439e2327d22a148f2d1d1a31d26c5541ba22e1e8cda,sweep_v2,SCREENING_L1A_FIELD_TEST_PARTICLE_WALL_LOSS,50,False,cell-04,3,interior,interior,0.012043388783691125,0.016475684658740074,0.004432295875048949,0.0142595367212156,5.318712827167082e-05,0.012043388783691125,0.016475684658740074,1.0865458359122158,1.0054501192576555,0.7807481262699135,0.06697491791042577,0.08625052937626788,False,False,False,0.894922988684408,0.0040792534733040415,0.6899687139023628,0.0019098441557008244,0.0007532112100174545,0.0004324485525533103,0.0038169473964809035,0.7699605411867328,0.10119609338749112,0.8280796436776525,0.7641148438140202,0.0019098441557008244,0.020396267366520206,0.0016317013893216166,0.01833224478934159,5,0.0040792534733040415,True,0.18803592148210788,0.00656644398383706,0.0046297913325630356,128,128,0.02913695627350843,False,0,0,128,128,0,0,0,1.0,0.9708630437264916,1.0,0.0,0.0,0.0,0.02913695627350843,0.0,0.005492143434474149,True,16,16,16,0.0,0,0.8516699090397863,0.6470170454545454,0.0,True,0.4296875,True,True,4a74157b607d186dd1fae04bc8b18b34729cbc7d2af23b313d3c8e5a61917a38,ac719244f16c7b581ce15fafda7363c79c62388d6d5609b610403b17a9fff716
l1a-gs-v2-050-012aa2a74e,012aa2a74e86dbc612de4439e2327d22a148f2d1d1a31d26c5541ba22e1e8cda,sweep_v2,SCREENING_L1A_FIELD_TEST_PARTICLE_WALL_LOSS,50,False,cell-05,4,exit_partial,exit_side,0.016475684658740074,0.01833224478934159,0.0018565601306015159,0.01740396472404083,2.227854470777681e-05,0.016475684658740074,,0.45512252247903884,1.0149906810434184,0.8165693907780619,0.0711986215834927,0.08849944441527968,False,False,False,0.894922988684408,0.0040792534733040415,0.6899687139023628,0.0019098441557008244,0.0007532112100174545,0.0004324485525533103,0.0038169473964809035,0.7699605411867328,0.10119609338749112,0.8280796436776525,0.7641148438140202,0.0019098441557008244,0.020396267366520206,0.0016317013893216166,0.01833224478934159,5,0.0040792534733040415,True,0.18803592148210788,0.00656644398383706,0.0046297913325630356,128,59,0.1701890127470288,True,384,183,512,242,140,130,0,0.47265625,0.4297760363126683,0.5159437201721769,0.2734375,0.25390625,0.0,0.08616768385950863,0.0220640190401251,0.02206414793018806,False,64,29,29,0.0,0,0.8516699090397863,0.6470170454545454,0.0,True,0.4296875,True,True,4a74157b607d186dd1fae04bc8b18b34729cbc7d2af23b313d3c8e5a61917a38,ac719244f16c7b581ce15fafda7363c79c62388d6d5609b610403b17a9fff716
l1a-gs-v2-051-d243e11351,d243e1135156de88bfbc5c15b20179913fb1faf89d7c5d101c576968934e24a0,sweep_v2,SCREENING_L1A_FIELD_TEST_PARTICLE_WALL_LOSS,51,False,cell-01,0,anode_partial,anode_side,0.0,0.004852860875187641,0.004852860875187641,0.0024264304375938204,6.171860239794543e-05,,0.004852860875187641,0.9746161550533537,1.0904602635210465,0.6935899283407607,0.05695531019867681,0.08954498909283275,False,False,False,0.3949229886844079,0.00497925347330404,0.4979687139023628,0.002024129869986539,0.0007895748463810909,0.00046706393716869484,0.00392282974942208,0.7989079096077856,0.11337000643096931,0.8625624022983422,0.7963729083301492,0.002024129869986539,0.01991701389321616,0.001593361111457293,0.01765902190005654,4,0.00497925347330404,True,0.16234560176099436,0.005210971403454499,0.004045060985009023,128,101,0.14029362783566124,True,384,302,512,403,0,109,0,0.787109375,0.7495813388571546,0.8203612180519713,0.0,0.212890625,0.0,0.07077987919481665,0.018090927391404592,0.018108250076849786,True,64,51,51,0.0,0,0.8676774783079098,0.71484375,0.0,True,0.70703125,True,True,d2a714e6688b35723f6ad7ff2a31506ddc0e02e241749270dbc3b996da8e05bc,771ac3d2729ddd713f194050cc552c04a31b6ead3af2dcc59b6fea0c29d3c608
l1a-gs-v2-051-d243e11351,d243e1135156de88bfbc5c15b20179913fb1faf89d7c5d101c576968934e24a0,sweep_v2,SCREENING_L1A_FIELD_TEST_PARTICLE_WALL_LOSS,51,False,cell-02,1,interior,interior,0.004852860875187641,0.009949936651560813,0.005097075776373173,0.007401398763374227,6.482452337395952e-05,0.004852860875187641,0.009949936651560813,1.0236626441495356,1.0003962028375728,0.7081403581938376,0.062082905144988855,0.08770507407116532,False,False,False,0.3949229886844079,0.00497925347330404,0.4979687139023628,0.002024129869986539,0.0007895748463810909,0.00046706393716869484,0.00392282974942208,0.7989079096077856,0.11337000643096931,0.8625624022983422,0.7963729083301492,0.002024129869986539,0.01991701389321616,0.001593361111457293,0.01765902190005654,4,0.00497925347330404,True,0.16234560176099436,0.005210971403454499,0.004045060985009023,128,128,0.02913695627350843,False,0,0,128,128,0,0,0,1.0,0.9708630437264916,1.0,0.0,0.0,0.0,0.02913695627350843,0.0,0.005492143434474149,True,16,16,16,0.0,0,0.8676774783079098,0.71484375,0.0,True,0.70703125,True,True,d2a714e6688b35723f6ad7ff2a31506ddc0e02e241749270dbc3b996da8e05bc,771ac3d2729ddd713f194050cc552c04a31b6ead3af2dcc59b6fea0c29d3c608
l1a-gs-v2-051-d243e11351,d243e1135156de88bfbc5c15b20179913fb1faf89d7c5d101c576968934e24a0,sweep_v2,SCREENING_L1A_FIELD_TEST_PARTICLE_WALL_LOSS,51,False,cell-03,2,interior,interior,0.009949936651560813,0.01505190645270737,0.005101969801146557,0.012500921552134092,6.488676549811737e-05,0.009949936651560813,0.01505190645270737,1.0246455273868769,1.0,0.7151739711305454,0.06282652242612002,0.08784788731447259,False,False,False,0.3949229886844079,0.00497925347330404,0.4979687139023628,0.002024129869986539,0.0007895748463810909,0.00046706393716869484,0.00392282974942208,0.7989079096077856,0.11337000643096931,0.8625624022983422,0.7963729083301492,0.002024129869986539,0.01991701389321616,0.001593361111457293,0.01765902190005654,4,0.00497925347330404,True,0.16234560176099436,0.005210971403454499,0.004045060985009023,128,128,0.02913695627350843,False,0,0,128,128,0,0,0,1.0,0.9708630437264916,1.0,0.0,0.0,0.0,0.02913695627350843,0.0,0.005492143434474149,True,16,16,16,0.0,0,0.8676774783079098,0.71484375,0.0,True,0.70703125,True,True,d2a714e6688b35723f6ad7ff2a31506ddc0e02e241749270dbc3b996da8e05bc,771ac3d2729ddd713f194050cc552c04a31b6ead3af2dcc59b6fea0c29d3c608
l1a-gs-v2-051-d243e11351,d243e1135156de88bfbc5c15b20179913fb1faf89d7c5d101c576968934e24a0,sweep_v2,SCREENING_L1A_FIELD_TEST_PARTICLE_WALL_LOSS,51,False,cell-04,3,exit_partial,exit_side,0.01505190645270737,0.01765902190005654,0.00260711544734917,0.016355464176381954,3.315725009204254e-05,0.01505190645270737,,0.5235956476863567,1.0007182226518188,0.70383842815765,0.06278143137998932,0.08926270563341245,False,False,False,0.3949229886844079,0.00497925347330404,0.4979687139023628,0.002024129869986539,0.0007895748463810909,0.00046706393716869484,0.00392282974942208,0.7989079096077856,0.11337000643096931,0.8625624022983422,0.7963729083301492,0.002024129869986539,0.01991701389321616,0.001593361111457293,0.01765902190005654,4,0.00497925347330404,True,0.16234560176099436,0.005210971403454499,0.004045060985009023,128,64,0.17069550747898554,True,384,192,512,256,126,130,0,0.5,0.45685206921855137,0.5431479307814486,0.24609375,0.25390625,0.0,0.08629586156289726,0.02209708691207961,0.02209708691207961,False,64,37,37,0.0,0,0.8676774783079098,0.71484375,0.0,True,0.70703125,True,True,d2a714e6688b35723f6ad7ff2a31506ddc0e02e241749270dbc3b996da8e05bc,771ac3d2729ddd713f194050cc552c04a31b6ead3af2dcc59b6fea0c29d3c608
l1a-gs-v2-052-e117399e75,e117399e757bf183c139bdd80bf2c90cf0039c3d36c5ee1d280ea51e3e2c30d8,sweep_v2,SCREENING_L1A_FIELD_TEST_PARTICLE_WALL_LOSS,52,False,cell-01,0,anode_partial,anode_side,0.0,0.005922712182198846,0.005922712182198846,0.002961356091099423,8.0185491731505e-05,,0.005922712182198846,0.9584834491393631,1.5966289966288498,0.6578168651654611,0.027128775048761457,0.06584596896125312,False,False,False,0.1449229886844079,0.006179253473304041,0.5459687139023628,0.002154742114884498,0.0008259384827447272,0.0005016793217840795,0.0022287121023632566,0.8278552780288382,0.12554391947444762,0.897045160919032,0.8286309728462782,0.002154742114884498,0.018537760419912123,0.0014830208335929699,0.016210457318518074,3,0.006179253473304041,True,0.12107417278393018,0.0037050243197968725,0.0015409635067806919,128,127,0.04154582754598635,False,0,0,128,127,0,1,0,0.9921875,0.9570737405611394,0.9986195681071257,0.0,0.0078125,0.0,0.04154582754598635,0.007781922583256459,0.009475584891282928,True,16,15,15,0.0,0,0.8861368376283146,0.6653645833333334,0.0,True,0.744140625,True,True,0537fc7c259cbd8eb6cf17bb2fd7863100ddc1f1eaf2a38964c455424b6f9383,e56ac10d22cc76acd80750ddbed7e03989d42aa81e1aaabe5983bbfb523eb081
l1a-gs-v2-052-e117399e75,e117399e757bf183c139bdd80bf2c90cf0039c3d36c5ee1d280ea51e3e2c30d8,sweep_v2,SCREENING_L1A_FIELD_TEST_PARTICLE_WALL_LOSS,52,False,cell-02,1,interior,interior,0.005922712182198846,0.012611451828809534,0.006688739646610688,0.00926708200550419,9.055646486410407e-05,0.005922712182198846,0.012611451828809534,1.0824510882273657,1.0008798489001427,0.5196264764511545,0.04315194071060695,0.0831172194941843,False,False,False,0.1449229886844079,0.006179253473304041,0.5459687139023628,0.002154742114884498,0.0008259384827447272,0.0005016793217840795,0.0022287121023632566,0.8278552780288382,0.12554391947444762,0.897045160919032,0.8286309728462782,0.002154742114884498,0.018537760419912123,0.0014830208335929699,0.016210457318518074,3,0.006179253473304041,True,0.12107417278393018,0.0037050243197968725,0.0015409635067806919,128,128,0.02913695627350843,False,0,0,128,128,0,0,0,1.0,0.9708630437264916,1.0,0.0,0.0,0.0,0.02913695627350843,0.0,0.005492143434474149,True,16,16,16,0.0,0,0.8861368376283146,0.6653645833333334,0.0,True,0.744140625,True,True,0537fc7c259cbd8eb6cf17bb2fd7863100ddc1f1eaf2a38964c455424b6f9383,e56ac10d22cc76acd80750ddbed7e03989d42aa81e1aaabe5983bbfb523eb081
l1a-gs-v2-052-e117399e75,e117399e757bf183c139bdd80bf2c90cf0039c3d36c5ee1d280ea51e3e2c30d8,sweep_v2,SCREENING_L1A_FIELD_TEST_PARTICLE_WALL_LOSS,52,False,cell-03,2,exit_partial,exit_side,0.012611451828809534,0.016210457318518074,0.00359900548970854,0.014410954573663804,4.872565406842461e-05,0.012611451828809534,,0.5824337042099287,1.0,0.6568811844390918,0.043189907898180196,0.0657499543620813,False,False,False,0.1449229886844079,0.006179253473304041,0.5459687139023628,0.002154742114884498,0.0008259384827447272,0.0005016793217840795,0.0022287121023632566,0.8278552780288382,0.12554391947444762,0.897045160919032,0.8286309728462782,0.002154742114884498,0.018537760419912123,0.0014830208335929699,0.016210457318518074,3,0.006179253473304041,True,0.12107417278393018,0.0037050243197968725,0.0015409635067806919,128,64,0.17069550747898554,True,384,192,512,256,79,177,0,0.5,0.45685206921855137,0.5431479307814486,0.154296875,0.345703125,0.0,0.08629586156289726,0.02209708691207961,0.02209708691207961,False,64,34,34,0.0,0,0.8861368376283146,0.6653645833333334,0.0,True,0.744140625,True,True,0537fc7c259cbd8eb6cf17bb2fd7863100ddc1f1eaf2a38964c455424b6f9383,e56ac10d22cc76acd80750ddbed7e03989d42aa81e1aaabe5983bbfb523eb081
l1a-gs-v2-053-e22999f79a,e22999f79ab7e5913ca89974d620def2897081672e544adcff0bcefebab48505,sweep_v2,SCREENING_L1A_FIELD_TEST_PARTICLE_WALL_LOSS,53,False,cell-01,0,anode_partial,anode_side,0.0,0.004254650318974201,0.004254650318974201,0.0021273251594871004,3.9271163059963424e-05,,0.004254650318974201,0.9715469417129147,1.0399151773104307,0.5854744803786198,0.04424052510448933,0.07857967349591354,False,False,False,0.6449229886844079,0.004379253473304041,0.5939687139023628,0.0014690278291702122,0.0008623021191083637,0.0005362947063994641,0.0023345944553044328,0.8568026464498908,0.13771783251792588,0.9315279195397215,0.8608890373624072,0.0014690278291702122,0.017517013893216166,0.0014013611114572933,0.01510460870765604,4,0.004379253473304041,True,0.12637909198849323,0.0071541333706230436,0.006231562363304634,128,103,0.13650110707241336,True,384,320,512,423,0,89,0,0.826171875,0.7909499792318174,0.8565357826989582,0.0,0.173828125,0.0,0.06558580346714082,0.016747895621014343,0.016772039609968578,True,64,59,59,0.0,0,0.8905376648504193,0.73203125,0.0,True,0.6640625,True,True,98cf95c0b7401c9b2536eec7ca54e420e15eab730f0d5f166bf22d12d4a35833,cbc5a34c7584f82b9ac89e465ea778abc0b41333d345e4dddddc827c81857ec4
l1a-gs-v2-053-e22999f79a,e22999f79ab7e5913ca89974d620def2897081672e544adcff0bcefebab48505,sweep_v2,SCREENING_L1A_FIELD_TEST_PARTICLE_WALL_LOSS,53,False,cell-02,1,interior,interior,0.004254650318974201,0.008757236577590368,0.004502586258616167,0.006505943448282285,4.155965494158354e-05,0.004254650318974201,0.008757236577590368,1.0281629702559951,1.0010015046613534,0.5574724040450346,0.045960363989568535,0.08252676396987181,False,False,False,0.6449229886844079,0.004379253473304041,0.5939687139023628,0.0014690278291702122,0.0008623021191083637,0.0005362947063994641,0.0023345944553044328,0.8568026464498908,0.13771783251792588,0.9315279195397215,0.8608890373624072,0.0014690278291702122,0.017517013893216166,0.0014013611114572933,0.01510460870765604,4,0.004379253473304041,True,0.12637909198849323,0.0071541333706230436,0.006231562363304634,128,128,0.02913695627350843,False,0,0,128,128,0,0,0,1.0,0.9708630437264916,1.0,0.0,0.0,0.0,0.02913695627350843,0.0,0.005492143434474149,True,16,16,16,0.0,0,0.8905376648504193,0.73203125,0.0,True,0.6640625,True,True,98cf95c0b7401c9b2536eec7ca54e420e15eab730f0d5f166bf22d12d4a35833,cbc5a34c7584f82b9ac89e465ea778abc0b41333d345e4dddddc827c81857ec4
l1a-gs-v2-053-e22999f79a,e22999f79ab7e5913ca89974d620def2897081672e544adcff0bcefebab48505,sweep_v2,SCREENING_L1A_FIELD_TEST_PARTICLE_WALL_LOSS,53,False,cell-03,2,interior,interior,0.008757236577590368,0.0132626023264372,0.0045053657488468325,0.011009919452013784,4.158531012024423e-05,0.008757236577590368,0.0132626023264372,1.0287976652439903,1.0,0.5569217971369519,0.04614371178516398,0.08285492150312954,False,False,False,0.6449229886844079,0.004379253473304041,0.5939687139023628,0.0014690278291702122,0.0008623021191083637,0.0005362947063994641,0.0023345944553044328,0.8568026464498908,0.13771783251792588,0.9315279195397215,0.8608890373624072,0.0014690278291702122,0.017517013893216166,0.0014013611114572933,0.01510460870765604,4,0.004379253473304041,True,0.12637909198849323,0.0071541333706230436,0.006231562363304634,128,128,0.02913695627350843,False,0,0,128,128,0,0,0,1.0,0.9708630437264916,1.0,0.0,0.0,0.0,0.02913695627350843,0.0,0.005492143434474149,True,16,16,16,0.0,0,0.8905376648504193,0.73203125,0.0,True,0.6640625,True,True,98cf95c0b7401c9b2536eec7ca54e420e15eab730f0d5f166bf22d12d4a35833,cbc5a34c7584f82b9ac89e465ea778abc0b41333d345e4dddddc827c81857ec4
l1a-gs-v2-053-e22999f79a,e22999f79ab7e5913ca89974d620def2897081672e544adcff0bcefebab48505,sweep_v2,SCREENING_L1A_FIELD_TEST_PARTICLE_WALL_LOSS,53,False,cell-04,3,exit_partial,exit_side,0.0132626023264372,0.01510460870765604,0.0018420063812188397,0.01418360551704662,1.7002039540532413e-05,0.0132626023264372,,0.4206210927153961,1.0017599803028938,0.5867673699259397,0.04606264244176723,0.07864055526977944,False,False,False,0.6449229886844079,0.004379253473304041,0.5939687139023628,0.0014690278291702122,0.0008623021191083637,0.0005362947063994641,0.0023345944553044328,0.8568026464498908,0.13771783251792588,0.9315279195397215,0.8608890373624072,0.0014690278291702122,0.017517013893216166,0.0014013611114572933,0.01510460870765604,4,0.004379253473304041,True,0.12637909198849323,0.0071541333706230436,0.006231562363304634,128,65,0.17067527654865655,True,384,193,512,258,126,128,0,0.50390625,0.4607305364538204,0.5470237840483447,0.24609375,0.25,0.0,0.08629324759452434,0.022096412552213365,0.022096415178774125,False,64,35,35,0.0,0,0.8905376648504193,0.73203125,0.0,True,0.6640625,True,True,98cf95c0b7401c9b2536eec7ca54e420e15eab730f0d5f166bf22d12d4a35833,cbc5a34c7584f82b9ac89e465ea778abc0b41333d345e4dddddc827c81857ec4
l1a-gs-v2-054-58f94d4676,58f94d4676b809f32c108bfaa7d85986c07778de2cfa66df09836b2be1d22bb5,sweep_v2,SCREENING_L1A_FIELD_TEST_PARTICLE_WALL_LOSS,54,False,cell-01,0,anode_partial,anode_side,0.0,0.005055225383710892,0.005055225383710892,0.002527612691855446,5.029065802015436e-05,,0.005055225383710892,0.957564437713399,1.4308004474271192,0.5720079200811755,0.045209025115178735,0.11308426175875665,False,False,False,0.019922988684407894,0.00527925347330404,0.6419687139023629,0.0015833135434559263,0.0005019715405959669,0.0005709100910148488,0.0024404768082456098,0.8857500148709434,0.14989174556140414,0.9660106781604113,0.8931471018785362,0.0015833135434559263,0.015837760419912122,0.0012670208335929698,0.013463810864788176,3,0.00527925347330404,True,0.20696487368530866,0.005025705521800332,0.0030810674561553746,128,127,0.04154582754598635,False,0,0,128,127,0,1,0,0.9921875,0.9570737405611394,0.9986195681071257,0.0,0.0078125,0.0,0.04154582754598635,0.007781922583256459,0.009475584891282928,True,16,16,16,0.0,0,0.8973572319637245,0.6653645833333334,0.0,True,0.77734375,True,True,9ed7f808b287ae446080003d1674f84db61e8e142020f133edb32df91af4a38d,9dd64e5580c3d3614697f5c62da5706511bfd28f7b2c0f123f5a765a144cba8e
l1a-gs-v2-054-58f94d4676,58f94d4676b809f32c108bfaa7d85986c07778de2cfa66df09836b2be1d22bb5,sweep_v2,SCREENING_L1A_FIELD_TEST_PARTICLE_WALL_LOSS,54,False,cell-02,1,interior,interior,0.005055225383710892,0.010778873130451182,0.00572364774674029,0.007917049257081038,5.694029239262993e-05,0.005055225383710892,0.010778873130451182,1.0841774837452773,1.0023472937203517,0.44519301540109785,0.06411708627162331,0.1443589312552307,False,False,False,0.019922988684407894,0.00527925347330404,0.6419687139023629,0.0015833135434559263,0.0005019715405959669,0.0005709100910148488,0.0024404768082456098,0.8857500148709434,0.14989174556140414,0.9660106781604113,0.8931471018785362,0.0015833135434559263,0.015837760419912122,0.0012670208335929698,0.013463810864788176,3,0.00527925347330404,True,0.20696487368530866,0.005025705521800332,0.0030810674561553746,128,128,0.02913695627350843,False,0,0,128,128,0,0,0,1.0,0.9708630437264916,1.0,0.0,0.0,0.0,0.02913695627350843,0.0,0.005492143434474149,True,16,16,16,0.0,0,0.8973572319637245,0.6653645833333334,0.0,True,0.77734375,True,True,9ed7f808b287ae446080003d1674f84db61e8e142020f133edb32df91af4a38d,9dd64e5580c3d3614697f5c62da5706511bfd28f7b2c0f123f5a765a144cba8e
l1a-gs-v2-054-58f94d4676,58f94d4676b809f32c108bfaa7d85986c07778de2cfa66df09836b2be1d22bb5,sweep_v2,SCREENING_L1A_FIELD_TEST_PARTICLE_WALL_LOSS,54,False,cell-03,2,exit_partial,exit_side,0.010778873130451182,0.013463810864788176,0.002684937734336994,0.012121341997619679,2.6710438240407447e-05,0.010778873130451182,,0.5085828418571112,1.0,0.5687252108539075,0.06426758790559595,0.11300288202294029,False,False,False,0.019922988684407894,0.00527925347330404,0.6419687139023629,0.0015833135434559263,0.0005019715405959669,0.0005709100910148488,0.0024404768082456098,0.8857500148709434,0.14989174556140414,0.9660106781604113,0.8931471018785362,0.0015833135434559263,0.015837760419912122,0.0012670208335929698,0.013463810864788176,3,0.00527925347330404,True,0.20696487368530866,0.005025705521800332,0.0030810674561553746,128,64,0.17069550747898554,True,384,192,512,256,128,128,0,0.5,0.45685206921855137,0.5431479307814486,0.25,0.25,0.0,0.08629586156289726,0.02209708691207961,0.02209708691207961,False,64,30,30,0.0,0,0.8973572319637245,0.6653645833333334,0.0,True,0.77734375,True,True,9ed7f808b287ae446080003d1674f84db61e8e142020f133edb32df91af4a38d,9dd64e5580c3d3614697f5c62da5706511bfd28f7b2c0f123f5a765a144cba8e
l1a-gs-v2-055-a7ac306811,a7ac306811791acb03d758b7cf4dc88c348811133f0e8e05f70579cb512bb749,sweep_v2,SCREENING_L1A_FIELD_TEST_PARTICLE_WALL_LOSS,55,False,cell-01,0,anode_partial,anode_side,0.0,0.005543625134833399,0.005543625134833399,0.0027718125674166994,5.913013904103058e-05,,0.005543625134833399,0.9761186326498408,1.636408913906674,0.5751593962484071,0.05561488876007074,0.15823213583318016,False,False,False,0.5199229886844079,0.0056792534733040405,0.6995687139023627,0.0016975992577416407,0.0005383351769596034,0.0006055254756302333,0.002546359161186786,0.914697383291996,0.16206565860488245,0.0004934367811009199,0.9254051663946653,0.0016975992577416407,0.022717013893216162,0.001817361111457293,0.01903536607507582,4,0.0056792534733040405,True,0.25235379560278914,0.005186124238405706,0.0027072110424995457,128,128,0.02913695627350843,False,0,0,128,128,0,0,0,1.0,0.9708630437264916,1.0,0.0,0.0,0.0,0.02913695627350843,0.0,0.005492143434474149,True,16,16,16,0.0,0,0.9511952153436734,0.7142857142857143,0.0,True,0.7578125,True,True,769e5589f91f07388fc086dbfd44c452d02bb2e116763f48fcdafc6001988897,1f073a3d7d7573316d814c2ef61f7c370a951abe7802739ca4f34685d99874cf
l1a-gs-v2-055-a7ac306811,a7ac306811791acb03d758b7cf4dc88c348811133f0e8e05f70579cb512bb749,sweep_v2,SCREENING_L1A_FIELD_TEST_PARTICLE_WALL_LOSS,55,False,cell-02,1,interior,interior,0.005543625134833399,0.011353784239845685,0.005810159105012287,0.008448704687339543,6.197307851339972e-05,0.005543625134833399,0.011353784239845685,1.0230497955978868,1.0,0.49242244868630114,0.09100869971290784,0.18481834034111053,False,False,False,0.5199229886844079,0.0056792534733040405,0.6995687139023627,0.0016975992577416407,0.0005383351769596034,0.0006055254756302333,0.002546359161186786,0.914697383291996,0.16206565860488245,0.0004934367811009199,0.9254051663946653,0.0016975992577416407,0.022717013893216162,0.001817361111457293,0.01903536607507582,4,0.0056792534733040405,True,0.25235379560278914,0.005186124238405706,0.0027072110424995457,128,128,0.02913695627350843,False,0,0,128,128,0,0,0,1.0,0.9708630437264916,1.0,0.0,0.0,0.0,0.02913695627350843,0.0,0.005492143434474149,True,16,16,16,0.0,0,0.9511952153436734,0.7142857142857143,0.0,True,0.7578125,True,True,769e5589f91f07388fc086dbfd44c452d02bb2e116763f48fcdafc6001988897,1f073a3d7d7573316d814c2ef61f7c370a951abe7802739ca4f34685d99874cf
l1a-gs-v2-055-a7ac306811,a7ac306811791acb03d758b7cf4dc88c348811133f0e8e05f70579cb512bb749,sweep_v2,SCREENING_L1A_FIELD_TEST_PARTICLE_WALL_LOSS,55,False,cell-03,2,interior,interior,0.011353784239845685,0.017177332190778976,0.0058235479509332905,0.014265558215312332,6.21158883718682e-05,0.011353784239845685,0.017177332190778976,1.0254072966293057,1.0006396737858962,0.492532704097391,0.09086520290604448,0.1846036339069474,False,False,False,0.5199229886844079,0.0056792534733040405,0.6995687139023627,0.0016975992577416407,0.0005383351769596034,0.0006055254756302333,0.002546359161186786,0.914697383291996,0.16206565860488245,0.0004934367811009199,0.9254051663946653,0.0016975992577416407,0.022717013893216162,0.001817361111457293,0.01903536607507582,4,0.0056792534733040405,True,0.25235379560278914,0.005186124238405706,0.0027072110424995457,128,128,0.02913695627350843,False,0,0,128,128,0,0,0,1.0,0.9708630437264916,1.0,0.0,0.0,0.0,0.02913695627350843,0.0,0.005492143434474149,True,16,16,16,0.0,0,0.9511952153436734,0.7142857142857143,0.0,True,0.7578125,True,True,769e5589f91f07388fc086dbfd44c452d02bb2e116763f48fcdafc6001988897,1f073a3d7d7573316d814c2ef61f7c370a951abe7802739ca4f34685d99874cf
l1a-gs-v2-055-a7ac306811,a7ac306811791acb03d758b7cf4dc88c348811133f0e8e05f70579cb512bb749,sweep_v2,SCREENING_L1A_FIELD_TEST_PARTICLE_WALL_LOSS,55,False,cell-04,3,exit_partial,exit_side,0.017177332190778976,0.01903536607507582,0.0018580338842968426,0.0181063491329274,1.9818403887210205e-05,0.017177332190778976,,0.3271616407034369,1.0,0.5746992752439,0.09092332699439362,0.1582102691112776,False,False,False,0.5199229886844079,0.0056792534733040405,0.6995687139023627,0.0016975992577416407,0.0005383351769596034,0.0006055254756302333,0.002546359161186786,0.914697383291996,0.16206565860488245,0.0004934367811009199,0.9254051663946653,0.0016975992577416407,0.022717013893216162,0.001817361111457293,0.01903536607507582,4,0.0056792534733040405,True,0.25235379560278914,0.005186124238405706,0.0027072110424995457,128,64,0.17069550747898554,True,384,192,512,256,128,128,0,0.5,0.45685206921855137,0.5431479307814486,0.25,0.25,0.0,0.08629586156289726,0.02209708691207961,0.02209708691207961,False,64,35,35,0.0,0,0.9511952153436734,0.7142857142857143,0.0,True,0.7578125,True,True,769e5589f91f07388fc086dbfd44c452d02bb2e116763f48fcdafc6001988897,1f073a3d7d7573316d814c2ef61f7c370a951abe7802739ca4f34685d99874cf
l1a-gs-v2-056-87997ee6f2,87997ee6f2adee201a130d257d5974d71cf98390520607c05223422b77cf1e9d,sweep_v2,SCREENING_L1A_FIELD_TEST_PARTICLE_WALL_LOSS,56,False,cell-01,0,anode_partial,anode_side,0.0,0.0036724953345228183,0.0036724953345228183,0.0018362476672614092,4.180918906565408e-05,,0.0036724953345228183,0.9467015650809942,1.425041052632399,0.9348289161256385,0.052071550703665925,0.07937719527813643,False,False,False,0.2699229886844079,0.003879253473304041,0.5075687139023628,0.001811884972027355,0.0005746988133232397,0.000640140860245618,0.002652241514127962,0.9436447517130487,0.17476887221546844,0.034976195401790644,0.9576632309107944,0.001811884972027355,0.011637760419912123,0.0009310208335929699,0.009603842156210265,3,0.003879253473304041,True,0.19292346621429995,0.006943067044903173,0.0027347906439119146,128,104,0.13448776374340587,True,384,320,512,424,0,88,0,0.828125,0.7930328989697278,0.8583300232121304,0.0,0.171875,0.0,0.06529712424240253,0.016673213944300658,0.016697757019191958,True,64,51,51,0.0,0,0.8374415442982817,0.6710069444444444,0.0,True,0.689453125,True,True,d980fd9c25e923baa5e6515a69c169642a25351c3e7a68ca54abd35628e95bcf,e2ca81cdfb6c3881dceea49dec535385fa4211afd26a6c4ac67485729c10f562
l1a-gs-v2-056-87997ee6f2,87997ee6f2adee201a130d257d5974d71cf98390520607c05223422b77cf1e9d,sweep_v2,SCREENING_L1A_FIELD_TEST_PARTICLE_WALL_LOSS,56,False,cell-02,1,interior,interior,0.0036724953345228183,0.007967596402200327,0.0042951010676775085,0.005820045868361573,4.8897187399137837e-05,0.0036724953345228183,0.007967596402200327,1.1071978403152092,1.0,0.7502922901184043,0.07342609603967432,0.0978633220769027,False,False,False,0.2699229886844079,0.003879253473304041,0.5075687139023628,0.001811884972027355,0.0005746988133232397,0.000640140860245618,0.002652241514127962,0.9436447517130487,0.17476887221546844,0.034976195401790644,0.9576632309107944,0.001811884972027355,0.011637760419912123,0.0009310208335929699,0.009603842156210265,3,0.003879253473304041,True,0.19292346621429995,0.006943067044903173,0.0027347906439119146,128,128,0.02913695627350843,False,0,0,128,128,0,0,0,1.0,0.9708630437264916,1.0,0.0,0.0,0.0,0.02913695627350843,0.0,0.005492143434474149,True,16,16,16,0.0,0,0.8374415442982817,0.6710069444444444,0.0,True,0.689453125,True,True,d980fd9c25e923baa5e6515a69c169642a25351c3e7a68ca54abd35628e95bcf,e2ca81cdfb6c3881dceea49dec535385fa4211afd26a6c4ac67485729c10f562
l1a-gs-v2-056-87997ee6f2,87997ee6f2adee201a130d257d5974d71cf98390520607c05223422b77cf1e9d,sweep_v2,SCREENING_L1A_FIELD_TEST_PARTICLE_WALL_LOSS,56,False,cell-03,2,exit_partial,exit_side,0.007967596402200327,0.009603842156210265,0.0016362457540099375,0.008785719279205295,1.8627690944681345e-05,0.007967596402200327,,0.4217939779573911,1.0080108420044505,0.9243553812874264,0.07284256575421848,0.07943492029808676,False,False,False,0.2699229886844079,0.003879253473304041,0.5075687139023628,0.001811884972027355,0.0005746988133232397,0.000640140860245618,0.002652241514127962,0.9436447517130487,0.17476887221546844,0.034976195401790644,0.9576632309107944,0.001811884972027355,0.011637760419912123,0.0009310208335929699,0.009603842156210265,3,0.003879253473304041,True,0.19292346621429995,0.006943067044903173,0.0027347906439119146,128,56,0.16939585699312765,True,384,165,512,221,147,144,0,0.431640625,0.38940389657104313,0.4748954946410697,0.287109375,0.28125,0.0,0.0854915980700266,0.021889593161335097,0.021890405130619163,False,64,27,27,0.0,0,0.8374415442982817,0.6710069444444444,0.0,True,0.689453125,True,True,d980fd9c25e923baa5e6515a69c169642a25351c3e7a68ca54abd35628e95bcf,e2ca81cdfb6c3881dceea49dec535385fa4211afd26a6c4ac67485729c10f562
l1a-gs-v2-057-68965a0576,68965a05763ccf038102a39316e3cc535dd8cdb84425ad62a0a172d680eac1ef,sweep_v2,SCREENING_L1A_FIELD_TEST_PARTICLE_WALL_LOSS,57,False,cell-01,0,anode_partial,anode_side,0.0,0.004604996000367942,0.004604996000367942,0.002302498000183971,5.5731905865946964e-05,,0.004604996000367942,0.963538767318062,1.4729127390807548,0.7604043281420455,0.05661502631065559,0.10966401740519742,False,False,False,0.7699229886844079,0.004779253473304041,0.5555687139023628,0.0019261706863130691,0.0006110624496868761,0.0006747562448610027,0.0027581238670691386,0.9725921201341013,0.1869427852589467,0.06945895402248015,0.9899212954269234,0.0019261706863130691,0.023896267366520202,0.0019117013893216162,0.01942903258773044,5,0.004779253473304041,True,0.24393764525617026,0.005492284597711646,0.0038613968986113668,128,128,0.02913695627350843,False,0,0,128,128,0,0,0,1.0,0.9708630437264916,1.0,0.0,0.0,0.0,0.02913695627350843,0.0,0.005492143434474149,True,16,16,16,0.0,0,0.9945151559137834,0.6240234375,0.0,True,0.73046875,True,True,52cbacbda70e717205e64a26b014046f01c1feb52e22f7367f1c61497591f85f,2b5b762d5b24c6a9cfcd54476c698316ac4706006e42d7ced7196b3d80cbd8c2
l1a-gs-v2-057-68965a0576,68965a05763ccf038102a39316e3cc535dd8cdb84425ad62a0a172d680eac1ef,sweep_v2,SCREENING_L1A_FIELD_TEST_PARTICLE_WALL_LOSS,57,False,cell-02,1,interior,interior,0.004604996000367942,0.00965635209525846,0.005051356094890519,0.007130674047813201,6.113397326584477e-05,0.004604996000367942,0.00965635209525846,1.0569341264501642,1.0,0.6612998467084289,0.08338899347635673,0.12609861304432365,False,False,False,0.7699229886844079,0.004779253473304041,0.5555687139023628,0.0019261706863130691,0.0006110624496868761,0.0006747562448610027,0.0027581238670691386,0.9725921201341013,0.1869427852589467,0.06945895402248015,0.9899212954269234,0.0019261706863130691,0.023896267366520202,0.0019117013893216162,0.01942903258773044,5,0.004779253473304041,True,0.24393764525617026,0.005492284597711646,0.0038613968986113668,128,128,0.02913695627350843,False,0,0,128,128,0,0,0,1.0,0.9708630437264916,1.0,0.0,0.0,0.0,0.02913695627350843,0.0,0.005492143434474149,True,16,16,16,0.0,0,0.9945151559137834,0.6240234375,0.0,True,0.73046875,True,True,52cbacbda70e717205e64a26b014046f01c1feb52e22f7367f1c61497591f85f,2b5b762d5b24c6a9cfcd54476c698316ac4706006e42d7ced7196b3d80cbd8c2
l1a-gs-v2-057-68965a0576,68965a05763ccf038102a39316e3cc535dd8cdb84425ad62a0a172d680eac1ef,sweep_v2,SCREENING_L1A_FIELD_TEST_PARTICLE_WALL_LOSS,57,False,cell-03,2,interior,interior,0.00965635209525846,0.014239780856179314,0.004583428760920853,0.011948066475718888,5.5470888623248494e-05,0.00965635209525846,0.014239780856179314,0.9590260877609807,1.0,0.7909203236409678,0.08472096185143764,0.10711693620594845,False,False,False,0.7699229886844079,0.004779253473304041,0.5555687139023628,0.0019261706863130691,0.0006110624496868761,0.0006747562448610027,0.0027581238670691386,0.9725921201341013,0.1869427852589467,0.06945895402248015,0.9899212954269234,0.0019261706863130691,0.023896267366520202,0.0019117013893216162,0.01942903258773044,5,0.004779253473304041,True,0.24393764525617026,0.005492284597711646,0.0038613968986113668,128,128,0.02913695627350843,False,0,0,128,128,0,0,0,1.0,0.9708630437264916,1.0,0.0,0.0,0.0,0.02913695627350843,0.0,0.005492143434474149,True,16,16,16,0.0,0,0.9945151559137834,0.6240234375,0.0,True,0.73046875,True,True,52cbacbda70e717205e64a26b014046f01c1feb52e22f7367f1c61497591f85f,2b5b762d5b24c6a9cfcd54476c698316ac4706006e42d7ced7196b3d80cbd8c2
l1a-gs-v2-057-68965a0576,68965a05763ccf038102a39316e3cc535dd8cdb84425ad62a0a172d680eac1ef,sweep_v2,SCREENING_L1A_FIELD_TEST_PARTICLE_WALL_LOSS,57,False,cell-04,3,interior,interior,0.014239780856179314,0.01928731469209735,0.005047533835918038,0.016763547774138333,6.108771442496139e-05,0.014239780856179314,0.01928731469209735,1.0561343657775337,1.0,0.6521728576980633,0.0823278651046777,0.12623626410222832,True,False,False,0.7699229886844079,0.004779253473304041,0.5555687139023628,0.0019261706863130691,0.0006110624496868761,0.0006747562448610027,0.0027581238670691386,0.9725921201341013,0.1869427852589467,0.06945895402248015,0.9899212954269234,0.0019261706863130691,0.023896267366520202,0.0019117013893216162,0.01942903258773044,5,0.004779253473304041,True,0.24393764525617026,0.005492284597711646,0.0038613968986113668,128,128,0.02913695627350843,False,0,0,128,128,0,0,0,1.0,0.9708630437264916,1.0,0.0,0.0,0.0,0.02913695627350843,0.0,0.005492143434474149,True,16,16,16,0.0,0,0.9945151559137834,0.6240234375,0.0,True,0.73046875,True,True,52cbacbda70e717205e64a26b014046f01c1feb52e22f7367f1c61497591f85f,2b5b762d5b24c6a9cfcd54476c698316ac4706006e42d7ced7196b3d80cbd8c2
l1a-gs-v2-057-68965a0576,68965a05763ccf038102a39316e3cc535dd8cdb84425ad62a0a172d680eac1ef,sweep_v2,SCREENING_L1A_FIELD_TEST_PARTICLE_WALL_LOSS,57,False,cell-05,4,exit_partial,exit_side,0.01928731469209735,0.01942903258773044,0.00014171789563308806,0.019358173639913896,1.7151390399280018e-06,0.01928731469209735,,0.029652726398525637,1.0021344712106406,0.755862819772166,0.08215251293094482,0.10891905640959185,True,True,False,0.7699229886844079,0.004779253473304041,0.5555687139023628,0.0019261706863130691,0.0006110624496868761,0.0006747562448610027,0.0027581238670691386,0.9725921201341013,0.1869427852589467,0.06945895402248015,0.9899212954269234,0.0019261706863130691,0.023896267366520202,0.0019117013893216162,0.01942903258773044,5,0.004779253473304041,True,0.24393764525617026,0.005492284597711646,0.0038613968986113668,128,32,0.14854278090958306,True,384,95,512,127,306,79,0,0.248046875,0.21260657818251497,0.28723974942784397,0.59765625,0.154296875,0.0,0.074633171245329,0.019086543382356862,0.019099189509459963,True,64,12,12,0.0,0,0.9945151559137834,0.6240234375,0.0,True,0.73046875,True,True,52cbacbda70e717205e64a26b014046f01c1feb52e22f7367f1c61497591f85f,2b5b762d5b24c6a9cfcd54476c698316ac4706006e42d7ced7196b3d80cbd8c2
l1a-gs-v2-058-132b3d1a44,132b3d1a44c7853d6b7224f1c5a0cc25a0c0599943c003215f30f4b74399c486,sweep_v2,SCREENING_L1A_FIELD_TEST_PARTICLE_WALL_LOSS,58,False,cell-01,0,anode_partial,anode_side,0.0,0.005792178023257242,0.005792178023257242,0.002896089011628621,7.425899875531227e-05,,0.005792178023257242,0.9687125740893832,1.6052701835997258,0.6296624069153116,0.05595276882995198,0.14264677469406326,False,False,False,0.863672988684408,0.00597925347330404,0.6035687139023629,0.0020404564005987837,0.0006474260860505124,0.0007093716294763871,0.002864006220010315,1.0015394885551538,0.19911669830242493,0.10394171264316987,0.022179359943052424,0.0020404564005987837,0.0298962673665202,0.002391701389321616,0.023943421316932167,5,0.00597925347330404,True,0.2549861506387743,0.004285831330261738,0.0014564428227024303,128,128,0.02913695627350843,False,0,0,128,128,0,0,0,1.0,0.9708630437264916,1.0,0.0,0.0,0.0,0.02913695627350843,0.0,0.005492143434474149,True,16,16,16,0.0,0,1.0,1.0,0.0,True,0.7890625,True,True,c28341cc9c4924f00b7febad5b2ac1cab378c7bfdfd8c66a19bc0f963ffa5b6e,eca4e10adbd2b398d468d93ce626791eb0e5a9881980814da9a49969d6d6459b
l1a-gs-v2-058-132b3d1a44,132b3d1a44c7853d6b7224f1c5a0cc25a0c0599943c003215f30f4b74399c486,sweep_v2,SCREENING_L1A_FIELD_TEST_PARTICLE_WALL_LOSS,58,False,cell-02,1,interior,interior,0.005792178023257242,0.012043012355587626,0.006250834332330384,0.008917595189422433,8.013923208858008e-05,0.005792178023257242,0.012043012355587626,1.045420529542507,1.0,0.5319655322203465,0.08981931149257004,0.1688442315382302,False,False,False,0.863672988684408,0.00597925347330404,0.6035687139023629,0.0020404564005987837,0.0006474260860505124,0.0007093716294763871,0.002864006220010315,1.0015394885551538,0.19911669830242493,0.10394171264316987,0.022179359943052424,0.0020404564005987837,0.0298962673665202,0.002391701389321616,0.023943421316932167,5,0.00597925347330404,True,0.2549861506387743,0.004285831330261738,0.0014564428227024303,128,128,0.02913695627350843,False,0,0,128,128,0,0,0,1.0,0.9708630437264916,1.0,0.0,0.0,0.0,0.02913695627350843,0.0,0.005492143434474149,True,16,16,16,0.0,0,1.0,1.0,0.0,True,0.7890625,True,True,c28341cc9c4924f00b7febad5b2ac1cab378c7bfdfd8c66a19bc0f963ffa5b6e,eca4e10adbd2b398d468d93ce626791eb0e5a9881980814da9a49969d6d6459b
l1a-gs-v2-058-132b3d1a44,132b3d1a44c7853d6b7224f1c5a0cc25a0c0599943c003215f30f4b74399c486,sweep_v2,SCREENING_L1A_FIELD_TEST_PARTICLE_WALL_LOSS,58,False,cell-03,2,interior,interior,0.012043012355587626,0.01785667126027707,0.0058136589046894425,0.014949841807932348,7.453439580649609e-05,0.012043012355587626,0.01785667126027707,0.9723051432166342,1.0012102968074508,0.6131934032733931,0.09292893504157874,0.1517325629047851,False,False,False,0.863672988684408,0.00597925347330404,0.6035687139023629,0.0020404564005987837,0.0006474260860505124,0.0007093716294763871,0.002864006220010315,1.0015394885551538,0.19911669830242493,0.10394171264316987,0.022179359943052424,0.0020404564005987837,0.0298962673665202,0.002391701389321616,0.023943421316932167,5,0.00597925347330404,True,0.2549861506387743,0.004285831330261738,0.0014564428227024303,128,128,0.02913695627350843,False,0,0,128,128,0,0,0,1.0,0.9708630437264916,1.0,0.0,0.0,0.0,0.02913695627350843,0.0,0.005492143434474149,True,16,16,16,0.0,0,1.0,1.0,0.0,True,0.7890625,True,True,c28341cc9c4924f00b7febad5b2ac1cab378c7bfdfd8c66a19bc0f963ffa5b6e,eca4e10adbd2b398d468d93ce626791eb0e5a9881980814da9a49969d6d6459b
l1a-gs-v2-058-132b3d1a44,132b3d1a44c7853d6b7224f1c5a0cc25a0c0599943c003215f30f4b74399c486,sweep_v2,SCREENING_L1A_FIELD_TEST_PARTICLE_WALL_LOSS,58,False,cell-04,3,exit_partial,exit_side,0.01785667126027707,0.023943421316932167,0.006086750056655099,0.020900046288604618,7.803557885585621e-05,0.01785667126027707,,1.0179782616393511,1.0211653975165267,0.551369501364106,0.09148225368805854,0.16942995889680804,False,False,False,0.863672988684408,0.00597925347330404,0.6035687139023629,0.0020404564005987837,0.0006474260860505124,0.0007093716294763871,0.002864006220010315,1.0015394885551538,0.19911669830242493,0.10394171264316987,0.022179359943052424,0.0020404564005987837,0.0298962673665202,0.002391701389321616,0.023943421316932167,5,0.00597925347330404,True,0.2549861506387743,0.004285831330261738,0.0014564428227024303,128,128,0.02913695627350843,False,0,0,128,128,0,0,0,1.0,0.9708630437264916,1.0,0.0,0.0,0.0,0.02913695627350843,0.0,0.005492143434474149,True,16,16,16,0.0,0,1.0,1.0,0.0,True,0.7890625,True,True,c28341cc9c4924f00b7febad5b2ac1cab378c7bfdfd8c66a19bc0f963ffa5b6e,eca4e10adbd2b398d468d93ce626791eb0e5a9881980814da9a49969d6d6459b
l1a-gs-v2-059-06306f4e8d,06306f4e8d4630d8f715525445c36d7b0469dcc15c3e4f59aa0a859b6561613f,sweep_v2,SCREENING_L1A_FIELD_TEST_PARTICLE_WALL_LOSS,59,False,cell-01,0,anode_partial,anode_side,0.0,0.004084690307666682,0.004084690307666682,0.002042345153833341,5.2846918324830745e-05,,0.004084690307666682,0.977373192068535,1.1359627238900296,0.889906318320858,0.08211861768104932,0.10482416710903164,False,False,False,0.3636729886844079,0.004179253473304041,0.6515687139023628,0.0020591152927270633,0.0006837897224141488,0.0007439870140917718,0.0029698885729514918,1.0304868569762067,0.2112906113459032,0.1384244712638596,0.05443742445918143,0.0020591152927270633,0.016717013893216164,0.001337361111457293,0.013184865807840562,4,0.004179253473304041,True,0.2183075013394626,0.006513140075182068,0.002145503041377514,128,88,0.1586157530318415,True,384,267,512,355,0,157,0,0.693359375,0.6521024640647736,0.7317364007923929,0.0,0.306640625,0.0,0.07963393672761931,0.020377882852974438,0.02038486013440593,False,64,45,45,0.0,0,0.8741116439023784,0.58125,0.0,True,0.68359375,True,True,a4e6e739dc2ee5f5c12d95026c20bc39ea9a21de701317d68c793c839ff16690,d0c7e75ec49aee21fdec4410c0635ae7f7900cbc7b1ea33c053806761f2c8fa9
l1a-gs-v2-059-06306f4e8d,06306f4e8d4630d8f715525445c36d7b0469dcc15c3e4f59aa0a859b6561613f,sweep_v2,SCREENING_L1A_FIELD_TEST_PARTICLE_WALL_LOSS,59,False,cell-02,1,interior,interior,0.004084690307666682,0.008357828442174422,0.004273138134507739,0.006221259374920552,5.52850191754311e-05,0.004084690307666682,0.008357828442174422,1.022464457301623,1.0,0.9747908954604113,0.09328368862304873,0.09569610165366713,False,False,False,0.3636729886844079,0.004179253473304041,0.6515687139023628,0.0020591152927270633,0.0006837897224141488,0.0007439870140917718,0.0029698885729514918,1.0304868569762067,0.2112906113459032,0.1384244712638596,0.05443742445918143,0.0020591152927270633,0.016717013893216164,0.001337361111457293,0.013184865807840562,4,0.004179253473304041,True,0.2183075013394626,0.006513140075182068,0.002145503041377514,128,128,0.02913695627350843,False,0,0,128,128,0,0,0,1.0,0.9708630437264916,1.0,0.0,0.0,0.0,0.02913695627350843,0.0,0.005492143434474149,True,16,16,16,0.0,0,0.8741116439023784,0.58125,0.0,True,0.68359375,True,True,a4e6e739dc2ee5f5c12d95026c20bc39ea9a21de701317d68c793c839ff16690,d0c7e75ec49aee21fdec4410c0635ae7f7900cbc7b1ea33c053806761f2c8fa9
l1a-gs-v2-059-06306f4e8d,06306f4e8d4630d8f715525445c36d7b0469dcc15c3e4f59aa0a859b6561613f,sweep_v2,SCREENING_L1A_FIELD_TEST_PARTICLE_WALL_LOSS,59,False,cell-03,2,interior,interior,0.008357828442174422,0.01263464940774102,0.004276820965566598,0.01049623892495772,5.533266691797999e-05,0.008357828442174422,0.01263464940774102,1.023345674744495,1.0113255104981493,0.9724956833963406,0.09260352868893922,0.09630100423500129,False,False,False,0.3636729886844079,0.004179253473304041,0.6515687139023628,0.0020591152927270633,0.0006837897224141488,0.0007439870140917718,0.0029698885729514918,1.0304868569762067,0.2112906113459032,0.1384244712638596,0.05443742445918143,0.0020591152927270633,0.016717013893216164,0.001337361111457293,0.013184865807840562,4,0.004179253473304041,True,0.2183075013394626,0.006513140075182068,0.002145503041377514,128,128,0.02913695627350843,False,0,0,128,128,0,0,0,1.0,0.9708630437264916,1.0,0.0,0.0,0.0,0.02913695627350843,0.0,0.005492143434474149,True,16,16,16,0.0,0,0.8741116439023784,0.58125,0.0,True,0.68359375,True,True,a4e6e739dc2ee5f5c12d95026c20bc39ea9a21de701317d68c793c839ff16690,d0c7e75ec49aee21fdec4410c0635ae7f7900cbc7b1ea33c053806761f2c8fa9
l1a-gs-v2-059-06306f4e8d,06306f4e8d4630d8f715525445c36d7b0469dcc15c3e4f59aa0a859b6561613f,sweep_v2,SCREENING_L1A_FIELD_TEST_PARTICLE_WALL_LOSS,59,False,cell-04,3,exit_partial,exit_side,0.01263464940774102,0.013184865807840562,0.000550216400099543,0.01290975760779079,7.11859136602522e-06,0.01263464940774102,,0.13165423050173408,1.0,0.8919016938528456,0.09365231092527147,0.1050029521983654,False,True,False,0.3636729886844079,0.004179253473304041,0.6515687139023628,0.0020591152927270633,0.0006837897224141488,0.0007439870140917718,0.0029698885729514918,1.0304868569762067,0.2112906113459032,0.1384244712638596,0.05443742445918143,0.0020591152927270633,0.016717013893216164,0.001337361111457293,0.013184865807840562,4,0.004179253473304041,True,0.2183075013394626,0.006513140075182068,0.002145503041377514,128,34,0.15139792792606135,True,384,99,512,133,246,133,0,0.259765625,0.22367113196759586,0.299438157149258,0.48046875,0.259765625,0.0,0.07576702518166212,0.019379407012319532,0.019390730810753987,True,64,22,22,0.0,0,0.8741116439023784,0.58125,0.0,True,0.68359375,True,True,a4e6e739dc2ee5f5c12d95026c20bc39ea9a21de701317d68c793c839ff16690,d0c7e75ec49aee21fdec4410c0635ae7f7900cbc7b1ea33c053806761f2c8fa9
l1a-gs-v2-060-c3bf7e5c98,c3bf7e5c98ca3686f45dcd873f0405488d4345749bf49698eb33e582cc69df3d,sweep_v2,SCREENING_L1A_FIELD_TEST_PARTICLE_WALL_LOSS,60,False,cell-01,0,anode_partial,anode_side,0.0,0.004822316444499585,0.004822316444499585,0.0024111582222497924,6.58529808311269e-05,,0.004822316444499585,0.9494144109651376,1.3271543290731997,0.8529497367948808,0.0781141216416211,0.12154232568027468,False,False,False,0.1136729886844079,0.005079253473304041,0.6630887139023628,0.0021734010070127777,0.0007201533587777851,0.0007786023987071565,0.0030757709258926683,1.059434225397259,0.22346452438938147,0.1729072298845491,0.08669548897531065,0.0021734010070127777,0.015237760419912122,0.0012190208335929697,0.011832661534917119,3,0.005079253473304041,True,0.2458478986832933,0.004823396316556763,0.0013940049583078945,128,101,0.14029362783566124,True,384,303,512,404,0,108,0,0.7890625,0.7516376331702338,0.8221820839899746,0.0,0.2109375,0.0,0.07054445081974081,0.018030078552379643,0.018047696809059967,True,64,51,51,0.0,0,0.8339972912371058,0.6085069444444444,0.0,True,0.638671875,True,True,ab5a68eda6c1723d43f23051b2bc1f323f9ad8ee3c96722ded5505c134352042,98eb44fa9dc6afb8db9d45c58bc1dbe7e18eaedee2b708e983f2027d3a6befd9
l1a-gs-v2-060-c3bf7e5c98,c3bf7e5c98ca3686f45dcd873f0405488d4345749bf49698eb33e582cc69df3d,sweep_v2,SCREENING_L1A_FIELD_TEST_PARTICLE_WALL_LOSS,60,False,cell-02,1,interior,interior,0.004822316444499585,0.010418994468650447,0.005596678024150863,0.007620655456575016,7.642757062589272e-05,0.004822316444499585,0.010418994468650447,1.1018701967850875,1.0029091823070966,0.6897317548808309,0.10336877608393834,0.15030407686005345,False,False,False,0.1136729886844079,0.005079253473304041,0.6630887139023628,0.0021734010070127777,0.0007201533587777851,0.0007786023987071565,0.0030757709258926683,1.059434225397259,0.22346452438938147,0.1729072298845491,0.08669548897531065,0.0021734010070127777,0.015237760419912122,0.0012190208335929697,0.011832661534917119,3,0.005079253473304041,True,0.2458478986832933,0.004823396316556763,0.0013940049583078945,128,128,0.02913695627350843,False,0,0,128,128,0,0,0,1.0,0.9708630437264916,1.0,0.0,0.0,0.0,0.02913695627350843,0.0,0.005492143434474149,True,16,16,16,0.0,0,0.8339972912371058,0.6085069444444444,0.0,True,0.638671875,True,True,ab5a68eda6c1723d43f23051b2bc1f323f9ad8ee3c96722ded5505c134352042,98eb44fa9dc6afb8db9d45c58bc1dbe7e18eaedee2b708e983f2027d3a6befd9
l1a-gs-v2-060-c3bf7e5c98,c3bf7e5c98ca3686f45dcd873f0405488d4345749bf49698eb33e582cc69df3d,sweep_v2,SCREENING_L1A_FIELD_TEST_PARTICLE_WALL_LOSS,60,False,cell-03,2,exit_partial,exit_side,0.010418994468650447,0.011832661534917119,0.0014136670662666714,0.011125828001783782,1.9304869617720607e-05,0.010418994468650447,,0.2783218190816307,1.0,0.8629860345553926,0.10454028734749696,0.12113786685013478,False,False,False,0.1136729886844079,0.005079253473304041,0.6630887139023628,0.0021734010070127777,0.0007201533587777851,0.0007786023987071565,0.0030757709258926683,1.059434225397259,0.22346452438938147,0.1729072298845491,0.08669548897531065,0.0021734010070127777,0.015237760419912122,0.0012190208335929697,0.011832661534917119,3,0.005079253473304041,True,0.2458478986832933,0.004823396316556763,0.0013940049583078945,128,44,0.16240214547322596,True,384,125,512,169,215,128,0,0.330078125,0.2907439558701836,0.3719431022856398,0.419921875,0.25,0.0,0.08119914641545622,0.020781910534449992,0.020787194343138676,False,64,24,24,0.0,0,0.8339972912371058,0.6085069444444444,0.0,True,0.638671875,True,True,ab5a68eda6c1723d43f23051b2bc1f323f9ad8ee3c96722ded5505c134352042,98eb44fa9dc6afb8db9d45c58bc1dbe7e18eaedee2b708e983f2027d3a6befd9
l1a-gs-v2-061-d8ebe65ef1,d8ebe65ef1359e17e24b0c0534bd7bb7be7d65cdfda45a6d295138d236e66700,sweep_v2,SCREENING_L1A_FIELD_TEST_PARTICLE_WALL_LOSS,61,False,cell-01,0,anode_partial,anode_side,0.0,0.006133466569204247,0.006133466569204247,0.0030667332846021234,5.733203501737818e-05,,0.006133466569204247,0.9767827649067521,1.5665398879297066,0.4465291786267201,0.07408805986893224,0.25992008262696187,False,False,False,0.6136729886844079,0.00627925347330404,0.7110887139023628,0.0014876867212984919,0.0007565169951414215,0.0003632177833225411,0.003187881652536267,1.088381593818312,0.23563843743285973,0.20738998850523882,0.11895355349143966,0.0014876867212984919,0.02511701389321616,0.002009361111457293,0.019198479986439275,4,0.00627925347330404,True,0.3615576060149428,0.004591591577555603,0.004072053731704577,128,128,0.02913695627350843,False,0,0,128,128,0,0,0,1.0,0.9708630437264916,1.0,0.0,0.0,0.0,0.02913695627350843,0.0,0.005492143434474149,True,16,16,16,0.0,0,0.9917543473232965,0.5758928571428571,0.0,True,0.80859375,True,True,cd5e5cfd88f2c4eab4624d4b96cd56baf99fc1ee17fe08e54117c18ba32c94c5,ad2f54692ed72db54fdee96cee8f4c403e59a093efcf976db3867a6288301721
l1a-gs-v2-061-d8ebe65ef1,d8ebe65ef1359e17e24b0c0534bd7bb7be7d65cdfda45a6d295138d236e66700,sweep_v2,SCREENING_L1A_FIELD_TEST_PARTICLE_WALL_LOSS,61,False,cell-02,1,interior,interior,0.006133466569204247,0.012558233642001466,0.006424767072797219,0.009345850105602856,6.0054940650617644e-05,0.006133466569204247,0.012558233642001466,1.0231737100774516,1.0009516189467451,0.38104782485165184,0.11595155930326888,0.3045861790424635,False,False,False,0.6136729886844079,0.00627925347330404,0.7110887139023628,0.0014876867212984919,0.0007565169951414215,0.0003632177833225411,0.003187881652536267,1.088381593818312,0.23563843743285973,0.20738998850523882,0.11895355349143966,0.0014876867212984919,0.02511701389321616,0.002009361111457293,0.019198479986439275,4,0.00627925347330404,True,0.3615576060149428,0.004591591577555603,0.004072053731704577,128,128,0.02913695627350843,False,0,0,128,128,0,0,0,1.0,0.9708630437264916,1.0,0.0,0.0,0.0,0.02913695627350843,0.0,0.005492143434474149,True,16,16,16,0.0,0,0.9917543473232965,0.5758928571428571,0.0,True,0.80859375,True,True,cd5e5cfd88f2c4eab4624d4b96cd56baf99fc1ee17fe08e54117c18ba32c94c5,ad2f54692ed72db54fdee96cee8f4c403e59a093efcf976db3867a6288301721
l1a-gs-v2-061-d8ebe65ef1,d8ebe65ef1359e17e24b0c0534bd7bb7be7d65cdfda45a6d295138d236e66700,sweep_v2,SCREENING_L1A_FIELD_TEST_PARTICLE_WALL_LOSS,61,False,cell-03,2,interior,interior,0.012558233642001466,0.018985186178757496,0.00642695253675603,0.015771709910379482,6.0075369081228955e-05,0.012558233642001466,0.018985186178757496,1.0235217552659603,1.0002413595026456,0.38151331484064216,0.11621896757782127,0.3046997669756038,True,False,False,0.6136729886844079,0.00627925347330404,0.7110887139023628,0.0014876867212984919,0.0007565169951414215,0.0003632177833225411,0.003187881652536267,1.088381593818312,0.23563843743285973,0.20738998850523882,0.11895355349143966,0.0014876867212984919,0.02511701389321616,0.002009361111457293,0.019198479986439275,4,0.00627925347330404,True,0.3615576060149428,0.004591591577555603,0.004072053731704577,128,128,0.02913695627350843,False,0,0,128,128,0,0,0,1.0,0.9708630437264916,1.0,0.0,0.0,0.0,0.02913695627350843,0.0,0.005492143434474149,True,16,16,16,0.0,0,0.9917543473232965,0.5758928571428571,0.0,True,0.80859375,True,True,cd5e5cfd88f2c4eab4624d4b96cd56baf99fc1ee17fe08e54117c18ba32c94c5,ad2f54692ed72db54fdee96cee8f4c403e59a093efcf976db3867a6288301721
l1a-gs-v2-061-d8ebe65ef1,d8ebe65ef1359e17e24b0c0534bd7bb7be7d65cdfda45a6d295138d236e66700,sweep_v2,SCREENING_L1A_FIELD_TEST_PARTICLE_WALL_LOSS,61,False,cell-04,3,exit_partial,exit_side,0.018985186178757496,0.019198479986439275,0.0002132938076817789,0.019091833082598385,1.9937449585851747e-06,0.018985186178757496,,0.033968020018396744,1.0,0.4480260878503911,0.11624701813003384,0.25946484207600895,True,True,False,0.6136729886844079,0.00627925347330404,0.7110887139023628,0.0014876867212984919,0.0007565169951414215,0.0003632177833225411,0.003187881652536267,1.088381593818312,0.23563843743285973,0.20738998850523882,0.11895355349143966,0.0014876867212984919,0.02511701389321616,0.002009361111457293,0.019198479986439275,4,0.00627925347330404,True,0.3615576060149428,0.004591591577555603,0.004072053731704577,128,33,0.1500001713961576,True,384,99,512,132,279,101,0,0.2578125,0.2218245837223504,0.2974075451434209,0.544921875,0.197265625,0.0,0.07558296142107049,0.019331868061356595,0.019343404964174,True,64,13,13,0.0,0,0.9917543473232965,0.5758928571428571,0.0,True,0.80859375,True,True,cd5e5cfd88f2c4eab4624d4b96cd56baf99fc1ee17fe08e54117c18ba32c94c5,ad2f54692ed72db54fdee96cee8f4c403e59a093efcf976db3867a6288301721
l1a-gs-v2-062-70a6b2f959,70a6b2f959c8ee850fd6e7b7c096f396ab771b25b4f3a8f2fe7b71a7aae650de,sweep_v2,SCREENING_L1A_FIELD_TEST_PARTICLE_WALL_LOSS,62,False,cell-01,0,anode_partial,anode_side,0.0,0.004319567617598122,0.004319567617598122,0.002159783808799061,4.3478563232804234e-05,,0.004319567617598122,0.9643498952096293,1.2943459435678357,0.6394260714540382,0.07480466755426927,0.1514219115098571,False,False,False,0.988672988684408,0.004479253473304041,0.5190887139023628,0.0016019724355842062,0.0007928806315050579,0.0004004958898314168,0.0032937640054774434,1.1173289622393645,0.24781235047633798,0.24187274712592854,0.15121161800756866,0.0016019724355842062,0.022396267366520214,0.0017917013893216172,0.016846195708526336,5,0.0044792534733040425,True,0.31123750570989744,0.006433330276530534,0.003368262759977538,128,126,0.05088552696967308,False,0,0,128,126,0,2,0,0.984375,0.9448190233201829,0.9957045502898559,0.0,0.015625,0.0,0.05088552696967308,0.010961886875314282,0.012184860794534208,True,16,16,16,0.0,0,0.8930170668658419,0.7154017857142857,0.0,True,0.736328125,True,True,126deb301b6b78c41e782bb1b6fee71a122d4d8af7e6ee3f9c2f9953e72623f8,673d0c1d46d8efa227d508469df872da806d64fdbe1cf819b7de37455c938356
l1a-gs-v2-062-70a6b2f959,70a6b2f959c8ee850fd6e7b7c096f396ab771b25b4f3a8f2fe7b71a7aae650de,sweep_v2,SCREENING_L1A_FIELD_TEST_PARTICLE_WALL_LOSS,62,False,cell-02,1,interior,interior,0.004319567617598122,0.009064393349824243,0.004744825732226121,0.006691980483711182,4.775899439257796e-05,0.004319567617598122,0.009064393349824243,1.059289401795381,1.0023147300635995,0.5563556806543831,0.09659951620452115,0.17403096863309817,False,False,False,0.988672988684408,0.004479253473304041,0.5190887139023628,0.0016019724355842062,0.0007928806315050579,0.0004004958898314168,0.0032937640054774434,1.1173289622393645,0.24781235047633798,0.24187274712592854,0.15121161800756866,0.0016019724355842062,0.022396267366520214,0.0017917013893216172,0.016846195708526336,5,0.0044792534733040425,True,0.31123750570989744,0.006433330276530534,0.003368262759977538,128,128,0.02913695627350843,False,0,0,128,128,0,0,0,1.0,0.9708630437264916,1.0,0.0,0.0,0.0,0.02913695627350843,0.0,0.005492143434474149,True,16,16,16,0.0,0,0.8930170668658419,0.7154017857142857,0.0,True,0.736328125,True,True,126deb301b6b78c41e782bb1b6fee71a122d4d8af7e6ee3f9c2f9953e72623f8,673d0c1d46d8efa227d508469df872da806d64fdbe1cf819b7de37455c938356
l1a-gs-v2-062-70a6b2f959,70a6b2f959c8ee850fd6e7b7c096f396ab771b25b4f3a8f2fe7b71a7aae650de,sweep_v2,SCREENING_L1A_FIELD_TEST_PARTICLE_WALL_LOSS,62,False,cell-03,2,interior,interior,0.009064393349824243,0.013335530733297383,0.00427113738347314,0.011199962041560813,4.299108921151471e-05,0.009064393349824243,0.013335530733297383,0.953537773409954,1.0,0.672525275128679,0.0986385778558511,0.14666895283151685,False,False,False,0.988672988684408,0.004479253473304041,0.5190887139023628,0.0016019724355842062,0.0007928806315050579,0.0004004958898314168,0.0032937640054774434,1.1173289622393645,0.24781235047633798,0.24187274712592854,0.15121161800756866,0.0016019724355842062,0.022396267366520214,0.0017917013893216172,0.016846195708526336,5,0.0044792534733040425,True,0.31123750570989744,0.006433330276530534,0.003368262759977538,128,128,0.02913695627350843,False,0,0,128,128,0,0,0,1.0,0.9708630437264916,1.0,0.0,0.0,0.0,0.02913695627350843,0.0,0.005492143434474149,True,16,16,16,0.0,0,0.8930170668658419,0.7154017857142857,0.0,True,0.736328125,True,True,126deb301b6b78c41e782bb1b6fee71a122d4d8af7e6ee3f9c2f9953e72623f8,673d0c1d46d8efa227d508469df872da806d64fdbe1cf819b7de37455c938356
l1a-gs-v2-062-70a6b2f959,70a6b2f959c8ee850fd6e7b7c096f396ab771b25b4f3a8f2fe7b71a7aae650de,sweep_v2,SCREENING_L1A_FIELD_TEST_PARTICLE_WALL_LOSS,62,False,cell-04,3,exit_partial,exit_side,0.013335530733297383,0.016846195708526336,0.0035106649752289533,0.01509086322091186,3.533656204218821e-05,0.013335530733297383,,0.7837611772033461,1.0019626956933314,0.5661551439479995,0.09844535957258951,0.17422534955349786,False,False,False,0.988672988684408,0.004479253473304041,0.5190887139023628,0.0016019724355842062,0.0007928806315050579,0.0004004958898314168,0.0032937640054774434,1.1173289622393645,0.24781235047633798,0.24187274712592854,0.15121161800756866,0.0016019724355842062,0.022396267366520214,0.0017917013893216172,0.016846195708526336,5,0.0044792534733040425,True,0.31123750570989744,0.006433330276530534,0.003368262759977538,128,65,0.17067527654865655,True,384,194,512,259,0,253,0,0.505859375,0.46267075036527133,0.5489607303879761,0.0,0.494140625,0.0,0.08628998002270477,0.02209556957343774,0.022095575483424484,False,64,33,33,0.0,0,0.8930170668658419,0.7154017857142857,0.0,True,0.736328125,True,True,126deb301b6b78c41e782bb1b6fee71a122d4d8af7e6ee3f9c2f9953e72623f8,673d0c1d46d8efa227d508469df872da806d64fdbe1cf819b7de37455c938356
l1a-gs-v2-063-eaf6bef4a4,eaf6bef4a4397cf053aa14860b94ee6353fc987ca599a2a58e9aec35407bea9d,sweep_v2,SCREENING_L1A_FIELD_TEST_PARTICLE_WALL_LOSS,63,False,cell-01,0,anode_partial,anode_side,0.0,0.005230507935718031,0.005230507935718031,0.0026152539678590157,5.640353795013544e-05,,0.005230507935718031,0.9723482936202583,1.3642094390118156,0.5574909191016661,0.07834291212366631,0.19170920374989722,False,False,False,0.4886729886844079,0.0053792534733040406,0.5670887139023628,0.0017162581498699203,0.0008292442678686943,0.0004351112744468014,0.0033996463584186195,1.1462763306604171,0.25998626351981624,0.27635550574661805,0.18346968252369766,0.0017162581498699203,0.021517013893216162,0.001721361111457293,0.01592288584901492,4,0.0053792534733040406,True,0.3216216370376239,0.005203991971672483,0.00174212631673017,128,128,0.02913695627350843,False,0,0,128,128,0,0,0,1.0,0.9708630437264916,1.0,0.0,0.0,0.0,0.02913695627350843,0.0,0.005492143434474149,True,16,16,16,0.0,0,1.0,1.0,0.0,True,0.80078125,True,True,9e8231e1768089b8c101e576a8718b4c91edb985356921b3512deec4a5b732ab,44591a6217876ed47d687cc656079d27ef730f5281d1816e470c50b0d08068c4
l1a-gs-v2-063-eaf6bef4a4,eaf6bef4a4397cf053aa14860b94ee6353fc987ca599a2a58e9aec35407bea9d,sweep_v2,SCREENING_L1A_FIELD_TEST_PARTICLE_WALL_LOSS,63,False,cell-02,1,interior,interior,0.005230507935718031,0.010754539374629134,0.005524031438911102,0.007992523655173583,5.956876860365405e-05,0.005230507935718031,0.010754539374629134,1.0269141371243353,1.0011776685004663,0.49915567728948096,0.10675042358750836,0.21411384275771125,False,False,False,0.4886729886844079,0.0053792534733040406,0.5670887139023628,0.0017162581498699203,0.0008292442678686943,0.0004351112744468014,0.0033996463584186195,1.1462763306604171,0.25998626351981624,0.27635550574661805,0.18346968252369766,0.0017162581498699203,0.021517013893216162,0.001721361111457293,0.01592288584901492,4,0.0053792534733040406,True,0.3216216370376239,0.005203991971672483,0.00174212631673017,128,128,0.02913695627350843,False,0,0,128,128,0,0,0,1.0,0.9708630437264916,1.0,0.0,0.0,0.0,0.02913695627350843,0.0,0.005492143434474149,True,16,16,16,0.0,0,1.0,1.0,0.0,True,0.80078125,True,True,9e8231e1768089b8c101e576a8718b4c91edb985356921b3512deec4a5b732ab,44591a6217876ed47d687cc656079d27ef730f5281d1816e470c50b0d08068c4
l1a-gs-v2-063-eaf6bef4a4,eaf6bef4a4397cf053aa14860b94ee6353fc987ca599a2a58e9aec35407bea9d,sweep_v2,SCREENING_L1A_FIELD_TEST_PARTICLE_WALL_LOSS,63,False,cell-03,2,exit_partial,exit_side,0.010754539374629134,0.01592288584901492,0.005168346474385785,0.013338712611822026,5.573321560546473e-05,0.010754539374629134,,0.9607925151761416,1.0,0.5224688465495535,0.11199602720107932,0.21435924446158736,False,False,False,0.4886729886844079,0.0053792534733040406,0.5670887139023628,0.0017162581498699203,0.0008292442678686943,0.0004351112744468014,0.0033996463584186195,1.1462763306604171,0.25998626351981624,0.27635550574661805,0.18346968252369766,0.0017162581498699203,0.021517013893216162,0.001721361111457293,0.01592288584901492,4,0.0053792534733040406,True,0.3216216370376239,0.005203991971672483,0.00174212631673017,128,128,0.02913695627350843,False,0,0,128,128,0,0,0,1.0,0.9708630437264916,1.0,0.0,0.0,0.0,0.02913695627350843,0.0,0.005492143434474149,True,16,16,16,0.0,0,1.0,1.0,0.0,True,0.80078125,True,True,9e8231e1768089b8c101e576a8718b4c91edb985356921b3512deec4a5b732ab,44591a6217876ed47d687cc656079d27ef730f5281d1816e470c50b0d08068c4
l1a-gs-v2-064-9f6ecd1a94,9f6ecd1a948ae42bb1d8ad7eee08af33c578f5c3321e8ae375456f3796d68a97,sweep_v2,SCREENING_L1A_FIELD_TEST_PARTICLE_WALL_LOSS,64,False,cell-01,0,anode_partial,anode_side,0.0,0.005265841110162073,0.005265841110162073,0.0026329205550810367,6.0565841981169004e-05,,0.005265841110162073,0.9552395807757242,1.3764268021728303,0.6270140683704837,0.08623563640529149,0.1893052281253437,False,False,False,0.2386729886844079,0.005512586806637374,0.6150887139023629,0.0018305438641556347,0.0008656079042323305,0.000469726659062186,0.003505528711359796,1.1752236990814697,0.2721601765632945,0.31083826436730777,0.21572774703982667,0.0018305438641556347,0.01653776041991212,0.0013230208335929697,0.012036840624067374,3,0.005512586806637374,True,0.33224317251028135,0.004607801673798803,0.0029598908335663698,128,128,0.02913695627350843,False,0,0,128,128,0,0,0,1.0,0.9708630437264916,1.0,0.0,0.0,0.0,0.02913695627350843,0.0,0.005492143434474149,True,16,16,16,0.0,0,0.9545371049772753,0.5234375,0.0,True,0.76953125,True,True,9e633a5cd498fd9ca6a5e8fe2d8424173cac895802be62f367115f55ce7ae272,57d4e94f6dcaf1672278a603e9f1e6b948dd4b684654d9e73f3d0c5271fd825a
l1a-gs-v2-064-9f6ecd1a94,9f6ecd1a948ae42bb1d8ad7eee08af33c578f5c3321e8ae375456f3796d68a97,sweep_v2,SCREENING_L1A_FIELD_TEST_PARTICLE_WALL_LOSS,64,False,cell-02,1,interior,interior,0.005265841110162073,0.011271317218851558,0.0060054761086894845,0.008268579164506816,6.907286213377186e-05,0.005265841110162073,0.011271317218851558,1.089411617329754,1.0024456012941065,0.4976208279836005,0.11840746380396341,0.23852908595414743,False,False,False,0.2386729886844079,0.005512586806637374,0.6150887139023629,0.0018305438641556347,0.0008656079042323305,0.000469726659062186,0.003505528711359796,1.1752236990814697,0.2721601765632945,0.31083826436730777,0.21572774703982667,0.0018305438641556347,0.01653776041991212,0.0013230208335929697,0.012036840624067374,3,0.005512586806637374,True,0.33224317251028135,0.004607801673798803,0.0029598908335663698,128,128,0.02913695627350843,False,0,0,128,128,0,0,0,1.0,0.9708630437264916,1.0,0.0,0.0,0.0,0.02913695627350843,0.0,0.005492143434474149,True,16,16,16,0.0,0,0.9545371049772753,0.5234375,0.0,True,0.76953125,True,True,9e633a5cd498fd9ca6a5e8fe2d8424173cac895802be62f367115f55ce7ae272,57d4e94f6dcaf1672278a603e9f1e6b948dd4b684654d9e73f3d0c5271fd825a
l1a-gs-v2-064-9f6ecd1a94,9f6ecd1a948ae42bb1d8ad7eee08af33c578f5c3321e8ae375456f3796d68a97,sweep_v2,SCREENING_L1A_FIELD_TEST_PARTICLE_WALL_LOSS,64,False,cell-03,2,exit_partial,exit_side,0.011271317218851558,0.012036840624067374,0.0007655234052158164,0.011654078921459466,8.804779449898845e-06,0.011271317218851558,,0.13886827220463824,1.0,0.6293667457829396,0.11903524640308474,0.1891349474701011,False,True,False,0.2386729886844079,0.005512586806637374,0.6150887139023629,0.0018305438641556347,0.0008656079042323305,0.000469726659062186,0.003505528711359796,1.1752236990814697,0.2721601765632945,0.31083826436730777,0.21572774703982667,0.0018305438641556347,0.01653776041991212,0.0013230208335929697,0.012036840624067374,3,0.005512586806637374,True,0.33224317251028135,0.004607801673798803,0.0029598908335663698,128,37,0.15524915807183481,True,384,109,512,146,238,128,0,0.28515625,0.2477617322820618,0.3257506400988644,0.46484375,0.25,0.0,0.0779889078168026,0.01995317580680383,0.01996197265046447,True,64,12,12,0.0,0,0.9545371049772753,0.5234375,0.0,True,0.76953125,True,True,9e633a5cd498fd9ca6a5e8fe2d8424173cac895802be62f367115f55ce7ae272,57d4e94f6dcaf1672278a603e9f1e6b948dd4b684654d9e73f3d0c5271fd825a
l1a-gs-v2-065-9e98f08f3b,9e98f08f3b8c2bd59c579daaf2568941738ab8b8aa0befdf1486a5e96e0f0bbc,sweep_v2,SCREENING_L1A_FIELD_TEST_PARTICLE_WALL_LOSS,65,True,cell-01,0,anode_partial,anode_side,0.0,0.006243778186810776,0.006243778186810776,0.003121889093405388,7.629725010755796e-05,,0.006243778186810776,0.973675425391221,1.8720659231094163,0.564968820052724,0.09379197648385379,0.3107866430931826,False,False,False,0.7386729886844079,0.006412586806637374,0.6726887139023628,0.001944829578441349,0.0005052773257199339,0.0005043420436775706,0.0036114110643009727,1.2041710675025223,0.00433408960677272,0.3453210229879975,0.24798581155595567,0.001944829578441349,0.03206293403318687,0.0025650347226549497,0.03206293403318687,5,0.006412586806637374,False,0.5636558145431647,0.004167009764920098,0.0030251981251344664,128,128,0.02913695627350843,False,0,0,128,128,0,0,0,1.0,0.9708630437264916,1.0,0.0,0.0,0.0,0.02913695627350843,0.0,0.005492143434474149,True,16,16,16,0.0,0,1.0,1.0,0.0,True,0.697265625,True,True,e5718b4a52bc8e8b5a42742aa4dcd1c748a34beb42d6b4a23e617e5c03ae8977,cd254569e568e4f010f0dcab2be5a8ebd04b1d87f54d8d6bfa4b8ddd663f730c
l1a-gs-v2-065-9e98f08f3b,9e98f08f3b8c2bd59c579daaf2568941738ab8b8aa0befdf1486a5e96e0f0bbc,sweep_v2,SCREENING_L1A_FIELD_TEST_PARTICLE_WALL_LOSS,65,True,cell-02,1,interior,interior,0.006243778186810776,0.012884240586995253,0.0066404624001844765,0.009564009386903015,8.114462196093772e-05,0.006243778186810776,0.012884240586995253,1.0355356738892392,1.0001068187041005,0.472293035980977,0.17556600930290459,0.3717708068081161,False,False,False,0.7386729886844079,0.006412586806637374,0.6726887139023628,0.001944829578441349,0.0005052773257199339,0.0005043420436775706,0.0036114110643009727,1.2041710675025223,0.00433408960677272,0.3453210229879975,0.24798581155595567,0.001944829578441349,0.03206293403318687,0.0025650347226549497,0.03206293403318687,5,0.006412586806637374,False,0.5636558145431647,0.004167009764920098,0.0030251981251344664,128,128,0.02913695627350843,False,0,0,128,128,0,0,0,1.0,0.9708630437264916,1.0,0.0,0.0,0.0,0.02913695627350843,0.0,0.005492143434474149,True,16,16,16,0.0,0,1.0,1.0,0.0,True,0.697265625,True,True,e5718b4a52bc8e8b5a42742aa4dcd1c748a34beb42d6b4a23e617e5c03ae8977,cd254569e568e4f010f0dcab2be5a8ebd04b1d87f54d8d6bfa4b8ddd663f730c
l1a-gs-v2-065-9e98f08f3b,9e98f08f3b8c2bd59c579daaf2568941738ab8b8aa0befdf1486a5e96e0f0bbc,sweep_v2,SCREENING_L1A_FIELD_TEST_PARTICLE_WALL_LOSS,65,True,cell-03,2,interior,interior,0.012884240586995253,0.019168999100517534,0.006284758513522282,0.016026619843756394,7.679801841531141e-05,0.012884240586995253,0.019168999100517534,0.9800660331049581,1.0,0.528200479777532,0.18166023308524973,0.3439228854198723,False,False,False,0.7386729886844079,0.006412586806637374,0.6726887139023628,0.001944829578441349,0.0005052773257199339,0.0005043420436775706,0.0036114110643009727,1.2041710675025223,0.00433408960677272,0.3453210229879975,0.24798581155595567,0.001944829578441349,0.03206293403318687,0.0025650347226549497,0.03206293403318687,5,0.006412586806637374,False,0.5636558145431647,0.004167009764920098,0.0030251981251344664,128,128,0.02913695627350843,False,0,0,128,128,0,0,0,1.0,0.9708630437264916,1.0,0.0,0.0,0.0,0.02913695627350843,0.0,0.005492143434474149,True,16,16,16,0.0,0,1.0,1.0,0.0,True,0.697265625,True,True,e5718b4a52bc8e8b5a42742aa4dcd1c748a34beb42d6b4a23e617e5c03ae8977,cd254569e568e4f010f0dcab2be5a8ebd04b1d87f54d8d6bfa4b8ddd663f730c
l1a-gs-v2-065-9e98f08f3b,9e98f08f3b8c2bd59c579daaf2568941738ab8b8aa0befdf1486a5e96e0f0bbc,sweep_v2,SCREENING_L1A_FIELD_TEST_PARTICLE_WALL_LOSS,65,True,cell-04,3,interior,interior,0.019168999100517534,0.025823668708119227,0.006654669607601693,0.02249633390431838,8.13182301233691e-05,0.019168999100517534,0.025823668708119227,1.0377511928125092,1.0,0.4712313472767388,0.1752492251418214,0.3718963650329978,False,False,False,0.7386729886844079,0.006412586806637374,0.6726887139023628,0.001944829578441349,0.0005052773257199339,0.0005043420436775706,0.0036114110643009727,1.2041710675025223,0.00433408960677272,0.3453210229879975,0.24798581155595567,0.001944829578441349,0.03206293403318687,0.0025650347226549497,0.03206293403318687,5,0.006412586806637374,False,0.5636558145431647,0.004167009764920098,0.0030251981251344664,128,128,0.02913695627350843,False,0,0,128,128,0,0,0,1.0,0.9708630437264916,1.0,0.0,0.0,0.0,0.02913695627350843,0.0,0.005492143434474149,True,16,16,16,0.0,0,1.0,1.0,0.0,True,0.697265625,True,True,e5718b4a52bc8e8b5a42742aa4dcd1c748a34beb42d6b4a23e617e5c03ae8977,cd254569e568e4f010f0dcab2be5a8ebd04b1d87f54d8d6bfa4b8ddd663f730c
l1a-gs-v2-065-9e98f08f3b,9e98f08f3b8c2bd59c579daaf2568941738ab8b8aa0befdf1486a5e96e0f0bbc,sweep_v2,SCREENING_L1A_FIELD_TEST_PARTICLE_WALL_LOSS,65,True,cell-05,4,exit_partial,exit_side,0.025823668708119227,0.03206293403318687,0.006239265325067644,0.028943301370653048,7.624210417975355e-05,0.025823668708119227,,0.9729716748020731,1.8698994881120239,0.5645228569932925,0.09372120066130656,0.31043778470763256,False,False,False,0.7386729886844079,0.006412586806637374,0.6726887139023628,0.001944829578441349,0.0005052773257199339,0.0005043420436775706,0.0036114110643009727,1.2041710675025223,0.00433408960677272,0.3453210229879975,0.24798581155595567,0.001944829578441349,0.03206293403318687,0.0025650347226549497,0.03206293403318687,5,0.006412586806637374,False,0.5636558145431647,0.004167009764920098,0.0030251981251344664,128,128,0.02913695627350843,False,0,0,128,128,0,0,0,1.0,0.9708630437264916,1.0,0.0,0.0,0.0,0.02913695627350843,0.0,0.005492143434474149,True,16,16,16,0.0,0,1.0,1.0,0.0,True,0.697265625,True,True,e5718b4a52bc8e8b5a42742aa4dcd1c748a34beb42d6b4a23e617e5c03ae8977,cd254569e568e4f010f0dcab2be5a8ebd04b1d87f54d8d6bfa4b8ddd663f730c
l1a-gs-v2-066-d58df2fb43,d58df2fb4305842263f0f433c26ca764466a25bb914a5d9fc11f10d5df6ea3f0,sweep_v2,SCREENING_L1A_FIELD_TEST_PARTICLE_WALL_LOSS,66,False,cell-01,0,anode_partial,anode_side,0.0,0.004442212506234198,0.004442212506234198,0.002221106253117099,5.792816386655395e-05,,0.004442212506234198,0.9630631774435088,1.3305078948382445,0.8301688290585497,0.08503529886725603,0.13628569577964036,False,False,False,0.926172988684408,0.004612586806637374,0.48068871390236284,0.0020754418233393085,0.0005416409620835703,0.0005389574282929552,0.0037172934172421492,1.233118435923575,0.016508002650250975,0.379803781608687,0.2802438760720847,0.0020754418233393085,0.023062934033186877,0.0018450347226549502,0.022682211057044464,5,0.004612586806637375,True,0.3027680590427374,0.005588095620635698,0.0024311179097293457,128,105,0.13239166312239536,True,384,321,512,426,0,86,0,0.83203125,0.7972032842381693,0.861913958445854,0.0,0.16796875,0.0,0.06471067420768462,0.01652148512540266,0.01654684603446688,True,64,52,52,0.0,0,0.9135540479287392,0.8302556818181818,0.0,True,0.51953125,True,True,fee79284bd165ced1a84f8643b676f044d16ae754a8cda6056777e00a7f1ccfc,f0b1e2c50eea3857ba06a817ada01510b100afc7f5719a7a6ee7aee902fce11b
l1a-gs-v2-066-d58df2fb43,d58df2fb4305842263f0f433c26ca764466a25bb914a5d9fc11f10d5df6ea3f0,sweep_v2,SCREENING_L1A_FIELD_TEST_PARTICLE_WALL_LOSS,66,False,cell-02,1,interior,interior,0.004442212506234198,0.009355357379897827,0.004913144873663629,0.006898784943066012,6.406930351537337e-05,0.004442212506234198,0.009355357379897827,1.0651604142373559,1.0,0.7549455843583622,0.11311399027961447,0.1498306535241894,False,False,False,0.926172988684408,0.004612586806637374,0.48068871390236284,0.0020754418233393085,0.0005416409620835703,0.0005389574282929552,0.0037172934172421492,1.233118435923575,0.016508002650250975,0.379803781608687,0.2802438760720847,0.0020754418233393085,0.023062934033186877,0.0018450347226549502,0.022682211057044464,5,0.004612586806637375,True,0.3027680590427374,0.005588095620635698,0.0024311179097293457,128,128,0.02913695627350843,False,0,0,128,128,0,0,0,1.0,0.9708630437264916,1.0,0.0,0.0,0.0,0.02913695627350843,0.0,0.005492143434474149,True,16,16,16,0.0,0,0.9135540479287392,0.8302556818181818,0.0,True,0.51953125,True,True,fee79284bd165ced1a84f8643b676f044d16ae754a8cda6056777e00a7f1ccfc,f0b1e2c50eea3857ba06a817ada01510b100afc7f5719a7a6ee7aee902fce11b
l1a-gs-v2-066-d58df2fb43,d58df2fb4305842263f0f433c26ca764466a25bb914a5d9fc11f10d5df6ea3f0,sweep_v2,SCREENING_L1A_FIELD_TEST_PARTICLE_WALL_LOSS,66,False,cell-03,2,interior,interior,0.009355357379897827,0.013713396916917406,0.004358039537019579,0.011534377148407616,5.683051589339736e-05,0.009355357379897827,0.013713396916917406,0.9448146386640334,1.0021626064819795,0.9402843181296193,0.11286989710850726,0.12029764625301512,False,False,False,0.926172988684408,0.004612586806637374,0.48068871390236284,0.0020754418233393085,0.0005416409620835703,0.0005389574282929552,0.0037172934172421492,1.233118435923575,0.016508002650250975,0.379803781608687,0.2802438760720847,0.0020754418233393085,0.023062934033186877,0.0018450347226549502,0.022682211057044464,5,0.004612586806637375,True,0.3027680590427374,0.005588095620635698,0.0024311179097293457,128,128,0.02913695627350843,False,0,0,128,128,0,0,0,1.0,0.9708630437264916,1.0,0.0,0.0,0.0,0.02913695627350843,0.0,0.005492143434474149,True,16,16,16,0.0,0,0.9135540479287392,0.8302556818181818,0.0,True,0.51953125,True,True,fee79284bd165ced1a84f8643b676f044d16ae754a8cda6056777e00a7f1ccfc,f0b1e2c50eea3857ba06a817ada01510b100afc7f5719a7a6ee7aee902fce11b
l1a-gs-v2-066-d58df2fb43,d58df2fb4305842263f0f433c26ca764466a25bb914a5d9fc11f10d5df6ea3f0,sweep_v2,SCREENING_L1A_FIELD_TEST_PARTICLE_WALL_LOSS,66,False,cell-04,3,interior,interior,0.013713396916917406,0.0186175586820347,0.004904161765117293,0.016165477799476052,6.395216031630918e-05,0.013713396916917406,0.0186175586820347,1.063212893481018,1.0,0.7604175071286379,0.11468213030482664,0.15081468960107222,False,False,False,0.926172988684408,0.004612586806637374,0.48068871390236284,0.0020754418233393085,0.0005416409620835703,0.0005389574282929552,0.0037172934172421492,1.233118435923575,0.016508002650250975,0.379803781608687,0.2802438760720847,0.0020754418233393085,0.023062934033186877,0.0018450347226549502,0.022682211057044464,5,0.004612586806637375,True,0.3027680590427374,0.005588095620635698,0.0024311179097293457,128,128,0.02913695627350843,False,0,0,128,128,0,0,0,1.0,0.9708630437264916,1.0,0.0,0.0,0.0,0.02913695627350843,0.0,0.005492143434474149,True,16,16,16,0.0,0,0.9135540479287392,0.8302556818181818,0.0,True,0.51953125,True,True,fee79284bd165ced1a84f8643b676f044d16ae754a8cda6056777e00a7f1ccfc,f0b1e2c50eea3857ba06a817ada01510b100afc7f5719a7a6ee7aee902fce11b
l1a-gs-v2-066-d58df2fb43,d58df2fb4305842263f0f433c26ca764466a25bb914a5d9fc11f10d5df6ea3f0,sweep_v2,SCREENING_L1A_FIELD_TEST_PARTICLE_WALL_LOSS,66,False,cell-05,4,exit_partial,exit_side,0.0186175586820347,0.022682211057044464,0.004064652375009765,0.02064988486953958,5.300463417940992e-05,0.0186175586820347,,0.8812088629228291,1.0521896620862368,0.8409138194823591,0.10899378166996984,0.1363779826753489,False,False,False,0.926172988684408,0.004612586806637374,0.48068871390236284,0.0020754418233393085,0.0005416409620835703,0.0005389574282929552,0.0037172934172421492,1.233118435923575,0.016508002650250975,0.379803781608687,0.2802438760720847,0.0020754418233393085,0.023062934033186877,0.0018450347226549502,0.022682211057044464,5,0.004612586806637375,True,0.3027680590427374,0.005588095620635698,0.0024311179097293457,128,88,0.1586157530318415,True,384,271,512,359,0,153,0,0.701171875,0.6601439126223837,0.7392035932391127,0.0,0.298828125,0.0,0.07905968061672897,0.020229632731397648,0.020237240443220957,False,64,51,51,0.0,0,0.9135540479287392,0.8302556818181818,0.0,True,0.51953125,True,True,fee79284bd165ced1a84f8643b676f044d16ae754a8cda6056777e00a7f1ccfc,f0b1e2c50eea3857ba06a817ada01510b100afc7f5719a7a6ee7aee902fce11b
l1a-gs-v2-067-dd5a30270f,dd5a30270fda16922a1d84d17ea3d1b7f1910d96dbf3325965d047a4115ddee4,sweep_v2,SCREENING_L1A_FIELD_TEST_PARTICLE_WALL_LOSS,67,False,cell-01,0,anode_partial,anode_side,0.0,0.005660143288252896,0.005660143288252896,0.002830071644126448,7.787487705006104e-05,,0.005660143288252896,0.9737735498056728,1.4359093375252248,0.6703460465608697,0.08745104199497612,0.18732379853827397,False,False,False,0.4261729886844079,0.005812586806637375,0.5286887139023628,0.0021897275376250224,0.0005780045984472066,0.0005735728129083399,0.0038231757701833254,1.263589350050999,0.02868191569372929,0.4142865402293767,0.3125019405882137,0.0021897275376250224,0.0232503472265495,0.00186002777812396,0.022583482727547673,4,0.005812586806637375,True,0.3254962222352469,0.004331485753109945,0.004668033931798928,128,127,0.04154582754598635,False,0,0,128,127,0,1,0,0.9921875,0.9570737405611394,0.9986195681071257,0.0,0.0078125,0.0,0.04154582754598635,0.007781922583256459,0.009475584891282928,True,16,16,16,0.0,0,0.941066316047314,0.8515625,0.0,True,0.83984375,True,True,24f27b3bbf471eec374f79c4b8f1acd2438538d6359b1bf3b4946df6e7e8f091,498bc537df44cb42d1a3703a8394a61a3d2ea45e1ad88f2814ce31a5c799e0f9
l1a-gs-v2-067-dd5a30270f,dd5a30270fda16922a1d84d17ea3d1b7f1910d96dbf3325965d047a4115ddee4,sweep_v2,SCREENING_L1A_FIELD_TEST_PARTICLE_WALL_LOSS,67,False,cell-02,1,interior,interior,0.005660143288252896,0.01162405645656652,0.005963913168313624,0.008642099872409707,8.205428397609009e-05,0.005660143288252896,0.01162405645656652,1.0260342540611092,1.0009332747211142,0.6155776127705317,0.12545468409158872,0.20399014709410176,False,False,False,0.4261729886844079,0.005812586806637375,0.5286887139023628,0.0021897275376250224,0.0005780045984472066,0.0005735728129083399,0.0038231757701833254,1.263589350050999,0.02868191569372929,0.4142865402293767,0.3125019405882137,0.0021897275376250224,0.0232503472265495,0.00186002777812396,0.022583482727547673,4,0.005812586806637375,True,0.3254962222352469,0.004331485753109945,0.004668033931798928,128,128,0.02913695627350843,False,0,0,128,128,0,0,0,1.0,0.9708630437264916,1.0,0.0,0.0,0.0,0.02913695627350843,0.0,0.005492143434474149,True,16,16,16,0.0,0,0.941066316047314,0.8515625,0.0,True,0.83984375,True,True,24f27b3bbf471eec374f79c4b8f1acd2438538d6359b1bf3b4946df6e7e8f091,498bc537df44cb42d1a3703a8394a61a3d2ea45e1ad88f2814ce31a5c799e0f9
l1a-gs-v2-067-dd5a30270f,dd5a30270fda16922a1d84d17ea3d1b7f1910d96dbf3325965d047a4115ddee4,sweep_v2,SCREENING_L1A_FIELD_TEST_PARTICLE_WALL_LOSS,67,False,cell-03,2,interior,interior,0.01162405645656652,0.017592615472559026,0.005968559015992506,0.014608335964562773,8.211820370362369e-05,0.01162405645656652,0.017592615472559026,1.0268335277465495,1.0011624880065004,0.6144323781244229,0.12535999093717282,0.20426286909918884,False,False,False,0.4261729886844079,0.005812586806637375,0.5286887139023628,0.0021897275376250224,0.0005780045984472066,0.0005735728129083399,0.0038231757701833254,1.263589350050999,0.02868191569372929,0.4142865402293767,0.3125019405882137,0.0021897275376250224,0.0232503472265495,0.00186002777812396,0.022583482727547673,4,0.005812586806637375,True,0.3254962222352469,0.004331485753109945,0.004668033931798928,128,128,0.02913695627350843,False,0,0,128,128,0,0,0,1.0,0.9708630437264916,1.0,0.0,0.0,0.0,0.02913695627350843,0.0,0.005492143434474149,True,16,16,16,0.0,0,0.941066316047314,0.8515625,0.0,True,0.83984375,True,True,24f27b3bbf471eec374f79c4b8f1acd2438538d6359b1bf3b4946df6e7e8f091,498bc537df44cb42d1a3703a8394a61a3d2ea45e1ad88f2814ce31a5c799e0f9
l1a-gs-v2-067-dd5a30270f,dd5a30270fda16922a1d84d17ea3d1b7f1910d96dbf3325965d047a4115ddee4,sweep_v2,SCREENING_L1A_FIELD_TEST_PARTICLE_WALL_LOSS,67,False,cell-04,3,exit_partial,exit_side,0.017592615472559026,0.022583482727547673,0.004990867254988648,0.02008804910005335,6.866666691319478e-05,0.017592615472559026,,0.8586310056117514,1.0,0.6712923347868329,0.1255057204231323,0.18696134890768012,False,False,False,0.4261729886844079,0.005812586806637375,0.5286887139023628,0.0021897275376250224,0.0005780045984472066,0.0005735728129083399,0.0038231757701833254,1.263589350050999,0.02868191569372929,0.4142865402293767,0.3125019405882137,0.0021897275376250224,0.0232503472265495,0.00186002777812396,0.022583482727547673,4,0.005812586806637375,True,0.3254962222352469,0.004331485753109945,0.004668033931798928,128,96,0.14854278090958317,True,384,284,512,380,0,132,0,0.7421875,0.7025924548565791,0.7781754162776496,0.0,0.2578125,0.0,0.07558296142107057,0.019331868061356595,0.019343404964174,True,64,45,45,0.0,0,0.941066316047314,0.8515625,0.0,True,0.83984375,True,True,24f27b3bbf471eec374f79c4b8f1acd2438538d6359b1bf3b4946df6e7e8f091,498bc537df44cb42d1a3703a8394a61a3d2ea45e1ad88f2814ce31a5c799e0f9
l1a-gs-v2-068-375d1b1b13,375d1b1b13de7c970bb16fac5b977f33906f37c48cb96227c12cdc5bf3a7a5ed,sweep_v2,SCREENING_L1A_FIELD_TEST_PARTICLE_WALL_LOSS,68,True,cell-01,0,anode_partial,anode_side,0.0,0.003787710541860107,0.003787710541860107,0.0018938552709300534,3.579384176632397e-05,,0.003787710541860107,0.9439572835146417,1.0671590520966083,0.6927405812630363,0.11342165826521822,0.17472478528809726,False,False,False,0.1761729886844079,0.004012586806637374,0.5766887139023629,0.0015040132519107369,0.000614368234810843,0.0006081881975237245,0.003929058123124502,1.2925367184720515,0.04085582873720754,0.4499583594921592,0.3447600051043427,0.0015040132519107369,0.012037760419912124,0.0009630208335929699,0.01154594774181666,3,0.004012586806637374,True,0.3938863685951611,0.006806870802947352,0.006637682803854381,128,96,0.14854278090958317,True,384,289,512,385,0,127,0,0.751953125,0.7127602505721561,0.7873934218174851,0.0,0.248046875,0.0,0.07463317124532898,0.019086543382356862,0.01909918950945996,True,64,40,40,0.0,0,0.7781042347117608,0.6710069444444444,0.0,True,0.68359375,True,True,ca9913c70d00754b6f5c7d1520eda374638d6e454747a4ea39e2069a1c59e75b,767fc45e4a6f201723cb778ad3bcffa3202d392c2ded557e7018dbef337737a4
l1a-gs-v2-068-375d1b1b13,375d1b1b13de7c970bb16fac5b977f33906f37c48cb96227c12cdc5bf3a7a5ed,sweep_v2,SCREENING_L1A_FIELD_TEST_PARTICLE_WALL_LOSS,68,True,cell-02,1,interior,interior,0.003787710541860107,0.008249506554595389,0.004461796012735282,0.006018608548227748,4.216394539880348e-05,0.003787710541860107,0.008249506554595389,1.1119500281850236,1.000125775148297,0.5753440428656007,0.1210109211523215,0.21035438329400843,False,False,False,0.1761729886844079,0.004012586806637374,0.5766887139023629,0.0015040132519107369,0.000614368234810843,0.0006081881975237245,0.003929058123124502,1.2925367184720515,0.04085582873720754,0.4499583594921592,0.3447600051043427,0.0015040132519107369,0.012037760419912124,0.0009630208335929699,0.01154594774181666,3,0.004012586806637374,True,0.3938863685951611,0.006806870802947352,0.006637682803854381,128,128,0.02913695627350843,False,0,0,128,128,0,0,0,1.0,0.9708630437264916,1.0,0.0,0.0,0.0,0.02913695627350843,0.0,0.005492143434474149,True,16,16,16,0.0,0,0.7781042347117608,0.6710069444444444,0.0,True,0.68359375,True,True,ca9913c70d00754b6f5c7d1520eda374638d6e454747a4ea39e2069a1c59e75b,767fc45e4a6f201723cb778ad3bcffa3202d392c2ded557e7018dbef337737a4
l1a-gs-v2-068-375d1b1b13,375d1b1b13de7c970bb16fac5b977f33906f37c48cb96227c12cdc5bf3a7a5ed,sweep_v2,SCREENING_L1A_FIELD_TEST_PARTICLE_WALL_LOSS,68,True,cell-03,2,exit_partial,exit_side,0.008249506554595389,0.01154594774181666,0.0032964411872212704,0.009897727148206024,3.115134932920361e-05,0.008249506554595389,,0.8215252020887125,1.0008655200003773,0.6944374383390742,0.12092148135828415,0.1742794017677678,False,False,False,0.1761729886844079,0.004012586806637374,0.5766887139023629,0.0015040132519107369,0.000614368234810843,0.0006081881975237245,0.003929058123124502,1.2925367184720515,0.04085582873720754,0.4499583594921592,0.3447600051043427,0.0015040132519107369,0.012037760419912124,0.0009630208335929699,0.01154594774181666,3,0.004012586806637374,True,0.3938863685951611,0.006806870802947352,0.006637682803854381,128,65,0.17067527654865655,True,384,195,512,260,0,252,0,0.5078125,0.46461161789502853,0.5508970231093013,0.0,0.4921875,0.0,0.0862854052142728,0.022094389349118684,0.02209439985632193,False,64,34,34,0.0,0,0.7781042347117608,0.6710069444444444,0.0,True,0.68359375,True,True,ca9913c70d00754b6f5c7d1520eda374638d6e454747a4ea39e2069a1c59e75b,767fc45e4a6f201723cb778ad3bcffa3202d392c2ded557e7018dbef337737a4
l1a-gs-v2-069-9ae4602904,9ae4602904f20347441d35b095597bc7503a942c3df7f1409f36ae6d8d7c10b5,sweep_v2,SCREENING_L1A_FIELD_TEST_PARTICLE_WALL_LOSS,69,False,cell-01,0,anode_partial,anode_side,0.0,0.0047436825782053065,0.0047436825782053065,0.0023718412891026532,4.823410736191382e-05,,0.0047436825782053065,0.9656180674092386,1.384022096814225,0.6137173502993908,0.03698226597802674,0.08340040130669377,False,False,False,0.6761729886844079,0.004912586806637374,0.6246887139023629,0.0016182989661964512,0.0006507318711744793,0.0006428035821391091,0.0022349404760656786,0.7714840868931041,0.0530297417806858,0.4844411181128488,0.3770180696204717,0.0016182989661964512,0.024562934033186885,0.0019650347226549507,0.023260367984030965,5,0.004912586806637377,True,0.15441662501574724,0.0059137062994667,0.001983902169123491,128,124,0.06537936601630734,False,0,0,128,124,0,4,0,0.96875,0.9224023687386392,0.9877817347549466,0.0,0.03125,0.0,0.06537936601630734,0.015378921628929319,0.016217960468329493,True,16,16,16,0.0,0,0.9222543943497254,0.7548828125,0.0,True,0.45703125,True,True,1a36060c84c9e2b4465feb01f35bb5143f30991a63f6530095dd6891f34e7009,e935d1e276476554781af1c0ceb343b52a9d8056bba9af1c3ae4311f7de3da7d
l1a-gs-v2-069-9ae4602904,9ae4602904f20347441d35b095597bc7503a942c3df7f1409f36ae6d8d7c10b5,sweep_v2,SCREENING_L1A_FIELD_TEST_PARTICLE_WALL_LOSS,69,False,cell-02,1,interior,interior,0.0047436825782053065,0.009909009278344188,0.005165326700138881,0.007326345928274747,5.252141527313547e-05,0.0047436825782053065,0.009909009278344188,1.0514474152721391,1.001335226488801,0.5204889262543012,0.05111602183749041,0.09833883243625872,False,False,False,0.6761729886844079,0.004912586806637374,0.6246887139023629,0.0016182989661964512,0.0006507318711744793,0.0006428035821391091,0.0022349404760656786,0.7714840868931041,0.0530297417806858,0.4844411181128488,0.3770180696204717,0.0016182989661964512,0.024562934033186885,0.0019650347226549507,0.023260367984030965,5,0.004912586806637377,True,0.15441662501574724,0.0059137062994667,0.001983902169123491,128,128,0.02913695627350843,False,0,0,128,128,0,0,0,1.0,0.9708630437264916,1.0,0.0,0.0,0.0,0.02913695627350843,0.0,0.005492143434474149,True,16,16,16,0.0,0,0.9222543943497254,0.7548828125,0.0,True,0.45703125,True,True,1a36060c84c9e2b4465feb01f35bb5143f30991a63f6530095dd6891f34e7009,e935d1e276476554781af1c0ceb343b52a9d8056bba9af1c3ae4311f7de3da7d
l1a-gs-v2-069-9ae4602904,9ae4602904f20347441d35b095597bc7503a942c3df7f1409f36ae6d8d7c10b5,sweep_v2,SCREENING_L1A_FIELD_TEST_PARTICLE_WALL_LOSS,69,False,cell-03,2,interior,interior,0.009909009278344188,0.01465264017955018,0.004743630901205992,0.012280824728947183,4.823358190644921e-05,0.009909009278344188,0.01465264017955018,0.965607548104166,1.0,0.6121929992344672,0.05260483995752641,0.08592852257916624,False,False,False,0.6761729886844079,0.004912586806637374,0.6246887139023629,0.0016182989661964512,0.0006507318711744793,0.0006428035821391091,0.0022349404760656786,0.7714840868931041,0.0530297417806858,0.4844411181128488,0.3770180696204717,0.0016182989661964512,0.024562934033186885,0.0019650347226549507,0.023260367984030965,5,0.004912586806637377,True,0.15441662501574724,0.0059137062994667,0.001983902169123491,128,128,0.02913695627350843,False,0,0,128,128,0,0,0,1.0,0.9708630437264916,1.0,0.0,0.0,0.0,0.02913695627350843,0.0,0.005492143434474149,True,16,16,16,0.0,0,0.9222543943497254,0.7548828125,0.0,True,0.45703125,True,True,1a36060c84c9e2b4465feb01f35bb5143f30991a63f6530095dd6891f34e7009,e935d1e276476554781af1c0ceb343b52a9d8056bba9af1c3ae4311f7de3da7d
l1a-gs-v2-069-9ae4602904,9ae4602904f20347441d35b095597bc7503a942c3df7f1409f36ae6d8d7c10b5,sweep_v2,SCREENING_L1A_FIELD_TEST_PARTICLE_WALL_LOSS,69,False,cell-04,3,interior,interior,0.01465264017955018,0.019819082665039515,0.005166442485489335,0.017235861422294847,5.2532760659235684e-05,0.01465264017955018,0.019819082665039515,1.0516745431366168,1.003385330997252,0.5178562651684724,0.050831774472544625,0.09849037326548313,False,False,False,0.6761729886844079,0.004912586806637374,0.6246887139023629,0.0016182989661964512,0.0006507318711744793,0.0006428035821391091,0.0022349404760656786,0.7714840868931041,0.0530297417806858,0.4844411181128488,0.3770180696204717,0.0016182989661964512,0.024562934033186885,0.0019650347226549507,0.023260367984030965,5,0.004912586806637377,True,0.15441662501574724,0.0059137062994667,0.001983902169123491,128,128,0.02913695627350843,False,0,0,128,128,0,0,0,1.0,0.9708630437264916,1.0,0.0,0.0,0.0,0.02913695627350843,0.0,0.005492143434474149,True,16,16,16,0.0,0,0.9222543943497254,0.7548828125,0.0,True,0.45703125,True,True,1a36060c84c9e2b4465feb01f35bb5143f30991a63f6530095dd6891f34e7009,e935d1e276476554781af1c0ceb343b52a9d8056bba9af1c3ae4311f7de3da7d
l1a-gs-v2-069-9ae4602904,9ae4602904f20347441d35b095597bc7503a942c3df7f1409f36ae6d8d7c10b5,sweep_v2,SCREENING_L1A_FIELD_TEST_PARTICLE_WALL_LOSS,69,False,cell-05,4,exit_partial,exit_side,0.019819082665039515,0.023260367984030965,0.00344128531899145,0.02153972532453524,3.499123788379828e-05,0.019819082665039515,,0.7005037171744106,1.0,0.6109929603712746,0.05100385685431185,0.08347699591058948,False,False,False,0.6761729886844079,0.004912586806637374,0.6246887139023629,0.0016182989661964512,0.0006507318711744793,0.0006428035821391091,0.0022349404760656786,0.7714840868931041,0.0530297417806858,0.4844411181128488,0.3770180696204717,0.0016182989661964512,0.024562934033186885,0.0019650347226549507,0.023260367984030965,5,0.004912586806637377,True,0.15441662501574724,0.0059137062994667,0.001983902169123491,128,65,0.17067527654865655,True,384,200,512,265,0,247,0,0.517578125,0.4743257644991892,0.5605686777605532,0.0,0.482421875,0.0,0.08624291326136402,0.022083427111108663,0.022083480330178543,False,64,34,34,0.0,0,0.9222543943497254,0.7548828125,0.0,True,0.45703125,True,True,1a36060c84c9e2b4465feb01f35bb5143f30991a63f6530095dd6891f34e7009,e935d1e276476554781af1c0ceb343b52a9d8056bba9af1c3ae4311f7de3da7d
l1a-gs-v2-070-5b284f066b,5b284f066b799b027bd57dfbfd9a499928ab75530fef17c025210a832d1b9a96,sweep_v2,SCREENING_L1A_FIELD_TEST_PARTICLE_WALL_LOSS,70,False,cell-01,0,anode_partial,anode_side,0.0,0.00588274392214007,0.00588274392214007,0.002941371961070035,6.404043632383091e-05,,0.00588274392214007,0.9623984261053391,1.555894215728666,0.5490001789259863,0.036320046850024955,0.10293284588631514,False,False,False,0.051172988684407894,0.006112586806637375,0.6822887139023628,0.0017325846804821655,0.0006870955075381158,0.0006774189667544937,0.0023408228290068556,0.8004314553141568,0.06520365482416411,0.5189238767335385,0.4092761341366007,0.0017325846804821655,0.018337760419912124,0.00146702083359297,0.017142071419243954,3,0.006112586806637375,True,0.16868156879543117,0.004182638770879056,0.0017561339734479889,128,128,0.02913695627350843,False,0,0,128,128,0,0,0,1.0,0.9708630437264916,1.0,0.0,0.0,0.0,0.02913695627350843,0.0,0.005492143434474149,True,16,16,16,0.0,0,0.8825643626726388,0.7135416666666666,0.0,True,0.771484375,True,True,23f3ff32fc789185fc47b3852846b9f2e483a41e563c83c68a626c8e51d310bc,00c03ce553e275f0e698861f2b27ebabf6f001083c11bf4768bdf0d244c881ab
l1a-gs-v2-070-5b284f066b,5b284f066b799b027bd57dfbfd9a499928ab75530fef17c025210a832d1b9a96,sweep_v2,SCREENING_L1A_FIELD_TEST_PARTICLE_WALL_LOSS,70,False,cell-02,1,interior,interior,0.00588274392214007,0.01245706177332673,0.006574317851186659,0.0091699028477334,7.156901427189463e-05,0.00588274392214007,0.01245706177332673,1.0755377484452102,1.0000000000000004,0.43125681175872976,0.05643127909879932,0.1308530730648964,False,False,False,0.051172988684407894,0.006112586806637375,0.6822887139023628,0.0017325846804821655,0.0006870955075381158,0.0006774189667544937,0.0023408228290068556,0.8004314553141568,0.06520365482416411,0.5189238767335385,0.4092761341366007,0.0017325846804821655,0.018337760419912124,0.00146702083359297,0.017142071419243954,3,0.006112586806637375,True,0.16868156879543117,0.004182638770879056,0.0017561339734479889,128,128,0.02913695627350843,False,0,0,128,128,0,0,0,1.0,0.9708630437264916,1.0,0.0,0.0,0.0,0.02913695627350843,0.0,0.005492143434474149,True,16,16,16,0.0,0,0.8825643626726388,0.7135416666666666,0.0,True,0.771484375,True,True,23f3ff32fc789185fc47b3852846b9f2e483a41e563c83c68a626c8e51d310bc,00c03ce553e275f0e698861f2b27ebabf6f001083c11bf4768bdf0d244c881ab
l1a-gs-v2-070-5b284f066b,5b284f066b799b027bd57dfbfd9a499928ab75530fef17c025210a832d1b9a96,sweep_v2,SCREENING_L1A_FIELD_TEST_PARTICLE_WALL_LOSS,70,False,cell-03,2,exit_partial,exit_side,0.01245706177332673,0.017142071419243954,0.004685009645917225,0.01479956659628534,5.100172060468482e-05,0.01245706177332673,,0.7664528609769582,1.0037679137532645,0.5489032396029362,0.05621944906347214,0.10280733474923634,False,False,False,0.051172988684407894,0.006112586806637375,0.6822887139023628,0.0017325846804821655,0.0006870955075381158,0.0006774189667544937,0.0023408228290068556,0.8004314553141568,0.06520365482416411,0.5189238767335385,0.4092761341366007,0.0017325846804821655,0.018337760419912124,0.00146702083359297,0.017142071419243954,3,0.006112586806637375,True,0.16868156879543117,0.004182638770879056,0.0017561339734479889,128,71,0.16970135560641886,True,384,221,512,292,0,220,0,0.5703125,0.5270665087613602,0.6125112602776095,0.0,0.4296875,0.0,0.0854447515162493,0.021877506657441263,0.02187836616144179,False,64,36,36,0.0,0,0.8825643626726388,0.7135416666666666,0.0,True,0.771484375,True,True,23f3ff32fc789185fc47b3852846b9f2e483a41e563c83c68a626c8e51d310bc,00c03ce553e275f0e698861f2b27ebabf6f001083c11bf4768bdf0d244c881ab
l1a-gs-v2-071-f0c9ebbd40,f0c9ebbd40de2feb0234e1787fa2352d4f57918bec79bdd67331081c71ea4dbc,sweep_v2,SCREENING_L1A_FIELD_TEST_PARTICLE_WALL_LOSS,71,False,cell-01,0,anode_partial,anode_side,0.0,0.004201414312059092,0.004201414312059092,0.002100707156029546,4.87541735013264e-05,,0.004201414312059092,0.9742213897220156,1.1754450929677638,0.7620971676578769,0.037390505291132,0.05767044916741733,False,False,False,0.5511729886844079,0.004312586806637374,0.49028871390236284,0.0018468703947678799,0.0007234591439017521,0.0007120343513698783,0.0024467051819480317,0.8293788237352093,0.0773775678676423,0.5534066353542281,0.4415341986527299,0.0018468703947678799,0.017250347226549497,0.0013800277781239598,0.01591555731328677,4,0.004312586806637374,True,0.10615109932503747,0.006736032573861176,0.004235645420047094,128,100,0.14207905600508242,True,384,304,512,404,0,108,0,0.7890625,0.7516376331702338,0.8221820839899746,0.0,0.2109375,0.0,0.07054445081974081,0.018030078552379643,0.018047696809059967,True,64,53,53,0.0,0,0.855632957591765,0.71875,0.0,True,0.748046875,True,True,e47a5892a7eb8436ae015b9c07ec217e7ff2723b8b107905c5970a2aaaa14a34,c62cc12036f0699c2fd49ed02bf9703bc2b00180f45364161ad3970bc3c84da8
l1a-gs-v2-071-f0c9ebbd40,f0c9ebbd40de2feb0234e1787fa2352d4f57918bec79bdd67331081c71ea4dbc,sweep_v2,SCREENING_L1A_FIELD_TEST_PARTICLE_WALL_LOSS,71,False,cell-02,1,interior,interior,0.004201414312059092,0.00862412758333626,0.004422713271277168,0.0064127709476976755,5.1322177285769474e-05,0.004201414312059092,0.00862412758333626,1.0255360574934518,1.0000529455613096,0.770069613631533,0.04394815910809381,0.057073393353079344,False,False,False,0.5511729886844079,0.004312586806637374,0.49028871390236284,0.0018468703947678799,0.0007234591439017521,0.0007120343513698783,0.0024467051819480317,0.8293788237352093,0.0773775678676423,0.5534066353542281,0.4415341986527299,0.0018468703947678799,0.017250347226549497,0.0013800277781239598,0.01591555731328677,4,0.004312586806637374,True,0.10615109932503747,0.006736032573861176,0.004235645420047094,128,128,0.02913695627350843,False,0,0,128,128,0,0,0,1.0,0.9708630437264916,1.0,0.0,0.0,0.0,0.02913695627350843,0.0,0.005492143434474149,True,16,16,16,0.0,0,0.855632957591765,0.71875,0.0,True,0.748046875,True,True,e47a5892a7eb8436ae015b9c07ec217e7ff2723b8b107905c5970a2aaaa14a34,c62cc12036f0699c2fd49ed02bf9703bc2b00180f45364161ad3970bc3c84da8
l1a-gs-v2-071-f0c9ebbd40,f0c9ebbd40de2feb0234e1787fa2352d4f57918bec79bdd67331081c71ea4dbc,sweep_v2,SCREENING_L1A_FIELD_TEST_PARTICLE_WALL_LOSS,71,False,cell-03,2,interior,interior,0.00862412758333626,0.013047857288097185,0.0044237297047609245,0.010835992435716722,5.133397221260575e-05,0.00862412758333626,0.013047857288097185,1.0257717474701016,1.0060523429570543,0.7581958985717364,0.043208003252120125,0.057332825181694934,False,False,False,0.5511729886844079,0.004312586806637374,0.49028871390236284,0.0018468703947678799,0.0007234591439017521,0.0007120343513698783,0.0024467051819480317,0.8293788237352093,0.0773775678676423,0.5534066353542281,0.4415341986527299,0.0018468703947678799,0.017250347226549497,0.0013800277781239598,0.01591555731328677,4,0.004312586806637374,True,0.10615109932503747,0.006736032573861176,0.004235645420047094,128,128,0.02913695627350843,False,0,0,128,128,0,0,0,1.0,0.9708630437264916,1.0,0.0,0.0,0.0,0.02913695627350843,0.0,0.005492143434474149,True,16,16,16,0.0,0,0.855632957591765,0.71875,0.0,True,0.748046875,True,True,e47a5892a7eb8436ae015b9c07ec217e7ff2723b8b107905c5970a2aaaa14a34,c62cc12036f0699c2fd49ed02bf9703bc2b00180f45364161ad3970bc3c84da8
l1a-gs-v2-071-f0c9ebbd40,f0c9ebbd40de2feb0234e1787fa2352d4f57918bec79bdd67331081c71ea4dbc,sweep_v2,SCREENING_L1A_FIELD_TEST_PARTICLE_WALL_LOSS,71,False,cell-04,3,exit_partial,exit_side,0.013047857288097185,0.01591555731328677,0.002867700025189584,0.014481707300691976,3.3277447591054105e-05,0.013047857288097185,,0.6649605338438619,1.0,0.7552056459128902,0.04346951290629147,0.05755983571037218,False,False,False,0.5511729886844079,0.004312586806637374,0.49028871390236284,0.0018468703947678799,0.0007234591439017521,0.0007120343513698783,0.0024467051819480317,0.8293788237352093,0.0773775678676423,0.5534066353542281,0.4415341986527299,0.0018468703947678799,0.017250347226549497,0.0013800277781239598,0.01591555731328677,4,0.004312586806637374,True,0.10615109932503747,0.006736032573861176,0.004235645420047094,128,66,0.17061456936415603,True,384,194,512,260,40,212,0,0.5078125,0.46461161789502853,0.5508970231093013,0.078125,0.4140625,0.0,0.0862854052142728,0.022094389349118684,0.02209439985632193,False,64,32,32,0.0,0,0.855632957591765,0.71875,0.0,True,0.748046875,True,True,e47a5892a7eb8436ae015b9c07ec217e7ff2723b8b107905c5970a2aaaa14a34,c62cc12036f0699c2fd49ed02bf9703bc2b00180f45364161ad3970bc3c84da8
l1a-gs-v2-072-79cfa36e3a,79cfa36e3a0f9d4a80d10a77cb9ca64b8496aa10b17d296493e169f37f69b3de,sweep_v2,SCREENING_L1A_FIELD_TEST_PARTICLE_WALL_LOSS,72,False,cell-01,0,anode_partial,anode_side,0.0,0.004966047694551095,0.004966047694551095,0.0024830238472755475,6.119316550788517e-05,,0.004966047694551095,0.9527031162776317,1.3744457790037168,0.720186477977867,0.03817381321947029,0.07285312631152967,False,False,False,0.3011729886844079,0.005212586806637374,0.5382887139023629,0.001961156109053594,0.0007598227802653884,0.000746649735985263,0.0025525875348892083,0.8583261921562619,0.08955148091112063,0.5878893939749178,0.4748328458951856,0.001961156109053594,0.015637760419912123,0.0012510208335929699,0.014237375816175684,3,0.005212586806637374,True,0.15329951467269345,0.004598329998377471,0.0015484003572426733,128,118,0.0948595567538082,False,0,0,128,118,0,10,0,0.921875,0.8621530681952095,0.9570126249490177,0.0,0.078125,0.0,0.0948595567538082,0.02372062070603734,0.02416902492487775,False,16,14,14,0.0,0,0.8486211460212957,0.65625,0.0,True,0.734375,True,True,b2723a16058a15d9a4cd81cdf7e18ebe39066429b2af280fd5b371e2d4c19c53,4cd14c0affa92d42cea65e80f6102adcc433f040f1c3d8b6e7be274df26d14ca
l1a-gs-v2-072-79cfa36e3a,79cfa36e3a0f9d4a80d10a77cb9ca64b8496aa10b17d296493e169f37f69b3de,sweep_v2,SCREENING_L1A_FIELD_TEST_PARTICLE_WALL_LOSS,72,False,cell-02,1,interior,interior,0.004966047694551095,0.01067501455163649,0.005708966857085395,0.007820531123093792,7.034764369016738e-05,0.004966047694551095,0.01067501455163649,1.095227200785599,1.0,0.5707085215928791,0.05225045052750172,0.09155365401180242,False,False,False,0.3011729886844079,0.005212586806637374,0.5382887139023629,0.001961156109053594,0.0007598227802653884,0.000746649735985263,0.0025525875348892083,0.8583261921562619,0.08955148091112063,0.5878893939749178,0.4748328458951856,0.001961156109053594,0.015637760419912123,0.0012510208335929699,0.014237375816175684,3,0.005212586806637374,True,0.15329951467269345,0.004598329998377471,0.0015484003572426733,128,128,0.02913695627350843,False,0,0,128,128,0,0,0,1.0,0.9708630437264916,1.0,0.0,0.0,0.0,0.02913695627350843,0.0,0.005492143434474149,True,16,16,16,0.0,0,0.8486211460212957,0.65625,0.0,True,0.734375,True,True,b2723a16058a15d9a4cd81cdf7e18ebe39066429b2af280fd5b371e2d4c19c53,4cd14c0affa92d42cea65e80f6102adcc433f040f1c3d8b6e7be274df26d14ca
l1a-gs-v2-072-79cfa36e3a,79cfa36e3a0f9d4a80d10a77cb9ca64b8496aa10b17d296493e169f37f69b3de,sweep_v2,SCREENING_L1A_FIELD_TEST_PARTICLE_WALL_LOSS,72,False,cell-03,2,exit_partial,exit_side,0.01067501455163649,0.014237375816175684,0.0035623612645391944,0.012456195183906088,4.3896510035337343e-05,0.01067501455163649,,0.6834152402034076,1.0050102230384577,0.7186389801833855,0.05198996918611673,0.07270750956783366,False,False,False,0.3011729886844079,0.005212586806637374,0.5382887139023629,0.001961156109053594,0.0007598227802653884,0.000746649735985263,0.0025525875348892083,0.8583261921562619,0.08955148091112063,0.5878893939749178,0.4748328458951856,0.001961156109053594,0.015637760419912123,0.0012510208335929699,0.014237375816175684,3,0.005212586806637374,True,0.15329951467269345,0.004598329998377471,0.0015484003572426733,128,65,0.17067527654865655,True,384,193,512,258,0,254,0,0.50390625,0.4607305364538204,0.5470237840483447,0.0,0.49609375,0.0,0.08629324759452434,0.022096412552213365,0.022096415178774125,False,64,32,32,0.0,0,0.8486211460212957,0.65625,0.0,True,0.734375,True,True,b2723a16058a15d9a4cd81cdf7e18ebe39066429b2af280fd5b371e2d4c19c53,4cd14c0affa92d42cea65e80f6102adcc433f040f1c3d8b6e7be274df26d14ca
l1a-gs-v2-073-274491a725,274491a72502b0b713d694fc95c3586b5a116a0c7e300ffb30d1ea6bbc3a6fc8,sweep_v2,SCREENING_L1A_FIELD_TEST_PARTICLE_WALL_LOSS,73,False,cell-01,0,anode_partial,anode_side,0.0,0.00541344260252799,0.00541344260252799,0.002706721301263995,7.114870391027034e-05,,0.00541344260252799,0.9645182852452496,1.3074586625729554,0.693860639062547,0.044520428900583206,0.08389093882912091,False,False,False,0.8011729886844079,0.005612586806637374,0.5862887139023628,0.0020917683539515533,0.0007961864166290247,0.0007812651206006477,0.0026584698878303844,0.8872735605773145,0.10172539395459881,0.6223721525956074,0.5070909104113146,0.0020917683539515533,0.02806293403318686,0.002245034722654949,0.02520822101313901,5,0.0056125868066373725,True,0.15055481944435697,0.004527584887122802,0.0014109706886792509,128,118,0.0948595567538082,False,0,0,128,118,0,10,0,0.921875,0.8621530681952095,0.9570126249490177,0.0,0.078125,0.0,0.0948595567538082,0.02372062070603734,0.02416902492487775,False,16,15,15,0.0,0,0.9325410410612728,0.740234375,0.0,True,0.451171875,True,True,9a588d7503589aa2a48f9dfda2bd56951892b140b92ab22f7da74806dc514f22,8a08da7ce347d67c5b6ea4dfdafaa6e3c6327ba3385a34151c2834911ba9c7ab
l1a-gs-v2-073-274491a725,274491a72502b0b713d694fc95c3586b5a116a0c7e300ffb30d1ea6bbc3a6fc8,sweep_v2,SCREENING_L1A_FIELD_TEST_PARTICLE_WALL_LOSS,73,False,cell-02,1,interior,interior,0.00541344260252799,0.011335189727526028,0.005921747124998038,0.008374316165027009,7.782933407869296e-05,0.00541344260252799,0.011335189727526028,1.055083391849736,1.0,0.6045834628994835,0.058208620427530874,0.09627888289959477,False,False,False,0.8011729886844079,0.005612586806637374,0.5862887139023628,0.0020917683539515533,0.0007961864166290247,0.0007812651206006477,0.0026584698878303844,0.8872735605773145,0.10172539395459881,0.6223721525956074,0.5070909104113146,0.0020917683539515533,0.02806293403318686,0.002245034722654949,0.02520822101313901,5,0.0056125868066373725,True,0.15055481944435697,0.004527584887122802,0.0014109706886792509,128,128,0.02913695627350843,False,0,0,128,128,0,0,0,1.0,0.9708630437264916,1.0,0.0,0.0,0.0,0.02913695627350843,0.0,0.005492143434474149,True,16,16,16,0.0,0,0.9325410410612728,0.740234375,0.0,True,0.451171875,True,True,9a588d7503589aa2a48f9dfda2bd56951892b140b92ab22f7da74806dc514f22,8a08da7ce347d67c5b6ea4dfdafaa6e3c6327ba3385a34151c2834911ba9c7ab
l1a-gs-v2-073-274491a725,274491a72502b0b713d694fc95c3586b5a116a0c7e300ffb30d1ea6bbc3a6fc8,sweep_v2,SCREENING_L1A_FIELD_TEST_PARTICLE_WALL_LOSS,73,False,cell-03,2,interior,interior,0.011335189727526028,0.016725271238330956,0.0053900815108049276,0.014030230482928492,7.084166982492718e-05,0.011335189727526028,0.016725271238330956,0.960356017020652,1.0041072506268576,0.7275633357985026,0.05932147978799581,0.08186933706282533,False,False,False,0.8011729886844079,0.005612586806637374,0.5862887139023628,0.0020917683539515533,0.0007961864166290247,0.0007812651206006477,0.0026584698878303844,0.8872735605773145,0.10172539395459881,0.6223721525956074,0.5070909104113146,0.0020917683539515533,0.02806293403318686,0.002245034722654949,0.02520822101313901,5,0.0056125868066373725,True,0.15055481944435697,0.004527584887122802,0.0014109706886792509,128,128,0.02913695627350843,False,0,0,128,128,0,0,0,1.0,0.9708630437264916,1.0,0.0,0.0,0.0,0.02913695627350843,0.0,0.005492143434474149,True,16,16,16,0.0,0,0.9325410410612728,0.740234375,0.0,True,0.451171875,True,True,9a588d7503589aa2a48f9dfda2bd56951892b140b92ab22f7da74806dc514f22,8a08da7ce347d67c5b6ea4dfdafaa6e3c6327ba3385a34151c2834911ba9c7ab
l1a-gs-v2-073-274491a725,274491a72502b0b713d694fc95c3586b5a116a0c7e300ffb30d1ea6bbc3a6fc8,sweep_v2,SCREENING_L1A_FIELD_TEST_PARTICLE_WALL_LOSS,73,False,cell-04,3,interior,interior,0.016725271238330956,0.022653030727296606,0.00592775948896565,0.01968915098281378,7.790835438705139e-05,0.016725271238330956,0.022653030727296606,1.056154620531759,1.0,0.6075408837206087,0.058507424745313494,0.09630203713536331,False,False,False,0.8011729886844079,0.005612586806637374,0.5862887139023628,0.0020917683539515533,0.0007961864166290247,0.0007812651206006477,0.0026584698878303844,0.8872735605773145,0.10172539395459881,0.6223721525956074,0.5070909104113146,0.0020917683539515533,0.02806293403318686,0.002245034722654949,0.02520822101313901,5,0.0056125868066373725,True,0.15055481944435697,0.004527584887122802,0.0014109706886792509,128,128,0.02913695627350843,False,0,0,128,128,0,0,0,1.0,0.9708630437264916,1.0,0.0,0.0,0.0,0.02913695627350843,0.0,0.005492143434474149,True,16,16,16,0.0,0,0.9325410410612728,0.740234375,0.0,True,0.451171875,True,True,9a588d7503589aa2a48f9dfda2bd56951892b140b92ab22f7da74806dc514f22,8a08da7ce347d67c5b6ea4dfdafaa6e3c6327ba3385a34151c2834911ba9c7ab
l1a-gs-v2-073-274491a725,274491a72502b0b713d694fc95c3586b5a116a0c7e300ffb30d1ea6bbc3a6fc8,sweep_v2,SCREENING_L1A_FIELD_TEST_PARTICLE_WALL_LOSS,73,False,cell-05,4,exit_partial,exit_side,0.022653030727296606,0.02520822101313901,0.002555190285842404,0.023930625870217808,3.3582784640018775e-05,0.022653030727296606,,0.45526071557960923,1.0,0.6972151647495165,0.058507424745313494,0.08391588092656166,False,False,False,0.8011729886844079,0.005612586806637374,0.5862887139023628,0.0020917683539515533,0.0007961864166290247,0.0007812651206006477,0.0026584698878303844,0.8872735605773145,0.10172539395459881,0.6223721525956074,0.5070909104113146,0.0020917683539515533,0.02806293403318686,0.002245034722654949,0.02520822101313901,5,0.0056125868066373725,True,0.15055481944435697,0.004527584887122802,0.0014109706886792509,128,64,0.17069550747898554,True,384,192,512,256,128,128,0,0.5,0.45685206921855137,0.5431479307814486,0.25,0.25,0.0,0.08629586156289726,0.02209708691207961,0.02209708691207961,False,64,33,33,0.0,0,0.9325410410612728,0.740234375,0.0,True,0.451171875,True,True,9a588d7503589aa2a48f9dfda2bd56951892b140b92ab22f7da74806dc514f22,8a08da7ce347d67c5b6ea4dfdafaa6e3c6327ba3385a34151c2834911ba9c7ab
l1a-gs-v2-074-e2365d7a87,e2365d7a8798b7995e965b15ab221fa6dd16cdecb938a108a7bad25f54b15270,sweep_v2,SCREENING_L1A_FIELD_TEST_PARTICLE_WALL_LOSS,74,False,cell-01,0,anode_partial,anode_side,0.0,0.003658450618490123,0.003658450618490123,0.0018292253092450615,3.2320575633036255e-05,,0.003658450618490123,0.9595717564046242,1.037677326077185,0.6641147757175979,0.0681893457231719,0.10654564621080266,False,False,False,0.824610488684408,0.0038125868066373747,0.6342887139023627,0.0014060540682372675,0.0008325500529926611,0.0003658805052160321,0.002764352240771561,0.9162209289983673,0.11389930699807713,0.6568549112162971,0.5393489749274437,0.0014060540682372675,0.019062934033186874,0.00152503472265495,0.01689167905745683,5,0.0038125868066373747,True,0.19797422386525423,0.00855686279731375,0.004527044833417589,128,94,0.15139792792606133,True,384,289,512,383,0,129,0,0.748046875,0.7086901555300428,0.7837091963574333,0.0,0.251953125,0.0,0.07501904082739053,0.019186214727043363,0.01919840825602561,True,64,47,47,0.0,0,0.9007470133379947,0.7237215909090909,0.0,True,0.517578125,True,True,7a91c8546633fad91f2babe68ed4465d7e60818c2154be95f676bfb44046e9c4,d82fa64f03b000725201ee7687fa9a4d1d6803fc6fa0286812900e34b05b1acf
l1a-gs-v2-074-e2365d7a87,e2365d7a8798b7995e965b15ab221fa6dd16cdecb938a108a7bad25f54b15270,sweep_v2,SCREENING_L1A_FIELD_TEST_PARTICLE_WALL_LOSS,74,False,cell-02,1,interior,interior,0.003658450618490123,0.007743501767655425,0.004085051149165303,0.005700976193072774,3.608937728013105e-05,0.003658450618490123,0.007743501767655425,1.0714644298861844,1.0,0.6004578764653453,0.07075853793697374,0.11784096888444677,False,False,False,0.824610488684408,0.0038125868066373747,0.6342887139023627,0.0014060540682372675,0.0008325500529926611,0.0003658805052160321,0.002764352240771561,0.9162209289983673,0.11389930699807713,0.6568549112162971,0.5393489749274437,0.0014060540682372675,0.019062934033186874,0.00152503472265495,0.01689167905745683,5,0.0038125868066373747,True,0.19797422386525423,0.00855686279731375,0.004527044833417589,128,128,0.02913695627350843,False,0,0,128,128,0,0,0,1.0,0.9708630437264916,1.0,0.0,0.0,0.0,0.02913695627350843,0.0,0.005492143434474149,True,16,16,16,0.0,0,0.9007470133379947,0.7237215909090909,0.0,True,0.517578125,True,True,7a91c8546633fad91f2babe68ed4465d7e60818c2154be95f676bfb44046e9c4,d82fa64f03b000725201ee7687fa9a4d1d6803fc6fa0286812900e34b05b1acf
l1a-gs-v2-074-e2365d7a87,e2365d7a8798b7995e965b15ab221fa6dd16cdecb938a108a7bad25f54b15270,sweep_v2,SCREENING_L1A_FIELD_TEST_PARTICLE_WALL_LOSS,74,False,cell-03,2,interior,interior,0.007743501767655425,0.011317635967631585,0.0035741341999761603,0.009530568867643505,3.157568238016191e-05,0.007743501767655425,0.011317635967631585,0.9374564780410797,1.0121313458527377,0.7644961041766197,0.06963230670040693,0.09218757284763261,False,False,False,0.824610488684408,0.0038125868066373747,0.6342887139023627,0.0014060540682372675,0.0008325500529926611,0.0003658805052160321,0.002764352240771561,0.9162209289983673,0.11389930699807713,0.6568549112162971,0.5393489749274437,0.0014060540682372675,0.019062934033186874,0.00152503472265495,0.01689167905745683,5,0.0038125868066373747,True,0.19797422386525423,0.00855686279731375,0.004527044833417589,128,128,0.02913695627350843,False,0,0,128,128,0,0,0,1.0,0.9708630437264916,1.0,0.0,0.0,0.0,0.02913695627350843,0.0,0.005492143434474149,True,16,16,16,0.0,0,0.9007470133379947,0.7237215909090909,0.0,True,0.517578125,True,True,7a91c8546633fad91f2babe68ed4465d7e60818c2154be95f676bfb44046e9c4,d82fa64f03b000725201ee7687fa9a4d1d6803fc6fa0286812900e34b05b1acf
l1a-gs-v2-074-e2365d7a87,e2365d7a8798b7995e965b15ab221fa6dd16cdecb938a108a7bad25f54b15270,sweep_v2,SCREENING_L1A_FIELD_TEST_PARTICLE_WALL_LOSS,74,False,cell-04,3,interior,interior,0.011317635967631585,0.015405320351828537,0.0040876843841969514,0.013361478159730062,3.61126405904433e-05,0.011317635967631585,0.015405320351828537,1.0721550987588417,1.0,0.5969484101744844,0.07047704029551347,0.11806219615345562,False,False,False,0.824610488684408,0.0038125868066373747,0.6342887139023627,0.0014060540682372675,0.0008325500529926611,0.0003658805052160321,0.002764352240771561,0.9162209289983673,0.11389930699807713,0.6568549112162971,0.5393489749274437,0.0014060540682372675,0.019062934033186874,0.00152503472265495,0.01689167905745683,5,0.0038125868066373747,True,0.19797422386525423,0.00855686279731375,0.004527044833417589,128,128,0.02913695627350843,False,0,0,128,128,0,0,0,1.0,0.9708630437264916,1.0,0.0,0.0,0.0,0.02913695627350843,0.0,0.005492143434474149,True,16,16,16,0.0,0,0.9007470133379947,0.7237215909090909,0.0,True,0.517578125,True,True,7a91c8546633fad91f2babe68ed4465d7e60818c2154be95f676bfb44046e9c4,d82fa64f03b000725201ee7687fa9a4d1d6803fc6fa0286812900e34b05b1acf
l1a-gs-v2-074-e2365d7a87,e2365d7a8798b7995e965b15ab221fa6dd16cdecb938a108a7bad25f54b15270,sweep_v2,SCREENING_L1A_FIELD_TEST_PARTICLE_WALL_LOSS,74,False,cell-05,4,exit_partial,exit_side,0.015405320351828537,0.01689167905745683,0.0014863587056282938,0.016148499704642685,1.3131233402545609e-05,0.015405320351828537,,0.38985570191888497,1.0,0.6661549581055825,0.07117326702588889,0.10684190841766317,False,False,False,0.824610488684408,0.0038125868066373747,0.6342887139023627,0.0014060540682372675,0.0008325500529926611,0.0003658805052160321,0.002764352240771561,0.9162209289983673,0.11389930699807713,0.6568549112162971,0.5393489749274437,0.0014060540682372675,0.019062934033186874,0.00152503472265495,0.01689167905745683,5,0.0038125868066373747,True,0.19797422386525423,0.00855686279731375,0.004527044833417589,128,63,0.17067527654865666,True,384,189,512,252,132,128,0,0.4921875,0.4491029768906986,0.5353883821049714,0.2578125,0.25,0.0,0.0862854052142728,0.022094389349118684,0.02209439985632193,False,64,33,33,0.0,0,0.9007470133379947,0.7237215909090909,0.0,True,0.517578125,True,True,7a91c8546633fad91f2babe68ed4465d7e60818c2154be95f676bfb44046e9c4,d82fa64f03b000725201ee7687fa9a4d1d6803fc6fa0286812900e34b05b1acf
l1a-gs-v2-075-a6696084a4,a6696084a4606cbd36006e6550f324459c9339259367414427b70ed937b40f49,sweep_v2,SCREENING_L1A_FIELD_TEST_PARTICLE_WALL_LOSS,75,False,cell-01,0,anode_partial,anode_side,0.0,0.0044779953310695505,0.0044779953310695505,0.0022389976655347752,4.277639334045854e-05,,0.0044779953310695505,0.9502202324979103,1.1552379308682699,0.613753627249886,0.07041847725746624,0.13254519786110922,False,False,False,0.3246104886844079,0.0047125868066373745,0.6918887139023628,0.0015203397825229819,0.0008689136893562975,0.0004031586117249079,0.0028702345937127375,0.9451682974194199,0.12607322004155538,0.6913376698369867,0.5716070394435727,0.0015203397825229819,0.014137760419912123,0.00113102083359297,0.01235536743959775,3,0.0047125868066373745,True,0.25939065912908077,0.005753383844646552,0.0017972042240484928,128,116,0.10228616817393155,True,384,346,512,462,0,50,0,0.90234375,0.8735560090639636,0.9251390026590292,0.0,0.09765625,0.0,0.051582993595065574,0.013119009558230393,0.013165859372898995,True,64,58,58,0.0,0,0.8554345136970419,0.734375,0.0,True,0.71484375,True,True,73abb794649ccb35ce52df13f8c0ebade99f9c9b846ef4107d92b40a67028bc7,68dba5759f896fc3d5fc8351bf7244b49a79fbf920958bfcb5916c1cf396b765
l1a-gs-v2-075-a6696084a4,a6696084a4606cbd36006e6550f324459c9339259367414427b70ed937b40f49,sweep_v2,SCREENING_L1A_FIELD_TEST_PARTICLE_WALL_LOSS,75,False,cell-02,1,interior,interior,0.0044779953310695505,0.009657656497982907,0.005179661166913357,0.007067825914526229,4.9479109973360285e-05,0.0044779953310695505,0.009657656497982907,1.0991120969099473,1.0,0.4836249032332369,0.08135009596180962,0.1682090715716867,False,False,False,0.3246104886844079,0.0047125868066373745,0.6918887139023628,0.0015203397825229819,0.0008689136893562975,0.0004031586117249079,0.0028702345937127375,0.9451682974194199,0.12607322004155538,0.6913376698369867,0.5716070394435727,0.0015203397825229819,0.014137760419912123,0.00113102083359297,0.01235536743959775,3,0.0047125868066373745,True,0.25939065912908077,0.005753383844646552,0.0017972042240484928,128,128,0.02913695627350843,False,0,0,128,128,0,0,0,1.0,0.9708630437264916,1.0,0.0,0.0,0.0,0.02913695627350843,0.0,0.005492143434474149,True,16,16,16,0.0,0,0.8554345136970419,0.734375,0.0,True,0.71484375,True,True,73abb794649ccb35ce52df13f8c0ebade99f9c9b846ef4107d92b40a67028bc7,68dba5759f896fc3d5fc8351bf7244b49a79fbf920958bfcb5916c1cf396b765
l1a-gs-v2-075-a6696084a4,a6696084a4606cbd36006e6550f324459c9339259367414427b70ed937b40f49,sweep_v2,SCREENING_L1A_FIELD_TEST_PARTICLE_WALL_LOSS,75,False,cell-03,2,exit_partial,exit_side,0.009657656497982907,0.01235536743959775,0.0026977109416148424,0.01100651196879033,2.577009036983807e-05,0.009657656497982907,,0.5724480104674763,1.004335149558708,0.6209029354990961,0.0819590205599328,0.1325719697324014,False,False,False,0.3246104886844079,0.0047125868066373745,0.6918887139023628,0.0015203397825229819,0.0008689136893562975,0.0004031586117249079,0.0028702345937127375,0.9451682974194199,0.12607322004155538,0.6913376698369867,0.5716070394435727,0.0015203397825229819,0.014137760419912123,0.00113102083359297,0.01235536743959775,3,0.0047125868066373745,True,0.25939065912908077,0.005753383844646552,0.0017972042240484928,128,64,0.17069550747898554,True,384,192,512,256,117,139,0,0.5,0.45685206921855137,0.5431479307814486,0.228515625,0.271484375,0.0,0.08629586156289726,0.02209708691207961,0.02209708691207961,False,64,32,32,0.0,0,0.8554345136970419,0.734375,0.0,True,0.71484375,True,True,73abb794649ccb35ce52df13f8c0ebade99f9c9b846ef4107d92b40a67028bc7,68dba5759f896fc3d5fc8351bf7244b49a79fbf920958bfcb5916c1cf396b765
l1a-gs-v2-076-900f037a8c,900f037a8c0c0953c665b0263d2d37a3ac66b16efa7e3b877df2b09bfb6c60d0,sweep_v2,SCREENING_L1A_FIELD_TEST_PARTICLE_WALL_LOSS,76,False,cell-01,0,anode_partial,anode_side,0.0,0.005693769547685488,0.005693769547685488,0.002846884773842744,5.847874212883034e-05,,0.005693769547685488,0.9629912818013521,1.7844211902116414,0.46007727245990476,0.03879609689887084,0.15047163063218358,False,False,False,0.0746104886844079,0.005912586806637374,0.4998887139023628,0.001634625496808696,0.0005085831108439008,0.0004377739963402925,0.002976116946653914,0.9741156658404725,0.13824713308503364,0.7258204284576764,0.6038651039597017,0.001634625496808696,0.017737760419912124,0.00141902083359297,0.01528556589451009,3,0.005912586806637374,True,0.2692814338579969,0.004538756249636532,0.0039092798989367235,128,128,0.02913695627350843,False,0,0,128,128,0,0,0,1.0,0.9708630437264916,1.0,0.0,0.0,0.0,0.02913695627350843,0.0,0.005492143434474149,True,16,16,16,0.0,0,0.8942887729479982,0.6666666666666666,0.0,True,0.75,True,True,2d29f7b65b37177a4fee1610d9eb30e55fcd1d9f77ae17dc5b671e07de9e2c10,b38a48eafaf3cd24983488f5315bee75a945214c369b47007383dc89951a9850
l1a-gs-v2-076-900f037a8c,900f037a8c0c0953c665b0263d2d37a3ac66b16efa7e3b877df2b09bfb6c60d0,sweep_v2,SCREENING_L1A_FIELD_TEST_PARTICLE_WALL_LOSS,76,False,cell-02,1,interior,interior,0.005693769547685488,0.012053854040724307,0.006360084493038819,0.008873811794204897,6.532223299012494e-05,0.005693769547685488,0.012053854040724307,1.075685601080578,1.000176707115913,0.367986206803186,0.06919585933481366,0.18807250232768954,False,False,False,0.0746104886844079,0.005912586806637374,0.4998887139023628,0.001634625496808696,0.0005085831108439008,0.0004377739963402925,0.002976116946653914,0.9741156658404725,0.13824713308503364,0.7258204284576764,0.6038651039597017,0.001634625496808696,0.017737760419912124,0.00141902083359297,0.01528556589451009,3,0.005912586806637374,True,0.2692814338579969,0.004538756249636532,0.0039092798989367235,128,128,0.02913695627350843,False,0,0,128,128,0,0,0,1.0,0.9708630437264916,1.0,0.0,0.0,0.0,0.02913695627350843,0.0,0.005492143434474149,True,16,16,16,0.0,0,0.8942887729479982,0.6666666666666666,0.0,True,0.75,True,True,2d29f7b65b37177a4fee1610d9eb30e55fcd1d9f77ae17dc5b671e07de9e2c10,b38a48eafaf3cd24983488f5315bee75a945214c369b47007383dc89951a9850
l1a-gs-v2-076-900f037a8c,900f037a8c0c0953c665b0263d2d37a3ac66b16efa7e3b877df2b09bfb6c60d0,sweep_v2,SCREENING_L1A_FIELD_TEST_PARTICLE_WALL_LOSS,76,False,cell-03,2,exit_partial,exit_side,0.012053854040724307,0.01528556589451009,0.0032317118537857834,0.013669709967617199,3.3191797200335565e-05,0.012053854040724307,,0.5465817178629692,1.0,0.4611732741378617,0.06920808673554985,0.15006959556563765,False,False,False,0.0746104886844079,0.005912586806637374,0.4998887139023628,0.001634625496808696,0.0005085831108439008,0.0004377739963402925,0.002976116946653914,0.9741156658404725,0.13824713308503364,0.7258204284576764,0.6038651039597017,0.001634625496808696,0.017737760419912124,0.00141902083359297,0.01528556589451009,3,0.005912586806637374,True,0.2692814338579969,0.004538756249636532,0.0039092798989367235,128,64,0.17069550747898554,True,384,192,512,256,128,128,0,0.5,0.45685206921855137,0.5431479307814486,0.25,0.25,0.0,0.08629586156289726,0.02209708691207961,0.02209708691207961,False,64,31,31,0.0,0,0.8942887729479982,0.6666666666666666,0.0,True,0.75,True,True,2d29f7b65b37177a4fee1610d9eb30e55fcd1d9f77ae17dc5b671e07de9e2c10,b38a48eafaf3cd24983488f5315bee75a945214c369b47007383dc89951a9850
l1a-gs-v2-077-44d74d05d4,44d74d05d472c7b399ab49a1ed9c33ab02d22f2b2ef621a0bfe0fe44eb65a68d,sweep_v2,SCREENING_L1A_FIELD_TEST_PARTICLE_WALL_LOSS,77,False,cell-01,0,anode_partial,anode_side,0.0,0.004014092868246914,0.004014092868246914,0.002007046434123457,4.410979566998218e-05,,0.004014092868246914,0.9760506116900682,1.133638644281441,0.7435289506899159,0.07113453137483404,0.1084569116435027,False,False,False,0.5746104886844079,0.004112586806637375,0.5478887139023628,0.0017489112110944103,0.0005449467472075372,0.00047238938095567714,0.0030819992995950903,1.0030630342615252,0.1504210461285119,0.7603031870783661,0.6361231684758308,0.0017489112110944103,0.0164503472265495,0.00131602777812396,0.01397586878755466,4,0.004112586806637375,True,0.20939746345215968,0.007211661096359445,0.005316755907491381,128,102,0.13843530391555015,True,384,303,512,405,0,107,0,0.791015625,0.7536951237380339,0.824001753673257,0.0,0.208984375,0.0,0.07030662993522308,0.017968609021504534,0.017986527075957603,True,64,51,51,0.0,0,0.8789122489987697,0.69453125,0.0,True,0.654296875,True,True,97e70723fb9dea1b9eff7844ef6fedccd2adad15484b7b8011f8825e1e97238f,a227f037ff77cd1669d868acba7c751866d393b84fa2119d3f4496fb573e6eec
l1a-gs-v2-077-44d74d05d4,44d74d05d472c7b399ab49a1ed9c33ab02d22f2b2ef621a0bfe0fe44eb65a68d,sweep_v2,SCREENING_L1A_FIELD_TEST_PARTICLE_WALL_LOSS,77,False,cell-02,1,interior,interior,0.004014092868246914,0.008225869392836182,0.004211776524589268,0.006119981130541548,4.628208863249264e-05,0.004014092868246914,0.008225869392836182,1.024118571258316,1.0,0.7563017606107271,0.08064085370936248,0.10662523599607063,False,False,False,0.5746104886844079,0.004112586806637375,0.5478887139023628,0.0017489112110944103,0.0005449467472075372,0.00047238938095567714,0.0030819992995950903,1.0030630342615252,0.1504210461285119,0.7603031870783661,0.6361231684758308,0.0017489112110944103,0.0164503472265495,0.00131602777812396,0.01397586878755466,4,0.004112586806637375,True,0.20939746345215968,0.007211661096359445,0.005316755907491381,128,128,0.02913695627350843,False,0,0,128,128,0,0,0,1.0,0.9708630437264916,1.0,0.0,0.0,0.0,0.02913695627350843,0.0,0.005492143434474149,True,16,16,16,0.0,0,0.8789122489987697,0.69453125,0.0,True,0.654296875,True,True,97e70723fb9dea1b9eff7844ef6fedccd2adad15484b7b8011f8825e1e97238f,a227f037ff77cd1669d868acba7c751866d393b84fa2119d3f4496fb573e6eec
l1a-gs-v2-077-44d74d05d4,44d74d05d472c7b399ab49a1ed9c33ab02d22f2b2ef621a0bfe0fe44eb65a68d,sweep_v2,SCREENING_L1A_FIELD_TEST_PARTICLE_WALL_LOSS,77,False,cell-03,2,interior,interior,0.008225869392836182,0.012437301881845145,0.004211432489008963,0.010331585637340664,4.6278308117280726e-05,0.008225869392836182,0.012437301881845145,1.0240349169559313,1.0,0.7592658474999961,0.08130781387337492,0.10708741100510956,False,False,False,0.5746104886844079,0.004112586806637375,0.5478887139023628,0.0017489112110944103,0.0005449467472075372,0.00047238938095567714,0.0030819992995950903,1.0030630342615252,0.1504210461285119,0.7603031870783661,0.6361231684758308,0.0017489112110944103,0.0164503472265495,0.00131602777812396,0.01397586878755466,4,0.004112586806637375,True,0.20939746345215968,0.007211661096359445,0.005316755907491381,128,128,0.02913695627350843,False,0,0,128,128,0,0,0,1.0,0.9708630437264916,1.0,0.0,0.0,0.0,0.02913695627350843,0.0,0.005492143434474149,True,16,16,16,0.0,0,0.8789122489987697,0.69453125,0.0,True,0.654296875,True,True,97e70723fb9dea1b9eff7844ef6fedccd2adad15484b7b8011f8825e1e97238f,a227f037ff77cd1669d868acba7c751866d393b84fa2119d3f4496fb573e6eec
l1a-gs-v2-077-44d74d05d4,44d74d05d472c7b399ab49a1ed9c33ab02d22f2b2ef621a0bfe0fe44eb65a68d,sweep_v2,SCREENING_L1A_FIELD_TEST_PARTICLE_WALL_LOSS,77,False,cell-04,3,exit_partial,exit_side,0.012437301881845145,0.01397586878755466,0.0015385669057095142,0.013206585334699903,1.6906901275824907e-05,0.012437301881845145,,0.37411171558163697,1.009262345979322,0.7489405316154196,0.08056162423703538,0.10856377835233308,False,False,False,0.5746104886844079,0.004112586806637375,0.5478887139023628,0.0017489112110944103,0.0005449467472075372,0.00047238938095567714,0.0030819992995950903,1.0030630342615252,0.1504210461285119,0.7603031870783661,0.6361231684758308,0.0017489112110944103,0.0164503472265495,0.00131602777812396,0.01397586878755466,4,0.004112586806637375,True,0.20939746345215968,0.007211661096359445,0.005316755907491381,128,57,0.16970135560641886,True,384,171,512,228,156,128,0,0.4453125,0.4028287556857245,0.48861075728396575,0.3046875,0.25,0.0,0.08578200159824123,0.02196451672156735,0.021965034612786025,False,64,33,33,0.0,0,0.8789122489987697,0.69453125,0.0,True,0.654296875,True,True,97e70723fb9dea1b9eff7844ef6fedccd2adad15484b7b8011f8825e1e97238f,a227f037ff77cd1669d868acba7c751866d393b84fa2119d3f4496fb573e6eec
l1a-gs-v2-078-28bf64f2bb,28bf64f2bbf75acc9576763bd331428af902ca48a6e6f76d28681e5cf7debde2,sweep_v2,SCREENING_L1A_FIELD_TEST_PARTICLE_WALL_LOSS,78,False,cell-01,0,anode_partial,anode_side,0.0,0.004834977198435683,0.004834977198435683,0.0024174885992178413,5.660216689095793e-05,,0.004834977198435683,0.9645672753304719,1.2704509107784365,0.6818282933069956,0.07220749255623286,0.13454424755264408,False,False,False,0.949610488684408,0.0050125868066373735,0.5958887139023629,0.0018631969253801246,0.0005813103835711737,0.0005070047655710618,0.003194110026238689,1.0320104026825778,0.16259495917199016,0.7947859456990558,0.6683812329919598,0.0018631969253801246,0.02506293403318687,0.0020050347226549495,0.020987827297330567,5,0.0050125868066373735,True,0.2344560886861949,0.005638270744052246,0.0023565205144777807,128,123,0.07138840996903317,False,0,0,128,123,0,5,0,0.9609375,0.9118129792331631,0.9832013892021962,0.0,0.0390625,0.0,0.07138840996903317,0.01712468546557635,0.017857478191843128,True,16,16,16,0.0,0,0.9653934868646308,0.640625,0.0,True,0.64453125,True,True,4fe74f4405cabb980d7e1583c073c9d27c59abf5e1f66d8aa8bbec79c199d665,dbef52937ab1e4ddd201ee478e041731247e3f58ca328b4f7035ff1b98a0a6af
l1a-gs-v2-078-28bf64f2bb,28bf64f2bbf75acc9576763bd331428af902ca48a6e6f76d28681e5cf7debde2,sweep_v2,SCREENING_L1A_FIELD_TEST_PARTICLE_WALL_LOSS,78,False,cell-02,1,interior,interior,0.004834977198435683,0.010137439440804067,0.005302462242368384,0.007486208319619875,6.207492620081915e-05,0.004834977198435683,0.010137439440804067,1.0578295093757129,1.0025081435774703,0.5977633256956633,0.09150656308459622,0.15346554520776745,False,False,False,0.949610488684408,0.0050125868066373735,0.5958887139023629,0.0018631969253801246,0.0005813103835711737,0.0005070047655710618,0.003194110026238689,1.0320104026825778,0.16259495917199016,0.7947859456990558,0.6683812329919598,0.0018631969253801246,0.02506293403318687,0.0020050347226549495,0.020987827297330567,5,0.0050125868066373735,True,0.2344560886861949,0.005638270744052246,0.0023565205144777807,128,128,0.02913695627350843,False,0,0,128,128,0,0,0,1.0,0.9708630437264916,1.0,0.0,0.0,0.0,0.02913695627350843,0.0,0.005492143434474149,True,16,16,16,0.0,0,0.9653934868646308,0.640625,0.0,True,0.64453125,True,True,4fe74f4405cabb980d7e1583c073c9d27c59abf5e1f66d8aa8bbec79c199d665,dbef52937ab1e4ddd201ee478e041731247e3f58ca328b4f7035ff1b98a0a6af
l1a-gs-v2-078-28bf64f2bb,28bf64f2bbf75acc9576763bd331428af902ca48a6e6f76d28681e5cf7debde2,sweep_v2,SCREENING_L1A_FIELD_TEST_PARTICLE_WALL_LOSS,78,False,cell-03,2,interior,interior,0.010137439440804067,0.014925570007856628,0.004788130567052561,0.012531504724330348,5.605374220579405e-05,0.010137439440804067,0.014925570007856628,0.9552214758081394,1.0042758803499368,0.7318203162012639,0.09379976820691217,0.12872127584759452,False,False,False,0.949610488684408,0.0050125868066373735,0.5958887139023629,0.0018631969253801246,0.0005813103835711737,0.0005070047655710618,0.003194110026238689,1.0320104026825778,0.16259495917199016,0.7947859456990558,0.6683812329919598,0.0018631969253801246,0.02506293403318687,0.0020050347226549495,0.020987827297330567,5,0.0050125868066373735,True,0.2344560886861949,0.005638270744052246,0.0023565205144777807,128,128,0.02913695627350843,False,0,0,128,128,0,0,0,1.0,0.9708630437264916,1.0,0.0,0.0,0.0,0.02913695627350843,0.0,0.005492143434474149,True,16,16,16,0.0,0,0.9653934868646308,0.640625,0.0,True,0.64453125,True,True,4fe74f4405cabb980d7e1583c073c9d27c59abf5e1f66d8aa8bbec79c199d665,dbef52937ab1e4ddd201ee478e041731247e3f58ca328b4f7035ff1b98a0a6af
l1a-gs-v2-078-28bf64f2bb,28bf64f2bbf75acc9576763bd331428af902ca48a6e6f76d28681e5cf7debde2,sweep_v2,SCREENING_L1A_FIELD_TEST_PARTICLE_WALL_LOSS,78,False,cell-04,3,interior,interior,0.014925570007856628,0.020229772193176773,0.0053042021853201456,0.017577671100516702,6.209529538505609e-05,0.014925570007856628,0.020229772193176773,1.0581766241527493,1.0013994142552474,0.5969874379506892,0.09153462373024439,0.1535421229334351,False,False,False,0.949610488684408,0.0050125868066373735,0.5958887139023629,0.0018631969253801246,0.0005813103835711737,0.0005070047655710618,0.003194110026238689,1.0320104026825778,0.16259495917199016,0.7947859456990558,0.6683812329919598,0.0018631969253801246,0.02506293403318687,0.0020050347226549495,0.020987827297330567,5,0.0050125868066373735,True,0.2344560886861949,0.005638270744052246,0.0023565205144777807,128,128,0.02913695627350843,False,0,0,128,128,0,0,0,1.0,0.9708630437264916,1.0,0.0,0.0,0.0,0.02913695627350843,0.0,0.005492143434474149,True,16,16,16,0.0,0,0.9653934868646308,0.640625,0.0,True,0.64453125,True,True,4fe74f4405cabb980d7e1583c073c9d27c59abf5e1f66d8aa8bbec79c199d665,dbef52937ab1e4ddd201ee478e041731247e3f58ca328b4f7035ff1b98a0a6af
l1a-gs-v2-078-28bf64f2bb,28bf64f2bbf75acc9576763bd331428af902ca48a6e6f76d28681e5cf7debde2,sweep_v2,SCREENING_L1A_FIELD_TEST_PARTICLE_WALL_LOSS,78,False,cell-05,4,exit_partial,exit_side,0.020229772193176773,0.020987827297330567,0.0007580551041537938,0.02060879974525367,8.874408245759242e-06,0.020229772193176773,,0.15123031947297583,1.0,0.6823872900616597,0.09166271858754119,0.13432653263406863,False,True,False,0.949610488684408,0.0050125868066373735,0.5958887139023629,0.0018631969253801246,0.0005813103835711737,0.0005070047655710618,0.003194110026238689,1.0320104026825778,0.16259495917199016,0.7947859456990558,0.6683812329919598,0.0018631969253801246,0.02506293403318687,0.0020050347226549495,0.020987827297330567,5,0.0050125868066373735,True,0.2344560886861949,0.005638270744052246,0.0023565205144777807,128,37,0.15524915807183481,True,384,112,512,149,237,126,0,0.291015625,0.25334281371732637,0.33180103941684724,0.462890625,0.24609375,0.0,0.07845822569952088,0.020074350618284494,0.020082624052555013,False,64,16,16,0.0,0,0.9653934868646308,0.640625,0.0,True,0.64453125,True,True,4fe74f4405cabb980d7e1583c073c9d27c59abf5e1f66d8aa8bbec79c199d665,dbef52937ab1e4ddd201ee478e041731247e3f58ca328b4f7035ff1b98a0a6af
l1a-gs-v2-079-62792322e0,62792322e0280966f253bbd76ef382ddea5e8ab9a84d1e59c8ea9e232b7087eb,sweep_v2,SCREENING_L1A_FIELD_TEST_PARTICLE_WALL_LOSS,79,False,cell-01,0,anode_partial,anode_side,0.0,0.0060469148072008145,0.0060469148072008145,0.0030234574036004072,7.51322505130966e-05,,0.0060469148072008145,0.9733328475572269,1.364921153968125,0.582158349498209,0.07291888812318335,0.1709647091877263,False,False,False,0.4496104886844079,0.006212586806637374,0.6438887139023628,0.001977482639665839,0.0006176740199348099,0.0005416201501864464,0.0032999923791798653,1.0609577711036304,0.17529817278257617,0.8292687043197453,0.7006392975080888,0.001977482639665839,0.024850347226549496,0.0019880277781239596,0.02049412676472281,4,0.006212586806637374,True,0.27691794079778553,0.00405446509147033,0.004191747934556988,128,128,0.02913695627350843,False,0,0,128,128,0,0,0,1.0,0.9708630437264916,1.0,0.0,0.0,0.0,0.02913695627350843,0.0,0.005492143434474149,True,16,16,16,0.0,0,0.9572033543573364,0.703125,0.0,True,0.783203125,True,True,adbf8affdbf6532e9550b54ef870d60e629d682ddf6753772bca420140e649d1,190fdd7cd61ca8046a428615e7b3ae8d2f0755a5f3af19cec19ea51bfb794531
l1a-gs-v2-079-62792322e0,62792322e0280966f253bbd76ef382ddea5e8ab9a84d1e59c8ea9e232b7087eb,sweep_v2,SCREENING_L1A_FIELD_TEST_PARTICLE_WALL_LOSS,79,False,cell-02,1,interior,interior,0.0060469148072008145,0.012423588854146368,0.006376674046945553,0.00923525183067359,7.922947274946854e-05,0.0060469148072008145,0.012423588854146368,1.0264120639944816,1.0000806080717943,0.5183211778520815,0.09952051076669113,0.1920209653319847,False,False,False,0.4496104886844079,0.006212586806637374,0.6438887139023628,0.001977482639665839,0.0006176740199348099,0.0005416201501864464,0.0032999923791798653,1.0609577711036304,0.17529817278257617,0.8292687043197453,0.7006392975080888,0.001977482639665839,0.024850347226549496,0.0019880277781239596,0.02049412676472281,4,0.006212586806637374,True,0.27691794079778553,0.00405446509147033,0.004191747934556988,128,128,0.02913695627350843,False,0,0,128,128,0,0,0,1.0,0.9708630437264916,1.0,0.0,0.0,0.0,0.02913695627350843,0.0,0.005492143434474149,True,16,16,16,0.0,0,0.9572033543573364,0.703125,0.0,True,0.783203125,True,True,adbf8affdbf6532e9550b54ef870d60e629d682ddf6753772bca420140e649d1,190fdd7cd61ca8046a428615e7b3ae8d2f0755a5f3af19cec19ea51bfb794531
l1a-gs-v2-079-62792322e0,62792322e0280966f253bbd76ef382ddea5e8ab9a84d1e59c8ea9e232b7087eb,sweep_v2,SCREENING_L1A_FIELD_TEST_PARTICLE_WALL_LOSS,79,False,cell-03,2,interior,interior,0.012423588854146368,0.018805912858618663,0.006382324004472296,0.015614750856382515,7.929967284949016e-05,0.012423588854146368,0.018805912858618663,1.0273215011907082,1.0,0.5146779995208987,0.0986861441739778,0.19174346730546543,False,False,False,0.4496104886844079,0.006212586806637374,0.6438887139023628,0.001977482639665839,0.0006176740199348099,0.0005416201501864464,0.0032999923791798653,1.0609577711036304,0.17529817278257617,0.8292687043197453,0.7006392975080888,0.001977482639665839,0.024850347226549496,0.0019880277781239596,0.02049412676472281,4,0.006212586806637374,True,0.27691794079778553,0.00405446509147033,0.004191747934556988,128,128,0.02913695627350843,False,0,0,128,128,0,0,0,1.0,0.9708630437264916,1.0,0.0,0.0,0.0,0.02913695627350843,0.0,0.005492143434474149,True,16,16,16,0.0,0,0.9572033543573364,0.703125,0.0,True,0.783203125,True,True,adbf8affdbf6532e9550b54ef870d60e629d682ddf6753772bca420140e649d1,190fdd7cd61ca8046a428615e7b3ae8d2f0755a5f3af19cec19ea51bfb794531
l1a-gs-v2-079-62792322e0,62792322e0280966f253bbd76ef382ddea5e8ab9a84d1e59c8ea9e232b7087eb,sweep_v2,SCREENING_L1A_FIELD_TEST_PARTICLE_WALL_LOSS,79,False,cell-04,3,exit_partial,exit_side,0.018805912858618663,0.02049412676472281,0.0016882139061041475,0.019650019811670735,2.097587185486172e-05,0.018805912858618663,,0.2717408961272785,1.0031835365576378,0.5804104357873645,0.09837297022697679,0.170028204334582,False,False,False,0.4496104886844079,0.006212586806637374,0.6438887139023628,0.001977482639665839,0.0006176740199348099,0.0005416201501864464,0.0032999923791798653,1.0609577711036304,0.17529817278257617,0.8292687043197453,0.7006392975080888,0.001977482639665839,0.024850347226549496,0.0019880277781239596,0.02049412676472281,4,0.006212586806637374,True,0.27691794079778553,0.00405446509147033,0.004191747934556988,128,62,0.17061456936415598,True,384,184,512,246,138,128,0,0.48046875,0.43749895445367276,0.5237294430355024,0.26953125,0.25,0.0,0.08623048858182963,0.02208022173666532,0.02208028744874013,False,64,31,31,0.0,0,0.9572033543573364,0.703125,0.0,True,0.783203125,True,True,adbf8affdbf6532e9550b54ef870d60e629d682ddf6753772bca420140e649d1,190fdd7cd61ca8046a428615e7b3ae8d2f0755a5f3af19cec19ea51bfb794531
l1a-gs-v2-080-b666fbf97d,b666fbf97d551d589a262e3bdf6163e1dab8bf6d1e47fe6e67156d7ca01dc1d6,sweep_v2,SCREENING_L1A_FIELD_TEST_PARTICLE_WALL_LOSS,80,False,cell-01,0,anode_partial,anode_side,0.0,0.004154725871653122,0.004154725871653122,0.002077362935826561,5.50316326131301e-05,,0.004154725871653122,0.9415624108297699,1.0916399840344968,0.9150033740556474,0.09076982033735988,0.10829245884055448,False,False,False,0.1996104886844079,0.0044125868066373745,0.7014887139023628,0.002108094884563798,0.0006540376562984463,0.000576235534801831,0.003405874732121042,1.089905139524683,0.18747208582605443,0.863751462940435,0.7328973620242178,0.002108094884563798,0.013237760419912124,0.00105902083359297,0.010756049862325612,3,0.0044125868066373745,True,0.23043286209538422,0.005551109052179639,0.002996930165973283,128,81,0.16474541099264428,True,384,243,512,324,0,188,0,0.6328125,0.5902137891286587,0.6734331079449505,0.0,0.3671875,0.0,0.08321931881629174,0.0213032806234116,0.02130642973823011,False,64,36,36,0.0,0,0.7621827507406549,0.5616319444444444,0.0,True,0.595703125,True,True,ea14ea62566bb2fe924d0bc3dcb76b85b7c1ca0de334735aab6d030f83d08290,f9f4a563bb8cb78c048279dcf5e814f681148229b3f8efa3af45a9adaeb6cb93
l1a-gs-v2-080-b666fbf97d,b666fbf97d551d589a262e3bdf6163e1dab8bf6d1e47fe6e67156d7ca01dc1d6,sweep_v2,SCREENING_L1A_FIELD_TEST_PARTICLE_WALL_LOSS,80,False,cell-02,1,interior,interior,0.004154725871653122,0.009088559887560988,0.004933834015907866,0.006621642879607054,6.535134912031446e-05,0.004154725871653122,0.009088559887560988,1.1181273552480455,1.0019760834913505,0.7999207310125442,0.09826748417481304,0.12308928261353358,False,False,False,0.1996104886844079,0.0044125868066373745,0.7014887139023628,0.002108094884563798,0.0006540376562984463,0.000576235534801831,0.003405874732121042,1.089905139524683,0.18747208582605443,0.863751462940435,0.7328973620242178,0.002108094884563798,0.013237760419912124,0.00105902083359297,0.010756049862325612,3,0.0044125868066373745,True,0.23043286209538422,0.005551109052179639,0.002996930165973283,128,128,0.02913695627350843,False,0,0,128,128,0,0,0,1.0,0.9708630437264916,1.0,0.0,0.0,0.0,0.02913695627350843,0.0,0.005492143434474149,True,16,16,16,0.0,0,0.7621827507406549,0.5616319444444444,0.0,True,0.595703125,True,True,ea14ea62566bb2fe924d0bc3dcb76b85b7c1ca0de334735aab6d030f83d08290,f9f4a563bb8cb78c048279dcf5e814f681148229b3f8efa3af45a9adaeb6cb93
l1a-gs-v2-080-b666fbf97d,b666fbf97d551d589a262e3bdf6163e1dab8bf6d1e47fe6e67156d7ca01dc1d6,sweep_v2,SCREENING_L1A_FIELD_TEST_PARTICLE_WALL_LOSS,80,False,cell-03,2,exit_partial,exit_side,0.009088559887560988,0.010756049862325612,0.0016674899747646243,0.0099223048749433,2.2086823177292364e-05,0.009088559887560988,,0.37789397644402156,1.0,0.9157545566936759,0.09846166892802743,0.10751971498075037,False,False,False,0.1996104886844079,0.0044125868066373745,0.7014887139023628,0.002108094884563798,0.0006540376562984463,0.000576235534801831,0.003405874732121042,1.089905139524683,0.18747208582605443,0.863751462940435,0.7328973620242178,0.002108094884563798,0.013237760419912124,0.00105902083359297,0.010756049862325612,3,0.0044125868066373745,True,0.23043286209538422,0.005551109052179639,0.002996930165973283,128,49,0.16608145697279852,True,384,146,512,195,189,128,0,0.380859375,0.33983211473823877,0.4236611099457294,0.369140625,0.25,0.0,0.08382899520749065,0.021460606692236043,0.021463122291611004,False,64,25,25,0.0,0,0.7621827507406549,0.5616319444444444,0.0,True,0.595703125,True,True,ea14ea62566bb2fe924d0bc3dcb76b85b7c1ca0de334735aab6d030f83d08290,f9f4a563bb8cb78c048279dcf5e814f681148229b3f8efa3af45a9adaeb6cb93
l1a-gs-v2-081-601159d2a0,601159d2a0d1a9e2d787ed0ba663890c25bcff896c8297e469b7a02a7eb50a2f,sweep_v2,SCREENING_L1A_FIELD_TEST_PARTICLE_WALL_LOSS,81,False,cell-01,0,anode_partial,anode_side,0.0,0.005128433684792834,0.005128433684792834,0.002564216842396417,4.583322662824103e-05,,0.005128433684792834,0.9653364493518553,1.1936636935237215,0.4582075647660424,0.06628952553372645,0.1726889863351009,False,False,False,0.6996104886844079,0.005312586806637374,0.5094887139023628,0.0014223805988495123,0.0006904012926620827,0.0006108509194172156,0.0035117570850622185,1.1188525079457357,0.1996459988695327,0.8982342215611248,0.7651554265403469,0.0014223805988495123,0.026562934033186873,0.00212503472265495,0.021259750535225774,5,0.005312586806637374,True,0.27412797879565054,0.0054009951336641045,0.0027593703237388184,128,128,0.02913695627350843,False,0,0,128,128,0,0,0,1.0,0.9708630437264916,1.0,0.0,0.0,0.0,0.02913695627350843,0.0,0.005492143434474149,True,16,16,16,0.0,0,1.0,1.0,0.0,True,0.80078125,True,True,49657ad97c5740551769953c80f30a32ff9e23e53eaa0968be003c23e8310918,85c3bfa781ba479dc929cf272315101e06897903287565ac37fd23a9a1eddffb
l1a-gs-v2-081-601159d2a0,601159d2a0d1a9e2d787ed0ba663890c25bcff896c8297e469b7a02a7eb50a2f,sweep_v2,SCREENING_L1A_FIELD_TEST_PARTICLE_WALL_LOSS,81,False,cell-02,1,interior,interior,0.005128433684792834,0.01072236865419146,0.005593934969398625,0.007925401169492146,4.999344925846431e-05,0.005128433684792834,0.01072236865419146,1.0529587888163527,1.0,0.3918535117455264,0.07912739989052296,0.20193107250218822,False,False,False,0.6996104886844079,0.005312586806637374,0.5094887139023628,0.0014223805988495123,0.0006904012926620827,0.0006108509194172156,0.0035117570850622185,1.1188525079457357,0.1996459988695327,0.8982342215611248,0.7651554265403469,0.0014223805988495123,0.026562934033186873,0.00212503472265495,0.021259750535225774,5,0.005312586806637374,True,0.27412797879565054,0.0054009951336641045,0.0027593703237388184,128,128,0.02913695627350843,False,0,0,128,128,0,0,0,1.0,0.9708630437264916,1.0,0.0,0.0,0.0,0.02913695627350843,0.0,0.005492143434474149,True,16,16,16,0.0,0,1.0,1.0,0.0,True,0.80078125,True,True,49657ad97c5740551769953c80f30a32ff9e23e53eaa0968be003c23e8310918,85c3bfa781ba479dc929cf272315101e06897903287565ac37fd23a9a1eddffb
l1a-gs-v2-081-601159d2a0,601159d2a0d1a9e2d787ed0ba663890c25bcff896c8297e469b7a02a7eb50a2f,sweep_v2,SCREENING_L1A_FIELD_TEST_PARTICLE_WALL_LOSS,81,False,cell-03,2,interior,interior,0.01072236865419146,0.0158437089386356,0.005121340284444142,0.01328303879641353,4.5769832335611195e-05,0.01072236865419146,0.0158437089386356,0.9640012428682962,1.0,0.4528581120793335,0.08061414587467887,0.17801192851450248,False,False,False,0.6996104886844079,0.005312586806637374,0.5094887139023628,0.0014223805988495123,0.0006904012926620827,0.0006108509194172156,0.0035117570850622185,1.1188525079457357,0.1996459988695327,0.8982342215611248,0.7651554265403469,0.0014223805988495123,0.026562934033186873,0.00212503472265495,0.021259750535225774,5,0.005312586806637374,True,0.27412797879565054,0.0054009951336641045,0.0027593703237388184,128,128,0.02913695627350843,False,0,0,128,128,0,0,0,1.0,0.9708630437264916,1.0,0.0,0.0,0.0,0.02913695627350843,0.0,0.005492143434474149,True,16,16,16,0.0,0,1.0,1.0,0.0,True,0.80078125,True,True,49657ad97c5740551769953c80f30a32ff9e23e53eaa0968be003c23e8310918,85c3bfa781ba479dc929cf272315101e06897903287565ac37fd23a9a1eddffb
l1a-gs-v2-081-601159d2a0,601159d2a0d1a9e2d787ed0ba663890c25bcff896c8297e469b7a02a7eb50a2f,sweep_v2,SCREENING_L1A_FIELD_TEST_PARTICLE_WALL_LOSS,81,False,cell-04,3,exit_partial,exit_side,0.0158437089386356,0.021259750535225774,0.005416041596590173,0.018551729736930686,4.840360179767545e-05,0.0158437089386356,,1.0194735246158322,1.0,0.4003525950138849,0.08121850392171949,0.20286743468942092,False,False,False,0.6996104886844079,0.005312586806637374,0.5094887139023628,0.0014223805988495123,0.0006904012926620827,0.0006108509194172156,0.0035117570850622185,1.1188525079457357,0.1996459988695327,0.8982342215611248,0.7651554265403469,0.0014223805988495123,0.026562934033186873,0.00212503472265495,0.021259750535225774,5,0.005312586806637374,True,0.27412797879565054,0.0054009951336641045,0.0027593703237388184,128,128,0.02913695627350843,False,0,0,128,128,0,0,0,1.0,0.9708630437264916,1.0,0.0,0.0,0.0,0.02913695627350843,0.0,0.005492143434474149,True,16,16,16,0.0,0,1.0,1.0,0.0,True,0.80078125,True,True,49657ad97c5740551769953c80f30a32ff9e23e53eaa0968be003c23e8310918,85c3bfa781ba479dc929cf272315101e06897903287565ac37fd23a9a1eddffb
l1a-gs-v2-082-ec510a5bdb,ec510a5bdb842266954df67d09c186fad6061caa97bda4075acb10616f5b869a,sweep_v2,SCREENING_L1A_FIELD_TEST_PARTICLE_WALL_LOSS,82,False,cell-01,0,anode_partial,anode_side,0.0,0.005519774925941423,0.005519774925941423,0.0027598874629707116,5.329430566215701e-05,,0.005519774925941423,0.9662478860764225,1.18602510139045,0.46919319281015726,0.0740209028342481,0.1871098092092806,False,False,False,0.887110488684408,0.005712586806637374,0.5574887139023628,0.0015366663131352266,0.0007267649290257191,0.0006454663040326002,0.0036176394380033946,1.1477998763667885,0.21181991191301094,0.9327169801818143,0.7974134910564759,0.0015366663131352266,0.028562934033186868,0.0022850347226549494,0.022512735862300084,5,0.005712586806637374,True,0.30925481328477533,0.00470426444843368,0.003367160463491846,128,126,0.05088552696967308,False,0,0,128,126,0,2,0,0.984375,0.9448190233201829,0.9957045502898559,0.0,0.015625,0.0,0.05088552696967308,0.010961886875314282,0.012184860794534208,True,16,15,15,0.0,0,0.9961689914657479,0.99609375,0.0,True,0.810546875,True,True,26d5b62217294427a3871a0b21790a123d78acdfa264fe9164cd8497b835c283,739bde22ba7016bbcb5be33f8426131b451a4db6b7b4a90681e4177a30d8f2a6
l1a-gs-v2-082-ec510a5bdb,ec510a5bdb842266954df67d09c186fad6061caa97bda4075acb10616f5b869a,sweep_v2,SCREENING_L1A_FIELD_TEST_PARTICLE_WALL_LOSS,82,False,cell-02,1,interior,interior,0.005519774925941423,0.011523830669433048,0.0060040557434916245,0.008521802797687236,5.797011405346344e-05,0.005519774925941423,0.011523830669433048,1.051022233310415,1.0,0.40082835833719743,0.08779064878900174,0.2190230480527721,False,False,False,0.887110488684408,0.005712586806637374,0.5574887139023628,0.0015366663131352266,0.0007267649290257191,0.0006454663040326002,0.0036176394380033946,1.1477998763667885,0.21181991191301094,0.9327169801818143,0.7974134910564759,0.0015366663131352266,0.028562934033186868,0.0022850347226549494,0.022512735862300084,5,0.005712586806637374,True,0.30925481328477533,0.00470426444843368,0.003367160463491846,128,128,0.02913695627350843,False,0,0,128,128,0,0,0,1.0,0.9708630437264916,1.0,0.0,0.0,0.0,0.02913695627350843,0.0,0.005492143434474149,True,16,16,16,0.0,0,0.9961689914657479,0.99609375,0.0,True,0.810546875,True,True,26d5b62217294427a3871a0b21790a123d78acdfa264fe9164cd8497b835c283,739bde22ba7016bbcb5be33f8426131b451a4db6b7b4a90681e4177a30d8f2a6
l1a-gs-v2-082-ec510a5bdb,ec510a5bdb842266954df67d09c186fad6061caa97bda4075acb10616f5b869a,sweep_v2,SCREENING_L1A_FIELD_TEST_PARTICLE_WALL_LOSS,82,False,cell-03,2,interior,interior,0.011523830669433048,0.017036169593265753,0.005512338923832705,0.014280000131349401,5.3222509877980386e-05,0.011523830669433048,0.017036169593265753,0.9649461987042361,1.0,0.4638778207463141,0.08959589559252182,0.1931454611224452,False,False,False,0.887110488684408,0.005712586806637374,0.5574887139023628,0.0015366663131352266,0.0007267649290257191,0.0006454663040326002,0.0036176394380033946,1.1477998763667885,0.21181991191301094,0.9327169801818143,0.7974134910564759,0.0015366663131352266,0.028562934033186868,0.0022850347226549494,0.022512735862300084,5,0.005712586806637374,True,0.30925481328477533,0.00470426444843368,0.003367160463491846,128,128,0.02913695627350843,False,0,0,128,128,0,0,0,1.0,0.9708630437264916,1.0,0.0,0.0,0.0,0.02913695627350843,0.0,0.005492143434474149,True,16,16,16,0.0,0,0.9961689914657479,0.99609375,0.0,True,0.810546875,True,True,26d5b62217294427a3871a0b21790a123d78acdfa264fe9164cd8497b835c283,739bde22ba7016bbcb5be33f8426131b451a4db6b7b4a90681e4177a30d8f2a6
l1a-gs-v2-082-ec510a5bdb,ec510a5bdb842266954df67d09c186fad6061caa97bda4075acb10616f5b869a,sweep_v2,SCREENING_L1A_FIELD_TEST_PARTICLE_WALL_LOSS,82,False,cell-04,3,exit_partial,exit_side,0.017036169593265753,0.022512735862300084,0.005476566269034332,0.01977445272778292,5.2877119200869365e-05,0.017036169593265753,,0.9586841223438718,1.0007606615492144,0.409343521068527,0.08952779524109598,0.21887703354543342,False,False,False,0.887110488684408,0.005712586806637374,0.5574887139023628,0.0015366663131352266,0.0007267649290257191,0.0006454663040326002,0.0036176394380033946,1.1477998763667885,0.21181991191301094,0.9327169801818143,0.7974134910564759,0.0015366663131352266,0.028562934033186868,0.0022850347226549494,0.022512735862300084,5,0.005712586806637374,True,0.30925481328477533,0.00470426444843368,0.003367160463491846,128,128,0.02913695627350843,False,0,0,128,128,0,0,0,1.0,0.9708630437264916,1.0,0.0,0.0,0.0,0.02913695627350843,0.0,0.005492143434474149,True,16,16,16,0.0,0,0.9961689914657479,0.99609375,0.0,True,0.810546875,True,True,26d5b62217294427a3871a0b21790a123d78acdfa264fe9164cd8497b835c283,739bde22ba7016bbcb5be33f8426131b451a4db6b7b4a90681e4177a30d8f2a6
l1a-gs-v2-083-4c9976a050,4c9976a0501d382ae2652c7724d073c7dcae7550ea57a66edec677806e0e0001,sweep_v2,SCREENING_L1A_FIELD_TEST_PARTICLE_WALL_LOSS,83,False,cell-01,0,anode_partial,anode_side,0.0,0.0038675208723950544,0.0038675208723950544,0.0019337604361975272,4.011871262890464e-05,,0.0038675208723950544,0.9884818059075726,1.0,0.6460046403795394,0.07933094417141388,0.1228024370301822,False,False,False,0.3871104886844079,0.003912586806637374,0.6054887139023628,0.001650952027420941,0.0007631285653893554,0.0006800816886479849,0.003723521790944571,1.1767472447878409,0.22399382495648923,0.967199738802504,0.829671555572605,0.001650952027420941,0.015650347226549496,0.0012520277781239598,0.012144766089377493,4,0.003912586806637374,True,0.20449741082723596,0.007784928742867601,0.0026333057630772644,128,71,0.16970135560641886,True,384,213,512,284,0,228,0,0.5546875,0.5113892427160343,0.5971712443142754,0.0,0.4453125,0.0,0.08578200159824112,0.02196451672156735,0.021965034612786025,False,64,44,44,0.0,0,0.8363546972393446,0.528125,0.0,True,0.6953125,True,True,4b48175be47dc1271539775bf3bbddd9209af8d843a7599fbf182f2100e035e0,edf48b06c6774a5ca3c901d56097810c1c83f905aedb97f6e2a2dc02af1ec79d
l1a-gs-v2-083-4c9976a050,4c9976a0501d382ae2652c7724d073c7dcae7550ea57a66edec677806e0e0001,sweep_v2,SCREENING_L1A_FIELD_TEST_PARTICLE_WALL_LOSS,83,False,cell-02,1,interior,interior,0.0038675208723950544,0.007823655883968366,0.003956135011573311,0.00584558837818171,4.1037928142368355e-05,0.0038675208723950544,0.007823655883968366,1.0111302846653936,1.0101881494409073,0.8074424263944995,0.07834842032797758,0.09802141076008884,False,False,False,0.3871104886844079,0.003912586806637374,0.6054887139023628,0.001650952027420941,0.0007631285653893554,0.0006800816886479849,0.003723521790944571,1.1767472447878409,0.22399382495648923,0.967199738802504,0.829671555572605,0.001650952027420941,0.015650347226549496,0.0012520277781239598,0.012144766089377493,4,0.003912586806637374,True,0.20449741082723596,0.007784928742867601,0.0026333057630772644,128,128,0.02913695627350843,False,0,0,128,128,0,0,0,1.0,0.9708630437264916,1.0,0.0,0.0,0.0,0.02913695627350843,0.0,0.005492143434474149,True,16,16,16,0.0,0,0.8363546972393446,0.528125,0.0,True,0.6953125,True,True,4b48175be47dc1271539775bf3bbddd9209af8d843a7599fbf182f2100e035e0,edf48b06c6774a5ca3c901d56097810c1c83f905aedb97f6e2a2dc02af1ec79d
l1a-gs-v2-083-4c9976a050,4c9976a0501d382ae2652c7724d073c7dcae7550ea57a66edec677806e0e0001,sweep_v2,SCREENING_L1A_FIELD_TEST_PARTICLE_WALL_LOSS,83,False,cell-03,2,interior,interior,0.007823655883968366,0.011783671913833529,0.003960016029865163,0.009803663898900947,4.107818686693521e-05,0.007823655883968366,0.011783671913833529,1.012122216214431,1.001677895367167,0.8044189390229629,0.07901406840342293,0.09838983383318717,False,False,False,0.3871104886844079,0.003912586806637374,0.6054887139023628,0.001650952027420941,0.0007631285653893554,0.0006800816886479849,0.003723521790944571,1.1767472447878409,0.22399382495648923,0.967199738802504,0.829671555572605,0.001650952027420941,0.015650347226549496,0.0012520277781239598,0.012144766089377493,4,0.003912586806637374,True,0.20449741082723596,0.007784928742867601,0.0026333057630772644,128,128,0.02913695627350843,False,0,0,128,128,0,0,0,1.0,0.9708630437264916,1.0,0.0,0.0,0.0,0.02913695627350843,0.0,0.005492143434474149,True,16,16,16,0.0,0,0.8363546972393446,0.528125,0.0,True,0.6953125,True,True,4b48175be47dc1271539775bf3bbddd9209af8d843a7599fbf182f2100e035e0,edf48b06c6774a5ca3c901d56097810c1c83f905aedb97f6e2a2dc02af1ec79d
l1a-gs-v2-083-4c9976a050,4c9976a0501d382ae2652c7724d073c7dcae7550ea57a66edec677806e0e0001,sweep_v2,SCREENING_L1A_FIELD_TEST_PARTICLE_WALL_LOSS,83,False,cell-04,3,exit_partial,exit_side,0.011783671913833529,0.012144766089377493,0.0003610941755439641,0.01196421900160551,3.7457156505656683e-06,0.011783671913833529,,0.09229039338664595,1.0,0.6524055823985676,0.0799200071953653,0.12250049562963514,False,True,False,0.3871104886844079,0.003912586806637374,0.6054887139023628,0.001650952027420941,0.0007631285653893554,0.0006800816886479849,0.003723521790944571,1.1767472447878409,0.22399382495648923,0.967199738802504,0.829671555572605,0.001650952027420941,0.015650347226549496,0.0012520277781239598,0.012144766089377493,4,0.003912586806637374,True,0.20449741082723596,0.007784928742867601,0.0026333057630772644,128,34,0.15139792792606135,True,384,102,512,136,262,114,0,0.265625,0.22921654233512775,0.30552422753497355,0.51171875,0.22265625,0.0,0.07630768519984579,0.019519039151666685,0.019529740395987878,True,64,15,15,0.0,0,0.8363546972393446,0.528125,0.0,True,0.6953125,True,True,4b48175be47dc1271539775bf3bbddd9209af8d843a7599fbf182f2100e035e0,edf48b06c6774a5ca3c901d56097810c1c83f905aedb97f6e2a2dc02af1ec79d
l1a-gs-v2-084-7fbadd6e3c,7fbadd6e3cd0a45f040fa53ae4e655215b5b052d9d3a64c22ac16494b4e0e692,sweep_v2,SCREENING_L1A_FIELD_TEST_PARTICLE_WALL_LOSS,84,False,cell-01,0,anode_partial,anode_side,0.0,0.004565712002266702,0.004565712002266702,0.002282856001133351,5.063975386244012e-05,,0.004565712002266702,0.9487022646469068,1.187646482353021,0.7027576552082345,0.11287615464677817,0.19075845992465096,False,False,False,0.1371104886844079,0.004812586806637374,0.6534887139023628,0.001765237741706655,0.0007994922017529918,0.0007146970732633695,0.0038294041438857477,1.2056946132088935,0.2361677379999675,0.0016824974231934853,0.861929620088734,0.001765237741706655,0.014437760419912122,0.0011550208335929697,0.011028027199756015,3,0.004812586806637374,True,0.35925894151310794,0.005389323339517516,0.0025956742252777032,128,104,0.13448776374340587,True,384,319,512,423,0,89,0,0.826171875,0.7909499792318174,0.8565357826989582,0.0,0.173828125,0.0,0.06558580346714082,0.016747895621014343,0.016772039609968578,True,64,53,53,0.0,0,0.8604497732587476,0.6354166666666666,0.0,True,0.69140625,True,True,1d5abbc7686b3fde92f75473ecf917016effa1d88af1e891536ca9409a927b63,c9377c956fdabab7b445507396dbf54944c4fb72b4d6a2bd28a995dcb1336018
l1a-gs-v2-084-7fbadd6e3c,7fbadd6e3cd0a45f040fa53ae4e655215b5b052d9d3a64c22ac16494b4e0e692,sweep_v2,SCREENING_L1A_FIELD_TEST_PARTICLE_WALL_LOSS,84,False,cell-02,1,interior,interior,0.004565712002266702,0.009875153954226093,0.005309441951959391,0.007220432978246398,5.8888697635911784e-05,0.004565712002266702,0.009875153954226093,1.1032407653690048,1.0035663236358165,0.5623616133772389,0.13255900772902757,0.23655909807306263,False,False,False,0.1371104886844079,0.004812586806637374,0.6534887139023628,0.001765237741706655,0.0007994922017529918,0.0007146970732633695,0.0038294041438857477,1.2056946132088935,0.2361677379999675,0.0016824974231934853,0.861929620088734,0.001765237741706655,0.014437760419912122,0.0011550208335929697,0.011028027199756015,3,0.004812586806637374,True,0.35925894151310794,0.005389323339517516,0.0025956742252777032,128,128,0.02913695627350843,False,0,0,128,128,0,0,0,1.0,0.9708630437264916,1.0,0.0,0.0,0.0,0.02913695627350843,0.0,0.005492143434474149,True,16,16,16,0.0,0,0.8604497732587476,0.6354166666666666,0.0,True,0.69140625,True,True,1d5abbc7686b3fde92f75473ecf917016effa1d88af1e891536ca9409a927b63,c9377c956fdabab7b445507396dbf54944c4fb72b4d6a2bd28a995dcb1336018
l1a-gs-v2-084-7fbadd6e3c,7fbadd6e3cd0a45f040fa53ae4e655215b5b052d9d3a64c22ac16494b4e0e692,sweep_v2,SCREENING_L1A_FIELD_TEST_PARTICLE_WALL_LOSS,84,False,cell-03,2,exit_partial,exit_side,0.009875153954226093,0.011028027199756015,0.0011528732455299215,0.010451590576991054,1.2786881292390687e-05,0.009875153954226093,,0.23955375598418582,1.0,0.6961341627328783,0.133031756051432,0.1911007434675766,False,False,False,0.1371104886844079,0.004812586806637374,0.6534887139023628,0.001765237741706655,0.0007994922017529918,0.0007146970732633695,0.0038294041438857477,1.2056946132088935,0.2361677379999675,0.0016824974231934853,0.861929620088734,0.001765237741706655,0.014437760419912122,0.0011550208335929697,0.011028027199756015,3,0.004812586806637374,True,0.35925894151310794,0.005389323339517516,0.0025956742252777032,128,45,0.16322928826555294,True,384,136,512,181,203,128,0,0.353515625,0.31333738403843076,0.3958755971303825,0.396484375,0.25,0.0,0.08253821309195175,0.02112751130971898,0.02113137394535042,False,64,20,20,0.0,0,0.8604497732587476,0.6354166666666666,0.0,True,0.69140625,True,True,1d5abbc7686b3fde92f75473ecf917016effa1d88af1e891536ca9409a927b63,c9377c956fdabab7b445507396dbf54944c4fb72b4d6a2bd28a995dcb1336018
l1a-gs-v2-085-3164dd7be8,3164dd7be83ee0f141365507f285e20af6222935575b698a0d80720c3d770102,sweep_v2,SCREENING_L1A_FIELD_TEST_PARTICLE_WALL_LOSS,85,False,cell-01,0,anode_partial,anode_side,0.0,0.00585153896512464,0.00585153896512464,0.00292576948256232,6.91031301004256e-05,,0.00585153896512464,0.9732148829294321,1.264507981043543,0.5665068096183414,0.11058397603603952,0.2468360801652269,False,False,False,0.6371104886844079,0.0060125868066373735,0.6650087139023628,0.0018795234559923694,0.0008358558381166281,0.000749312457878754,0.003935286496826925,1.2346419816299463,0.24834165104344574,0.03616525604388321,0.894187684604863,0.0018795234559923694,0.024050347226549494,0.0019240277781239596,0.018077644288140036,4,0.0060125868066373735,True,0.40331581436601444,0.004279947937018999,0.001481802147631182,128,128,0.02913695627350843,False,0,0,128,128,0,0,0,1.0,0.9708630437264916,1.0,0.0,0.0,0.0,0.02913695627350843,0.0,0.005492143434474149,True,16,16,16,0.0,0,1.0,1.0,0.0,True,0.796875,True,True,7d289c151d0bb5977a9438b067dbb910fda69b096308eb69f3ecf4ddfa94b6a4,e7669154ed4d7b59726f86fa7c323c2deb548bd54582085d3015df3025bed6ac
l1a-gs-v2-085-3164dd7be8,3164dd7be83ee0f141365507f285e20af6222935575b698a0d80720c3d770102,sweep_v2,SCREENING_L1A_FIELD_TEST_PARTICLE_WALL_LOSS,85,False,cell-02,1,interior,interior,0.00585153896512464,0.012021879358519,0.00617034039339436,0.00893670916182182,7.286798182665087e-05,0.00585153896512464,0.012021879358519,1.026237223982004,1.0,0.5113394085988101,0.13983432027309986,0.2734667383769201,False,False,False,0.6371104886844079,0.0060125868066373735,0.6650087139023628,0.0018795234559923694,0.0008358558381166281,0.000749312457878754,0.003935286496826925,1.2346419816299463,0.24834165104344574,0.03616525604388321,0.894187684604863,0.0018795234559923694,0.024050347226549494,0.0019240277781239596,0.018077644288140036,4,0.0060125868066373735,True,0.40331581436601444,0.004279947937018999,0.001481802147631182,128,128,0.02913695627350843,False,0,0,128,128,0,0,0,1.0,0.9708630437264916,1.0,0.0,0.0,0.0,0.02913695627350843,0.0,0.005492143434474149,True,16,16,16,0.0,0,1.0,1.0,0.0,True,0.796875,True,True,7d289c151d0bb5977a9438b067dbb910fda69b096308eb69f3ecf4ddfa94b6a4,e7669154ed4d7b59726f86fa7c323c2deb548bd54582085d3015df3025bed6ac
l1a-gs-v2-085-3164dd7be8,3164dd7be83ee0f141365507f285e20af6222935575b698a0d80720c3d770102,sweep_v2,SCREENING_L1A_FIELD_TEST_PARTICLE_WALL_LOSS,85,False,cell-03,2,exit_partial,exit_side,0.012021879358519,0.018077644288140036,0.006055764929621036,0.015049761823329517,7.151491501352133e-05,0.012021879358519,,1.0071812889147809,1.0357430377289674,0.5356534665102268,0.14145257513303883,0.2735136221882015,False,False,False,0.6371104886844079,0.0060125868066373735,0.6650087139023628,0.0018795234559923694,0.0008358558381166281,0.000749312457878754,0.003935286496826925,1.2346419816299463,0.24834165104344574,0.03616525604388321,0.894187684604863,0.0018795234559923694,0.024050347226549494,0.0019240277781239596,0.018077644288140036,4,0.0060125868066373735,True,0.40331581436601444,0.004279947937018999,0.001481802147631182,128,128,0.02913695627350843,False,0,0,128,128,0,0,0,1.0,0.9708630437264916,1.0,0.0,0.0,0.0,0.02913695627350843,0.0,0.005492143434474149,True,16,16,16,0.0,0,1.0,1.0,0.0,True,0.796875,True,True,7d289c151d0bb5977a9438b067dbb910fda69b096308eb69f3ecf4ddfa94b6a4,e7669154ed4d7b59726f86fa7c323c2deb548bd54582085d3015df3025bed6ac
l1a-gs-v2-086-fbb26d4705,fbb26d47057b6a62f907198e9c20c84c5e9613e838bae574750303227102a4c6,sweep_v2,SCREENING_L1A_FIELD_TEST_PARTICLE_WALL_LOSS,86,False,cell-01,0,anode_partial,anode_side,0.0,0.003971445662289951,0.003971445662289951,0.0019857228311449754,4.975217625608291e-05,,0.003971445662289951,0.9427569910328067,1.2052160235930933,0.9352478565253015,0.07236732974370125,0.09325684606837083,False,False,False,0.012110488684407894,0.004212586806637374,0.7130087139023628,0.0019938091702780838,0.0008722194744802646,0.0007839278424941387,0.002241168849768101,1.26511289575737,0.260515564086924,0.07064801466457293,0.9264457491209921,0.0019938091702780838,0.012637760419912122,0.0010110208335929699,0.009345427135323315,3,0.004212586806637374,True,0.2259155254971328,0.005928047186674043,0.0019441967130147933,128,96,0.14854278090958317,True,384,282,512,378,0,134,0,0.73828125,0.6985321963804407,0.7744813542516229,0.0,0.26171875,0.0,0.07594915787118217,0.019426446108215104,0.019437559620965703,True,64,46,46,0.0,0,0.8358878249467645,0.5607638888888888,0.0,True,0.6875,True,True,ccdbd0f6654a3ffe9998113510cad14dd7109ad3d7b20b1e6112216cb03eb7af,540f1b11391cef88fd2fc7a839bab9e9977fda4ece9019e18628f0624b2481bb
l1a-gs-v2-086-fbb26d4705,fbb26d47057b6a62f907198e9c20c84c5e9613e838bae574750303227102a4c6,sweep_v2,SCREENING_L1A_FIELD_TEST_PARTICLE_WALL_LOSS,86,False,cell-02,1,interior,interior,0.003971445662289951,0.008665104961316276,0.004693659299026326,0.006318275311803114,5.879968771787549e-05,0.003971445662289951,0.008665104961316276,1.114198831851007,1.0,0.7768095536156824,0.08721826539175381,0.11227753956654356,False,False,False,0.012110488684407894,0.004212586806637374,0.7130087139023628,0.0019938091702780838,0.0008722194744802646,0.0007839278424941387,0.002241168849768101,1.26511289575737,0.260515564086924,0.07064801466457293,0.9264457491209921,0.0019938091702780838,0.012637760419912122,0.0010110208335929699,0.009345427135323315,3,0.004212586806637374,True,0.2259155254971328,0.005928047186674043,0.0019441967130147933,128,128,0.02913695627350843,False,0,0,128,128,0,0,0,1.0,0.9708630437264916,1.0,0.0,0.0,0.0,0.02913695627350843,0.0,0.005492143434474149,True,16,16,16,0.0,0,0.8358878249467645,0.5607638888888888,0.0,True,0.6875,True,True,ccdbd0f6654a3ffe9998113510cad14dd7109ad3d7b20b1e6112216cb03eb7af,540f1b11391cef88fd2fc7a839bab9e9977fda4ece9019e18628f0624b2481bb
l1a-gs-v2-086-fbb26d4705,fbb26d47057b6a62f907198e9c20c84c5e9613e838bae574750303227102a4c6,sweep_v2,SCREENING_L1A_FIELD_TEST_PARTICLE_WALL_LOSS,86,False,cell-03,2,exit_partial,exit_side,0.008665104961316276,0.009345427135323315,0.0006803221740070385,0.009005266048319796,8.52271731513584e-06,0.008665104961316276,,0.16149748485541457,1.0032891528376158,0.9582653329772814,0.08880824036278921,0.09298086988261585,False,True,False,0.012110488684407894,0.004212586806637374,0.7130087139023628,0.0019938091702780838,0.0008722194744802646,0.0007839278424941387,0.002241168849768101,1.26511289575737,0.260515564086924,0.07064801466457293,0.9264457491209921,0.0019938091702780838,0.012637760419912122,0.0010110208335929699,0.009345427135323315,3,0.004212586806637374,True,0.2259155254971328,0.005928047186674043,0.0019441967130147933,128,36,0.1540209641960254,True,384,104,512,140,236,136,0,0.2734375,0.23662362608820398,0.31362578478622727,0.4609375,0.265625,0.0,0.07700215869802329,0.01969838159564874,0.019708290496220297,True,64,16,16,0.0,0,0.8358878249467645,0.5607638888888888,0.0,True,0.6875,True,True,ccdbd0f6654a3ffe9998113510cad14dd7109ad3d7b20b1e6112216cb03eb7af,540f1b11391cef88fd2fc7a839bab9e9977fda4ece9019e18628f0624b2481bb
l1a-gs-v2-087-8428d611f2,8428d611f20052772acbc056b86c87b803776df9358d1af1fd15a037eb7fcf7b,sweep_v2,SCREENING_L1A_FIELD_TEST_PARTICLE_WALL_LOSS,87,False,cell-01,0,anode_partial,anode_side,0.0,0.004980199048357729,0.004980199048357729,0.0024900995241788643,6.647636136605347e-05,,0.004980199048357729,0.9741055236249928,1.7984594641756537,0.7455644671403862,0.057377002297187334,0.13840548652109325,False,False,False,0.5121104886844079,0.005112586806637374,0.5210087139023628,0.0021244214151760433,0.0005118888959678678,0.00036854322710952334,0.002347051202709277,1.2940602641784227,0.27268947713040226,0.10513077328526244,0.9587038136371211,0.0021244214151760433,0.020450347226549495,0.0016360277781239595,0.014873752734206542,4,0.005112586806637374,True,0.30920393161868664,0.005161416395670087,0.0034291755688473486,128,128,0.02913695627350843,False,0,0,128,128,0,0,0,1.0,0.9708630437264916,1.0,0.0,0.0,0.0,0.02913695627350843,0.0,0.005492143434474149,True,16,16,16,0.0,0,1.0,1.0,0.0,True,0.82421875,True,True,feb8c4ddbf9b03454a399e5eedcc7ac4ffa3996651a99a9327c4223bc9825762,53e44d00839d9a9eaf0fffe4bb7cacc813bce841951c61f423a66536e48ec86b
l1a-gs-v2-087-8428d611f2,8428d611f20052772acbc056b86c87b803776df9358d1af1fd15a037eb7fcf7b,sweep_v2,SCREENING_L1A_FIELD_TEST_PARTICLE_WALL_LOSS,87,False,cell-02,1,interior,interior,0.004980199048357729,0.010229001902933497,0.005248802854575768,0.007604600475645613,7.006172080913355e-05,0.004980199048357729,0.010229001902933497,1.0266432733741662,1.0000687419607428,0.6576422456271226,0.10318311979743434,0.156909343177921,False,False,False,0.5121104886844079,0.005112586806637374,0.5210087139023628,0.0021244214151760433,0.0005118888959678678,0.00036854322710952334,0.002347051202709277,1.2940602641784227,0.27268947713040226,0.10513077328526244,0.9587038136371211,0.0021244214151760433,0.020450347226549495,0.0016360277781239595,0.014873752734206542,4,0.005112586806637374,True,0.30920393161868664,0.005161416395670087,0.0034291755688473486,128,128,0.02913695627350843,False,0,0,128,128,0,0,0,1.0,0.9708630437264916,1.0,0.0,0.0,0.0,0.02913695627350843,0.0,0.005492143434474149,True,16,16,16,0.0,0,1.0,1.0,0.0,True,0.82421875,True,True,feb8c4ddbf9b03454a399e5eedcc7ac4ffa3996651a99a9327c4223bc9825762,53e44d00839d9a9eaf0fffe4bb7cacc813bce841951c61f423a66536e48ec86b
l1a-gs-v2-087-8428d611f2,8428d611f20052772acbc056b86c87b803776df9358d1af1fd15a037eb7fcf7b,sweep_v2,SCREENING_L1A_FIELD_TEST_PARTICLE_WALL_LOSS,87,False,cell-03,2,exit_partial,exit_side,0.010229001902933497,0.014873752734206542,0.004644750831273045,0.01255137731857002,6.19987538082043e-05,0.010229001902933497,,0.9084932944792321,1.0,0.6916917558622531,0.10902654349821533,0.15762302004352272,False,False,False,0.5121104886844079,0.005112586806637374,0.5210087139023628,0.0021244214151760433,0.0005118888959678678,0.00036854322710952334,0.002347051202709277,1.2940602641784227,0.27268947713040226,0.10513077328526244,0.9587038136371211,0.0021244214151760433,0.020450347226549495,0.0016360277781239595,0.014873752734206542,4,0.005112586806637374,True,0.30920393161868664,0.005161416395670087,0.0034291755688473486,128,128,0.02913695627350843,False,0,0,128,128,0,0,0,1.0,0.9708630437264916,1.0,0.0,0.0,0.0,0.02913695627350843,0.0,0.005492143434474149,True,16,16,16,0.0,0,1.0,1.0,0.0,True,0.82421875,True,True,feb8c4ddbf9b03454a399e5eedcc7ac4ffa3996651a99a9327c4223bc9825762,53e44d00839d9a9eaf0fffe4bb7cacc813bce841951c61f423a66536e48ec86b
l1a-gs-v2-088-54d047707b,54d047707bac6d4275c4f66c614ad5cdc761da1de770416e54fd1c93c3fac5e9,sweep_v2,SCREENING_L1A_FIELD_TEST_PARTICLE_WALL_LOSS,88,False,cell-01,0,anode_partial,anode_side,0.0,0.000155888373903292,0.000155888373903292,7.7944186951646e-05,1.4091784432065636e-06,,0.000155888373903292,0.024694848352720167,1.055406959402748,3.4501792218948446,0.02927109135598481,0.008954002542932694,True,True,True,0.2621104886844079,0.0063125868066373735,0.5690087139023629,0.001438707129461757,0.0005482525323315041,0.000405821333618399,0.0024529335556504536,0.7730076325994752,0.0048633901738804755,0.13961353190595238,0.9909618781532501,0.001438707129461757,0.01893776041991212,0.0015150208335929696,0.01893776041991212,3,0.0063125868066373735,False,0.24386169825313203,0.00533436390711793,0.0020897327994835128,128,40,0.15861575303184153,True,384,117,512,157,133,222,0,0.306640625,0.26826359920760706,0.3478975359352265,0.259765625,0.43359375,0.0,0.07963393672761943,0.020377882852974438,0.02038486013440593,False,64,16,16,0.0,0,0.9886131325306386,0.4992897727272727,0.0,True,0.765625,True,True,cd257d13aed4d50edb2920e544e15cd79dec10f739f5007245b4e5776ee5547b,9f3466015b183c587bf922f907359f797c50e8dc6c2a8932af95098cf5e553bd
l1a-gs-v2-088-54d047707b,54d047707bac6d4275c4f66c614ad5cdc761da1de770416e54fd1c93c3fac5e9,sweep_v2,SCREENING_L1A_FIELD_TEST_PARTICLE_WALL_LOSS,88,False,cell-02,1,interior,interior,0.000155888373903292,0.006121485375894335,0.005965597001991043,0.0031386868748988135,5.392698945771705e-05,0.000155888373903292,0.006121485375894335,0.9450320739698205,1.0,0.19662215205470748,0.030892913526419985,0.15711817414054366,True,False,False,0.2621104886844079,0.0063125868066373735,0.5690087139023629,0.001438707129461757,0.0005482525323315041,0.000405821333618399,0.0024529335556504536,0.7730076325994752,0.0048633901738804755,0.13961353190595238,0.9909618781532501,0.001438707129461757,0.01893776041991212,0.0015150208335929696,0.01893776041991212,3,0.0063125868066373735,False,0.24386169825313203,0.00533436390711793,0.0020897327994835128,128,128,0.02913695627350843,False,0,0,128,128,0,0,0,1.0,0.9708630437264916,1.0,0.0,0.0,0.0,0.02913695627350843,0.0,0.005492143434474149,True,16,16,16,0.0,0,0.9886131325306386,0.4992897727272727,0.0,True,0.765625,True,True,cd257d13aed4d50edb2920e544e15cd79dec10f739f5007245b4e5776ee5547b,9f3466015b183c587bf922f907359f797c50e8dc6c2a8932af95098cf5e553bd
l1a-gs-v2-088-54d047707b,54d047707bac6d4275c4f66c614ad5cdc761da1de770416e54fd1c93c3fac5e9,sweep_v2,SCREENING_L1A_FIELD_TEST_PARTICLE_WALL_LOSS,88,False,cell-03,2,interior,interior,0.006121485375894335,0.01281761294029134,0.006696127564397005,0.009469549158092838,6.05307399162643e-05,0.006121485375894335,0.01281761294029134,1.0607580964045291,1.0026412240653284,0.2566363416190161,0.04883717122160638,0.19079979407675274,False,False,False,0.2621104886844079,0.0063125868066373735,0.5690087139023629,0.001438707129461757,0.0005482525323315041,0.000405821333618399,0.0024529335556504536,0.7730076325994752,0.0048633901738804755,0.13961353190595238,0.9909618781532501,0.001438707129461757,0.01893776041991212,0.0015150208335929696,0.01893776041991212,3,0.0063125868066373735,False,0.24386169825313203,0.00533436390711793,0.0020897327994835128,128,128,0.02913695627350843,False,0,0,128,128,0,0,0,1.0,0.9708630437264916,1.0,0.0,0.0,0.0,0.02913695627350843,0.0,0.005492143434474149,True,16,16,16,0.0,0,0.9886131325306386,0.4992897727272727,0.0,True,0.765625,True,True,cd257d13aed4d50edb2920e544e15cd79dec10f739f5007245b4e5776ee5547b,9f3466015b183c587bf922f907359f797c50e8dc6c2a8932af95098cf5e553bd
l1a-gs-v2-088-54d047707b,54d047707bac6d4275c4f66c614ad5cdc761da1de770416e54fd1c93c3fac5e9,sweep_v2,SCREENING_L1A_FIELD_TEST_PARTICLE_WALL_LOSS,88,False,cell-04,3,interior,interior,0.01281761294029134,0.01878042266986876,0.005962809729577419,0.01579901780508005,5.390179345302295e-05,0.01281761294029134,0.01878042266986876,0.9445905319365777,1.0,0.2005219104394341,0.03147969734482668,0.15698881621385136,True,False,False,0.2621104886844079,0.0063125868066373735,0.5690087139023629,0.001438707129461757,0.0005482525323315041,0.000405821333618399,0.0024529335556504536,0.7730076325994752,0.0048633901738804755,0.13961353190595238,0.9909618781532501,0.001438707129461757,0.01893776041991212,0.0015150208335929696,0.01893776041991212,3,0.0063125868066373735,False,0.24386169825313203,0.00533436390711793,0.0020897327994835128,128,128,0.02913695627350843,False,0,0,128,128,0,0,0,1.0,0.9708630437264916,1.0,0.0,0.0,0.0,0.02913695627350843,0.0,0.005492143434474149,True,16,16,16,0.0,0,0.9886131325306386,0.4992897727272727,0.0,True,0.765625,True,True,cd257d13aed4d50edb2920e544e15cd79dec10f739f5007245b4e5776ee5547b,9f3466015b183c587bf922f907359f797c50e8dc6c2a8932af95098cf5e553bd
l1a-gs-v2-088-54d047707b,54d047707bac6d4275c4f66c614ad5cdc761da1de770416e54fd1c93c3fac5e9,sweep_v2,SCREENING_L1A_FIELD_TEST_PARTICLE_WALL_LOSS,88,False,cell-05,4,exit_partial,exit_side,0.01878042266986876,0.01893776041991212,0.0001573377500433612,0.01885909154489044,1.4222803157936144e-06,0.01878042266986876,,0.02492444933635262,1.0686932544133614,3.5229853636017143,0.029456251562200473,0.008935517493221573,True,True,False,0.2621104886844079,0.0063125868066373735,0.5690087139023629,0.001438707129461757,0.0005482525323315041,0.000405821333618399,0.0024529335556504536,0.7730076325994752,0.0048633901738804755,0.13961353190595238,0.9909618781532501,0.001438707129461757,0.01893776041991212,0.0015150208335929696,0.01893776041991212,3,0.0063125868066373735,False,0.24386169825313203,0.00533436390711793,0.0020897327994835128,128,44,0.16240214547322596,True,384,118,512,162,137,213,0,0.31640625,0.27761627083576784,0.35793066556247816,0.267578125,0.416015625,0.0,0.08031439472671031,0.020553537891214276,0.020559774557276412,False,64,17,17,0.0,0,0.9886131325306386,0.4992897727272727,0.0,True,0.765625,True,True,cd257d13aed4d50edb2920e544e15cd79dec10f739f5007245b4e5776ee5547b,9f3466015b183c587bf922f907359f797c50e8dc6c2a8932af95098cf5e553bd
l1a-gs-v2-089-8275bc9272,8275bc92725e50696f393f613cd97cc2714e2778c279345d0c5024ea708a121d,sweep_v2,SCREENING_L1A_FIELD_TEST_PARTICLE_WALL_LOSS,89,False,cell-01,0,anode_partial,anode_side,0.0,0.00435600681759544,0.00435600681759544,0.00217800340879772,4.2504789883496885e-05,,0.00435600681759544,0.9653015009458373,1.473962951091285,0.6401297599215148,0.050042355560472526,0.11522754088251908,False,False,False,0.7621104886844079,0.004512586806637374,0.6170087139023628,0.0015529928437474716,0.0005846161686951406,0.00044043671823378364,0.00255881590859163,0.801955001020528,0.01703730321735879,0.17409629052664188,0.0232199426693791,0.0015529928437474716,0.02256293403318687,0.0018050347226549496,0.0221785224845902,5,0.004512586806637374,True,0.2379572893504473,0.00654887820673071,0.0020854427264018153,128,126,0.05088552696967308,False,0,0,128,126,0,2,0,0.984375,0.9448190233201829,0.9957045502898559,0.0,0.015625,0.0,0.05088552696967308,0.010961886875314282,0.012184860794534208,True,16,14,14,0.0,0,0.9605145958990753,0.896484375,0.0,True,0.59375,True,True,398f7e5e85c991a0887d155b80f3ca4d4b0659fdd2cbf17312df2cd9a2fa374f,028c5cd77dd8dea4a5b3fa9930a1aabc8a51237b931c257b95397dd2ccb419d0
l1a-gs-v2-089-8275bc9272,8275bc92725e50696f393f613cd97cc2714e2778c279345d0c5024ea708a121d,sweep_v2,SCREENING_L1A_FIELD_TEST_PARTICLE_WALL_LOSS,89,False,cell-02,1,interior,interior,0.00435600681759544,0.009099155776778264,0.004743148959182824,0.006727581297186852,4.6282422947969984e-05,0.00435600681759544,0.009099155776778264,1.0510931229525216,1.0041887484593255,0.5413198143256788,0.07345290234992224,0.13626062842971468,False,False,False,0.7621104886844079,0.004512586806637374,0.6170087139023628,0.0015529928437474716,0.0005846161686951406,0.00044043671823378364,0.00255881590859163,0.801955001020528,0.01703730321735879,0.17409629052664188,0.0232199426693791,0.0015529928437474716,0.02256293403318687,0.0018050347226549496,0.0221785224845902,5,0.004512586806637374,True,0.2379572893504473,0.00654887820673071,0.0020854427264018153,128,128,0.02913695627350843,False,0,0,128,128,0,0,0,1.0,0.9708630437264916,1.0,0.0,0.0,0.0,0.02913695627350843,0.0,0.005492143434474149,True,16,16,16,0.0,0,0.9605145958990753,0.896484375,0.0,True,0.59375,True,True,398f7e5e85c991a0887d155b80f3ca4d4b0659fdd2cbf17312df2cd9a2fa374f,028c5cd77dd8dea4a5b3fa9930a1aabc8a51237b931c257b95397dd2ccb419d0
l1a-gs-v2-089-8275bc9272,8275bc92725e50696f393f613cd97cc2714e2778c279345d0c5024ea708a121d,sweep_v2,SCREENING_L1A_FIELD_TEST_PARTICLE_WALL_LOSS,89,False,cell-03,2,interior,interior,0.009099155776778264,0.013459017972332584,0.00435986219555432,0.011279086874555425,4.25424096662304e-05,0.009099155776778264,0.013459017972332584,0.9661558618975666,1.0025984075295815,0.6344098829118506,0.07541519351751796,0.119183441117207,False,False,False,0.7621104886844079,0.004512586806637374,0.6170087139023628,0.0015529928437474716,0.0005846161686951406,0.00044043671823378364,0.00255881590859163,0.801955001020528,0.01703730321735879,0.17409629052664188,0.0232199426693791,0.0015529928437474716,0.02256293403318687,0.0018050347226549496,0.0221785224845902,5,0.004512586806637374,True,0.2379572893504473,0.00654887820673071,0.0020854427264018153,128,128,0.02913695627350843,False,0,0,128,128,0,0,0,1.0,0.9708630437264916,1.0,0.0,0.0,0.0,0.02913695627350843,0.0,0.005492143434474149,True,16,16,16,0.0,0,0.9605145958990753,0.896484375,0.0,True,0.59375,True,True,398f7e5e85c991a0887d155b80f3ca4d4b0659fdd2cbf17312df2cd9a2fa374f,028c5cd77dd8dea4a5b3fa9930a1aabc8a51237b931c257b95397dd2ccb419d0
l1a-gs-v2-089-8275bc9272,8275bc92725e50696f393f613cd97cc2714e2778c279345d0c5024ea708a121d,sweep_v2,SCREENING_L1A_FIELD_TEST_PARTICLE_WALL_LOSS,89,False,cell-04,3,interior,interior,0.013459017972332584,0.018202324005128983,0.0047433060327963985,0.015830670988730783,4.628395563173766e-05,0.013459017972332584,0.018202324005128983,1.0511279308399495,1.0,0.5443113321065126,0.07418388274919599,0.1362894328547241,False,False,False,0.7621104886844079,0.004512586806637374,0.6170087139023628,0.0015529928437474716,0.0005846161686951406,0.00044043671823378364,0.00255881590859163,0.801955001020528,0.01703730321735879,0.17409629052664188,0.0232199426693791,0.0015529928437474716,0.02256293403318687,0.0018050347226549496,0.0221785224845902,5,0.004512586806637374,True,0.2379572893504473,0.00654887820673071,0.0020854427264018153,128,128,0.02913695627350843,False,0,0,128,128,0,0,0,1.0,0.9708630437264916,1.0,0.0,0.0,0.0,0.02913695627350843,0.0,0.005492143434474149,True,16,16,16,0.0,0,0.9605145958990753,0.896484375,0.0,True,0.59375,True,True,398f7e5e85c991a0887d155b80f3ca4d4b0659fdd2cbf17312df2cd9a2fa374f,028c5cd77dd8dea4a5b3fa9930a1aabc8a51237b931c257b95397dd2ccb419d0
l1a-gs-v2-089-8275bc9272,8275bc92725e50696f393f613cd97cc2714e2778c279345d0c5024ea708a121d,sweep_v2,SCREENING_L1A_FIELD_TEST_PARTICLE_WALL_LOSS,89,False,cell-05,4,exit_partial,exit_side,0.018202324005128983,0.0221785224845902,0.0039761984794612175,0.02019042324485959,3.879871817966362e-05,0.018202324005128983,,0.8811350672773307,1.042810373965558,0.6443103544692713,0.0711384203698439,0.11513687811257113,False,False,False,0.7621104886844079,0.004512586806637374,0.6170087139023628,0.0015529928437474716,0.0005846161686951406,0.00044043671823378364,0.00255881590859163,0.801955001020528,0.01703730321735879,0.17409629052664188,0.0232199426693791,0.0015529928437474716,0.02256293403318687,0.0018050347226549496,0.0221785224845902,5,0.004512586806637374,True,0.2379572893504473,0.00654887820673071,0.0020854427264018153,128,101,0.14029362783566124,True,384,307,512,408,0,104,0,0.796875,0.7598748962512072,0.8294534619133311,0.0,0.203125,0.0,0.06957856566212395,0.017780411578157348,0.017799255207441782,True,64,56,56,0.0,0,0.9605145958990753,0.896484375,0.0,True,0.59375,True,True,398f7e5e85c991a0887d155b80f3ca4d4b0659fdd2cbf17312df2cd9a2fa374f,028c5cd77dd8dea4a5b3fa9930a1aabc8a51237b931c257b95397dd2ccb419d0
l1a-gs-v2-090-7ab4ba4fd8,7ab4ba4fd8a6672c32a82a2b641d03a943494d3c4d0590407ccca7e2731ce5c2,sweep_v2,SCREENING_L1A_FIELD_TEST_PARTICLE_WALL_LOSS,90,False,cell-01,0,anode_partial,anode_side,0.0,0.005245634876219335,0.005245634876219335,0.0026228174381096674,5.4952327477140936e-05,,0.005245634876219335,0.9691548724515036,1.5581034909420046,0.5853044394688345,0.05220559617902883,0.13897335500662059,False,False,False,0.855860488684408,0.0054125868066373746,0.6746087139023628,0.001667278558033186,0.0006209798050587768,0.00047505210284916826,0.0026646982615328063,0.8309023694415806,0.029211216260837045,0.20857904914733139,0.055478007185508105,0.001667278558033186,0.027062934033186867,0.0021650347226549495,0.02627239281449068,5,0.005412586806637374,True,0.23585229445873246,0.005378099390596024,0.001577683827674484,128,128,0.02913695627350843,False,0,0,128,128,0,0,0,1.0,0.9708630437264916,1.0,0.0,0.0,0.0,0.02913695627350843,0.0,0.005492143434474149,True,16,16,16,0.0,0,0.9526248667335573,0.8603515625,0.0,True,0.509765625,True,True,fb98bc7b0bd9bb369fc9f63af968266a19eb41b68d2fba2bf300d4c8476d0dbe,e79b783b756c316b6f75a32815e09556a66d94322e25e195c4d6789a79820eac
l1a-gs-v2-090-7ab4ba4fd8,7ab4ba4fd8a6672c32a82a2b641d03a943494d3c4d0590407ccca7e2731ce5c2,sweep_v2,SCREENING_L1A_FIELD_TEST_PARTICLE_WALL_LOSS,90,False,cell-02,1,interior,interior,0.005245634876219335,0.01089408462553491,0.0056484497493155756,0.008069859750877123,5.9172143636934603e-05,0.005245634876219335,0.01089408462553491,1.0435767501019968,1.0028215385912027,0.48899457535782104,0.08111285859249191,0.1663448343853952,False,False,False,0.855860488684408,0.0054125868066373746,0.6746087139023628,0.001667278558033186,0.0006209798050587768,0.00047505210284916826,0.0026646982615328063,0.8309023694415806,0.029211216260837045,0.20857904914733139,0.055478007185508105,0.001667278558033186,0.027062934033186867,0.0021650347226549495,0.02627239281449068,5,0.005412586806637374,True,0.23585229445873246,0.005378099390596024,0.001577683827674484,128,128,0.02913695627350843,False,0,0,128,128,0,0,0,1.0,0.9708630437264916,1.0,0.0,0.0,0.0,0.02913695627350843,0.0,0.005492143434474149,True,16,16,16,0.0,0,0.9526248667335573,0.8603515625,0.0,True,0.509765625,True,True,fb98bc7b0bd9bb369fc9f63af968266a19eb41b68d2fba2bf300d4c8476d0dbe,e79b783b756c316b6f75a32815e09556a66d94322e25e195c4d6789a79820eac
l1a-gs-v2-090-7ab4ba4fd8,7ab4ba4fd8a6672c32a82a2b641d03a943494d3c4d0590407ccca7e2731ce5c2,sweep_v2,SCREENING_L1A_FIELD_TEST_PARTICLE_WALL_LOSS,90,False,cell-03,2,interior,interior,0.01089408462553491,0.01616704526437747,0.005272960638842559,0.01353056494495619,5.523858725153764e-05,0.01089408462553491,0.01616704526437747,0.9742034312274506,1.001326364482769,0.560280503913675,0.08378886518584343,0.14974642018527975,False,False,False,0.855860488684408,0.0054125868066373746,0.6746087139023628,0.001667278558033186,0.0006209798050587768,0.00047505210284916826,0.0026646982615328063,0.8309023694415806,0.029211216260837045,0.20857904914733139,0.055478007185508105,0.001667278558033186,0.027062934033186867,0.0021650347226549495,0.02627239281449068,5,0.005412586806637374,True,0.23585229445873246,0.005378099390596024,0.001577683827674484,128,128,0.02913695627350843,False,0,0,128,128,0,0,0,1.0,0.9708630437264916,1.0,0.0,0.0,0.0,0.02913695627350843,0.0,0.005492143434474149,True,16,16,16,0.0,0,0.9526248667335573,0.8603515625,0.0,True,0.509765625,True,True,fb98bc7b0bd9bb369fc9f63af968266a19eb41b68d2fba2bf300d4c8476d0dbe,e79b783b756c316b6f75a32815e09556a66d94322e25e195c4d6789a79820eac
l1a-gs-v2-090-7ab4ba4fd8,7ab4ba4fd8a6672c32a82a2b641d03a943494d3c4d0590407ccca7e2731ce5c2,sweep_v2,SCREENING_L1A_FIELD_TEST_PARTICLE_WALL_LOSS,90,False,cell-04,3,interior,interior,0.01616704526437747,0.02181599454360122,0.005648949279223752,0.018991519903989347,5.9177376622406614e-05,0.01616704526437747,0.02181599454360122,1.0436690405217208,1.0,0.4907348130969799,0.08163934515193624,0.1663614297846901,False,False,False,0.855860488684408,0.0054125868066373746,0.6746087139023628,0.001667278558033186,0.0006209798050587768,0.00047505210284916826,0.0026646982615328063,0.8309023694415806,0.029211216260837045,0.20857904914733139,0.055478007185508105,0.001667278558033186,0.027062934033186867,0.0021650347226549495,0.02627239281449068,5,0.005412586806637374,True,0.23585229445873246,0.005378099390596024,0.001577683827674484,128,128,0.02913695627350843,False,0,0,128,128,0,0,0,1.0,0.9708630437264916,1.0,0.0,0.0,0.0,0.02913695627350843,0.0,0.005492143434474149,True,16,16,16,0.0,0,0.9526248667335573,0.8603515625,0.0,True,0.509765625,True,True,fb98bc7b0bd9bb369fc9f63af968266a19eb41b68d2fba2bf300d4c8476d0dbe,e79b783b756c316b6f75a32815e09556a66d94322e25e195c4d6789a79820eac
l1a-gs-v2-090-7ab4ba4fd8,7ab4ba4fd8a6672c32a82a2b641d03a943494d3c4d0590407ccca7e2731ce5c2,sweep_v2,SCREENING_L1A_FIELD_TEST_PARTICLE_WALL_LOSS,90,False,cell-05,4,exit_partial,exit_side,0.02181599454360122,0.02627239281449068,0.004456398270889457,0.02404419367904595,4.6684426752740414e-05,0.02181599454360122,,0.8233398243931428,1.0005894259002834,0.5881899877676396,0.08159125315409063,0.13879757705802245,False,False,False,0.855860488684408,0.0054125868066373746,0.6746087139023628,0.001667278558033186,0.0006209798050587768,0.00047505210284916826,0.0026646982615328063,0.8309023694415806,0.029211216260837045,0.20857904914733139,0.055478007185508105,0.001667278558033186,0.027062934033186867,0.0021650347226549495,0.02627239281449068,5,0.005412586806637374,True,0.23585229445873246,0.005378099390596024,0.001577683827674484,128,90,0.1564235668147793,True,384,279,512,369,0,143,0,0.720703125,0.6803077278941309,0.7578113804781904,0.0,0.279296875,0.0,0.07750365258405956,0.019827879018137054,0.019837220754101118,True,64,47,47,0.0,0,0.9526248667335573,0.8603515625,0.0,True,0.509765625,True,True,fb98bc7b0bd9bb369fc9f63af968266a19eb41b68d2fba2bf300d4c8476d0dbe,e79b783b756c316b6f75a32815e09556a66d94322e25e195c4d6789a79820eac
l1a-gs-v2-091-1aab0b78cb,1aab0b78cb98164d47653d1356ef3f235665506269ec28bcade348e3ae485701,sweep_v2,SCREENING_L1A_FIELD_TEST_PARTICLE_WALL_LOSS,91,False,cell-01,0,anode_partial,anode_side,0.0,0.0053182663012822946,0.0053182663012822946,0.0026591331506411473,5.95321329578271e-05,,0.0053182663012822946,0.9745713477869464,1.6504036891661626,0.544000849892091,0.036434364552152605,0.11053550684934647,False,False,False,0.3558604886844079,0.005457031251081819,0.4826087139023628,0.0017815642723189,0.0006573434414224133,0.0005096674874645529,0.0027705806144739833,0.8598497378626332,0.0413851293043153,0.24306180776802133,0.08773607170163711,0.0017815642723189,0.021828125004327275,0.001746250000346182,0.020924765228552432,4,0.005457031251081819,True,0.198122409501569,0.0051193317075248325,0.0031370233489129225,128,128,0.02913695627350843,False,0,0,128,128,0,0,0,1.0,0.9708630437264916,1.0,0.0,0.0,0.0,0.02913695627350843,0.0,0.005492143434474149,True,16,16,16,0.0,0,0.9411750125907723,0.8404017857142857,0.0,True,0.869140625,True,True,a694f66f257c47f0b1bdb871d001fd58327d1bf552ced5efb591fcb1be280417,a9b4aa1d4aa827deb43b2d601970f95dfda6b211a3eb2ea6ef721b6e365dfb84
l1a-gs-v2-091-1aab0b78cb,1aab0b78cb98164d47653d1356ef3f235665506269ec28bcade348e3ae485701,sweep_v2,SCREENING_L1A_FIELD_TEST_PARTICLE_WALL_LOSS,91,False,cell-02,1,interior,interior,0.0053182663012822946,0.010918411011669939,0.005600144710387644,0.008118338656476116,6.268745124731449e-05,0.0053182663012822946,0.010918411011669939,1.0262255158017382,1.0,0.4776248999343054,0.060131409669297524,0.12589672288351855,False,False,False,0.3558604886844079,0.005457031251081819,0.4826087139023628,0.0017815642723189,0.0006573434414224133,0.0005096674874645529,0.0027705806144739833,0.8598497378626332,0.0413851293043153,0.24306180776802133,0.08773607170163711,0.0017815642723189,0.021828125004327275,0.001746250000346182,0.020924765228552432,4,0.005457031251081819,True,0.198122409501569,0.0051193317075248325,0.0031370233489129225,128,128,0.02913695627350843,False,0,0,128,128,0,0,0,1.0,0.9708630437264916,1.0,0.0,0.0,0.0,0.02913695627350843,0.0,0.005492143434474149,True,16,16,16,0.0,0,0.9411750125907723,0.8404017857142857,0.0,True,0.869140625,True,True,a694f66f257c47f0b1bdb871d001fd58327d1bf552ced5efb591fcb1be280417,a9b4aa1d4aa827deb43b2d601970f95dfda6b211a3eb2ea6ef721b6e365dfb84
l1a-gs-v2-091-1aab0b78cb,1aab0b78cb98164d47653d1356ef3f235665506269ec28bcade348e3ae485701,sweep_v2,SCREENING_L1A_FIELD_TEST_PARTICLE_WALL_LOSS,91,False,cell-03,2,interior,interior,0.010918411011669939,0.01651763016443601,0.00559921915276607,0.013718020588052974,6.267709064928004e-05,0.010918411011669939,0.01651763016443601,1.0260559075332514,1.0,0.4775884246157077,0.060231880851524804,0.12611671001027816,False,False,False,0.3558604886844079,0.005457031251081819,0.4826087139023628,0.0017815642723189,0.0006573434414224133,0.0005096674874645529,0.0027705806144739833,0.8598497378626332,0.0413851293043153,0.24306180776802133,0.08773607170163711,0.0017815642723189,0.021828125004327275,0.001746250000346182,0.020924765228552432,4,0.005457031251081819,True,0.198122409501569,0.0051193317075248325,0.0031370233489129225,128,128,0.02913695627350843,False,0,0,128,128,0,0,0,1.0,0.9708630437264916,1.0,0.0,0.0,0.0,0.02913695627350843,0.0,0.005492143434474149,True,16,16,16,0.0,0,0.9411750125907723,0.8404017857142857,0.0,True,0.869140625,True,True,a694f66f257c47f0b1bdb871d001fd58327d1bf552ced5efb591fcb1be280417,a9b4aa1d4aa827deb43b2d601970f95dfda6b211a3eb2ea6ef721b6e365dfb84
l1a-gs-v2-091-1aab0b78cb,1aab0b78cb98164d47653d1356ef3f235665506269ec28bcade348e3ae485701,sweep_v2,SCREENING_L1A_FIELD_TEST_PARTICLE_WALL_LOSS,91,False,cell-04,3,exit_partial,exit_side,0.01651763016443601,0.020924765228552432,0.0044071350641164235,0.01872119769649422,4.9333022405595097e-05,0.01651763016443601,,0.8076067116608027,1.0,0.5440902030825263,0.060231880851524804,0.1107020132145055,False,False,False,0.3558604886844079,0.005457031251081819,0.4826087139023628,0.0017815642723189,0.0006573434414224133,0.0005096674874645529,0.0027705806144739833,0.8598497378626332,0.0413851293043153,0.24306180776802133,0.08773607170163711,0.0017815642723189,0.021828125004327275,0.001746250000346182,0.020924765228552432,4,0.005457031251081819,True,0.198122409501569,0.0051193317075248325,0.0031370233489129225,128,93,0.15273768770227325,True,384,276,512,369,0,143,0,0.720703125,0.6803077278941309,0.7578113804781904,0.0,0.279296875,0.0,0.07750365258405956,0.019827879018137054,0.019837220754101118,True,64,40,40,0.0,0,0.9411750125907723,0.8404017857142857,0.0,True,0.869140625,True,True,a694f66f257c47f0b1bdb871d001fd58327d1bf552ced5efb591fcb1be280417,a9b4aa1d4aa827deb43b2d601970f95dfda6b211a3eb2ea6ef721b6e365dfb84
l1a-gs-v2-092-d532fb20ca,d532fb20ca093c775bb0226b978824278c94c0a2acecddc8e478141175c3de9e,sweep_v2,SCREENING_L1A_FIELD_TEST_PARTICLE_WALL_LOSS,92,False,cell-01,0,anode_partial,anode_side,0.0,0.0061274217651819795,0.0061274217651819795,0.0030637108825909897,7.298970579087616e-05,,0.0061274217651819795,0.9638810197982329,1.8242814730190862,0.5139106263648876,0.03597605508117341,0.12770790754246783,False,False,False,0.1058604886844079,0.0063570312510818185,0.5306087139023629,0.0018958499866046144,0.0006937070777860496,0.0005442828720799374,0.002876462967415159,0.8887971062836859,0.05355904234779355,0.27754456638871083,0.11999413621776611,0.0018958499866046144,0.019071093753245456,0.0015256875002596366,0.018049664235296643,3,0.0063570312510818185,True,0.23818328047861836,0.003906926670362752,0.005792006740635631,128,128,0.02913695627350843,False,0,0,128,128,0,0,0,1.0,0.9708630437264916,1.0,0.0,0.0,0.0,0.02913695627350843,0.0,0.005492143434474149,True,16,16,16,0.0,0,0.9404363377386467,0.859375,-0.010416666666666666,True,0.82421875,True,True,a0db568fbd466709b77080568980b25731275539f89f57dfce9ff89ce46bb45f,0d0896cb1207e00fa34ca813eef5dfb34589ce4e034c653122a7a376389b455b
l1a-gs-v2-092-d532fb20ca,d532fb20ca093c775bb0226b978824278c94c0a2acecddc8e478141175c3de9e,sweep_v2,SCREENING_L1A_FIELD_TEST_PARTICLE_WALL_LOSS,92,False,cell-02,1,interior,interior,0.0061274217651819795,0.012952874406830689,0.006825452641648709,0.009540148086006334,8.130463338338551e-05,0.0061274217651819795,0.012952874406830689,1.073685557309031,1.0000383839295548,0.41049523807068494,0.06559932533660309,0.15981145994485174,False,False,False,0.1058604886844079,0.0063570312510818185,0.5306087139023629,0.0018958499866046144,0.0006937070777860496,0.0005442828720799374,0.002876462967415159,0.8887971062836859,0.05355904234779355,0.27754456638871083,0.11999413621776611,0.0018958499866046144,0.019071093753245456,0.0015256875002596366,0.018049664235296643,3,0.0063570312510818185,True,0.23818328047861836,0.003906926670362752,0.005792006740635631,128,128,0.02913695627350843,False,0,0,128,128,0,0,0,1.0,0.9708630437264916,1.0,0.0,0.0,0.0,0.02913695627350843,0.0,0.005492143434474149,True,16,16,16,0.0,0,0.9404363377386467,0.859375,-0.010416666666666666,True,0.82421875,True,True,a0db568fbd466709b77080568980b25731275539f89f57dfce9ff89ce46bb45f,0d0896cb1207e00fa34ca813eef5dfb34589ce4e034c653122a7a376389b455b
l1a-gs-v2-092-d532fb20ca,d532fb20ca093c775bb0226b978824278c94c0a2acecddc8e478141175c3de9e,sweep_v2,SCREENING_L1A_FIELD_TEST_PARTICLE_WALL_LOSS,92,False,cell-03,2,exit_partial,exit_side,0.012952874406830689,0.018049664235296643,0.005096789828465955,0.015501269321063667,6.071284209152391e-05,0.012952874406830689,,0.8017562958493558,1.0,0.5151582944412969,0.06560184329648565,0.12734307882518445,False,False,False,0.1058604886844079,0.0063570312510818185,0.5306087139023629,0.0018958499866046144,0.0006937070777860496,0.0005442828720799374,0.002876462967415159,0.8887971062836859,0.05355904234779355,0.27754456638871083,0.11999413621776611,0.0018958499866046144,0.019071093753245456,0.0015256875002596366,0.018049664235296643,3,0.0063570312510818185,True,0.23818328047861836,0.003906926670362752,0.005792006740635631,128,100,0.14207905600508242,True,384,304,512,404,0,108,0,0.7890625,0.7516376331702338,0.8221820839899746,0.0,0.2109375,0.0,0.07054445081974081,0.018030078552379643,0.018047696809059967,True,64,52,51,-0.015625,1,0.9404363377386467,0.859375,-0.010416666666666666,True,0.82421875,True,True,a0db568fbd466709b77080568980b25731275539f89f57dfce9ff89ce46bb45f,0d0896cb1207e00fa34ca813eef5dfb34589ce4e034c653122a7a376389b455b
l1a-gs-v2-093-27025a655c,27025a655c6c9825fe72df1a3d7208930579f94de2bf79dd95cf07e304f287fd,sweep_v2,SCREENING_L1A_FIELD_TEST_PARTICLE_WALL_LOSS,93,False,cell-01,0,anode_partial,anode_side,0.0,0.004445608463857861,0.004445608463857861,0.0022228042319289306,5.614827985720263e-05,,0.004445608463857861,0.9755492597955071,1.2395376530909508,0.7980876502331079,0.06302265995044871,0.09788268241428247,False,False,False,0.6058604886844079,0.004557031251081818,0.5786087139023628,0.0020101357008903285,0.000730070714149686,0.0005788982566953221,0.002982345320356336,0.9177444747047385,0.0657329553912718,0.31202732500940034,0.15225220073389512,0.0020101357008903285,0.018228125004327272,0.0014582500003461818,0.0170299364765513,4,0.004557031251081818,True,0.2021985808194255,0.005876660065601444,0.004508116026096562,128,104,0.13448776374340587,True,384,310,512,414,0,98,0,0.80859375,0.7722684811774388,0.8403228384935945,0.0,0.19140625,0.0,0.06805435731615561,0.017386343950882645,0.017407164644848767,True,64,51,51,0.0,0,0.8548504024931698,0.7234375,0.0,True,0.75,True,True,091c68a69060085f3e7530ec3406ce15ae6df1356dea37bdd7c26c61795afef3,d6f1db4efef7a03879ec87f69e048337b3a91da3c860206af3de14c3ff12ec28
l1a-gs-v2-093-27025a655c,27025a655c6c9825fe72df1a3d7208930579f94de2bf79dd95cf07e304f287fd,sweep_v2,SCREENING_L1A_FIELD_TEST_PARTICLE_WALL_LOSS,93,False,cell-02,1,interior,interior,0.004445608463857861,0.009116648285207656,0.004671039821349795,0.006781128374532758,5.899549032388013e-05,0.004445608463857861,0.009116648285207656,1.0250181673081376,1.0,0.7934717816020459,0.07811896000652825,0.0984520959885977,False,False,False,0.6058604886844079,0.004557031251081818,0.5786087139023628,0.0020101357008903285,0.000730070714149686,0.0005788982566953221,0.002982345320356336,0.9177444747047385,0.0657329553912718,0.31202732500940034,0.15225220073389512,0.0020101357008903285,0.018228125004327272,0.0014582500003461818,0.0170299364765513,4,0.004557031251081818,True,0.2021985808194255,0.005876660065601444,0.004508116026096562,128,128,0.02913695627350843,False,0,0,128,128,0,0,0,1.0,0.9708630437264916,1.0,0.0,0.0,0.0,0.02913695627350843,0.0,0.005492143434474149,True,16,16,16,0.0,0,0.8548504024931698,0.7234375,0.0,True,0.75,True,True,091c68a69060085f3e7530ec3406ce15ae6df1356dea37bdd7c26c61795afef3,d6f1db4efef7a03879ec87f69e048337b3a91da3c860206af3de14c3ff12ec28
l1a-gs-v2-093-27025a655c,27025a655c6c9825fe72df1a3d7208930579f94de2bf79dd95cf07e304f287fd,sweep_v2,SCREENING_L1A_FIELD_TEST_PARTICLE_WALL_LOSS,93,False,cell-03,2,interior,interior,0.009116648285207656,0.013787994116345272,0.004671345831137616,0.011452321200776463,5.8999355244361836e-05,0.009116648285207656,0.013787994116345272,1.0250853184359137,1.0,0.7995018017170531,0.07887919931178394,0.09866043971680705,False,False,False,0.6058604886844079,0.004557031251081818,0.5786087139023628,0.0020101357008903285,0.000730070714149686,0.0005788982566953221,0.002982345320356336,0.9177444747047385,0.0657329553912718,0.31202732500940034,0.15225220073389512,0.0020101357008903285,0.018228125004327272,0.0014582500003461818,0.0170299364765513,4,0.004557031251081818,True,0.2021985808194255,0.005876660065601444,0.004508116026096562,128,128,0.02913695627350843,False,0,0,128,128,0,0,0,1.0,0.9708630437264916,1.0,0.0,0.0,0.0,0.02913695627350843,0.0,0.005492143434474149,True,16,16,16,0.0,0,0.8548504024931698,0.7234375,0.0,True,0.75,True,True,091c68a69060085f3e7530ec3406ce15ae6df1356dea37bdd7c26c61795afef3,d6f1db4efef7a03879ec87f69e048337b3a91da3c860206af3de14c3ff12ec28
l1a-gs-v2-093-27025a655c,27025a655c6c9825fe72df1a3d7208930579f94de2bf79dd95cf07e304f287fd,sweep_v2,SCREENING_L1A_FIELD_TEST_PARTICLE_WALL_LOSS,93,False,cell-04,3,exit_partial,exit_side,0.013787994116345272,0.0170299364765513,0.0032419423602060293,0.015408965296448286,4.0945910644547523e-05,0.013787994116345272,,0.7114154328953542,1.0082080546710819,0.8055570501447618,0.07823702552893957,0.09791882436831637,False,False,False,0.6058604886844079,0.004557031251081818,0.5786087139023628,0.0020101357008903285,0.000730070714149686,0.0005788982566953221,0.002982345320356336,0.9177444747047385,0.0657329553912718,0.31202732500940034,0.15225220073389512,0.0020101357008903285,0.018228125004327272,0.0014582500003461818,0.0170299364765513,4,0.004557031251081818,True,0.2021985808194255,0.005876660065601444,0.004508116026096562,128,64,0.17069550747898554,True,384,192,512,256,0,256,0,0.5,0.45685206921855137,0.5431479307814486,0.0,0.5,0.0,0.08629586156289726,0.02209708691207961,0.02209708691207961,False,64,33,33,0.0,0,0.8548504024931698,0.7234375,0.0,True,0.75,True,True,091c68a69060085f3e7530ec3406ce15ae6df1356dea37bdd7c26c61795afef3,d6f1db4efef7a03879ec87f69e048337b3a91da3c860206af3de14c3ff12ec28
l1a-gs-v2-094-ba60c4fe8b,ba60c4fe8bae502f2f36942acd56a6c0d12c073f3a6947730014cc7c8a45daad,sweep_v2,SCREENING_L1A_FIELD_TEST_PARTICLE_WALL_LOSS,94,False,cell-01,0,anode_partial,anode_side,0.0,0.0055613405573824454,0.0055613405573824454,0.0027806702786912227,7.480401263548203e-05,,0.0055613405573824454,0.9660084016979062,1.4237554665979217,0.706197456486172,0.06253621892074884,0.1260784540230413,False,False,False,0.980860488684408,0.005757031251081819,0.6266087139023628,0.002140747945788288,0.0007664343505133222,0.0006135136413107068,0.003088227673297512,0.9466918431257911,0.07790686843475013,0.3465100836300903,0.18451026525002434,0.002140747945788288,0.028785156255409092,0.0023028125004327274,0.02654259487414521,5,0.005757031251081819,True,0.22286859213923746,0.004409501022133035,0.0016042536371495878,128,126,0.05088552696967308,False,0,0,128,126,0,2,0,0.984375,0.9448190233201829,0.9957045502898559,0.0,0.015625,0.0,0.05088552696967308,0.010961886875314282,0.012184860794534208,True,16,14,14,0.0,0,0.9342640468816127,0.748046875,0.0,True,0.37890625,True,True,7a10a42ac9c1332d408b22b2bbe48fa7608ef3f96a609920ed0ac21f45604053,76dfafdd51dd762b9dc30c04d2911a1d8e3eb09094c69a040e94edd858e724bd
l1a-gs-v2-094-ba60c4fe8b,ba60c4fe8bae502f2f36942acd56a6c0d12c073f3a6947730014cc7c8a45daad,sweep_v2,SCREENING_L1A_FIELD_TEST_PARTICLE_WALL_LOSS,94,False,cell-02,1,interior,interior,0.0055613405573824454,0.01161362158462135,0.006052281027238905,0.008587481071001898,8.140751348774725e-05,0.0055613405573824454,0.01161362158462135,1.0512850744212314,1.0,0.6096258414719166,0.08903628354878056,0.1460507043694311,False,False,False,0.980860488684408,0.005757031251081819,0.6266087139023628,0.002140747945788288,0.0007664343505133222,0.0006135136413107068,0.003088227673297512,0.9466918431257911,0.07790686843475013,0.3465100836300903,0.18451026525002434,0.002140747945788288,0.028785156255409092,0.0023028125004327274,0.02654259487414521,5,0.005757031251081819,True,0.22286859213923746,0.004409501022133035,0.0016042536371495878,128,128,0.02913695627350843,False,0,0,128,128,0,0,0,1.0,0.9708630437264916,1.0,0.0,0.0,0.0,0.02913695627350843,0.0,0.005492143434474149,True,16,16,16,0.0,0,0.9342640468816127,0.748046875,0.0,True,0.37890625,True,True,7a10a42ac9c1332d408b22b2bbe48fa7608ef3f96a609920ed0ac21f45604053,76dfafdd51dd762b9dc30c04d2911a1d8e3eb09094c69a040e94edd858e724bd
l1a-gs-v2-094-ba60c4fe8b,ba60c4fe8bae502f2f36942acd56a6c0d12c073f3a6947730014cc7c8a45daad,sweep_v2,SCREENING_L1A_FIELD_TEST_PARTICLE_WALL_LOSS,94,False,cell-03,2,interior,interior,0.01161362158462135,0.017169568796321512,0.005555947211700161,0.01439159519047143,7.473146827420756e-05,0.01161362158462135,0.017169568796321512,0.9650715741131558,1.0014342398150045,0.7168317872416989,0.09028805063815665,0.1261349551798187,False,False,False,0.980860488684408,0.005757031251081819,0.6266087139023628,0.002140747945788288,0.0007664343505133222,0.0006135136413107068,0.003088227673297512,0.9466918431257911,0.07790686843475013,0.3465100836300903,0.18451026525002434,0.002140747945788288,0.028785156255409092,0.0023028125004327274,0.02654259487414521,5,0.005757031251081819,True,0.22286859213923746,0.004409501022133035,0.0016042536371495878,128,128,0.02913695627350843,False,0,0,128,128,0,0,0,1.0,0.9708630437264916,1.0,0.0,0.0,0.0,0.02913695627350843,0.0,0.005492143434474149,True,16,16,16,0.0,0,0.9342640468816127,0.748046875,0.0,True,0.37890625,True,True,7a10a42ac9c1332d408b22b2bbe48fa7608ef3f96a609920ed0ac21f45604053,76dfafdd51dd762b9dc30c04d2911a1d8e3eb09094c69a040e94edd858e724bd
l1a-gs-v2-094-ba60c4fe8b,ba60c4fe8bae502f2f36942acd56a6c0d12c073f3a6947730014cc7c8a45daad,sweep_v2,SCREENING_L1A_FIELD_TEST_PARTICLE_WALL_LOSS,94,False,cell-04,3,interior,interior,0.017169568796321512,0.023226781221989103,0.006057212425667591,0.020198175009155307,8.147384432768841e-05,0.017169568796321512,0.023226781221989103,1.0521416614734138,1.0,0.6092202168574876,0.08884215256529579,0.14582929145648865,False,False,False,0.980860488684408,0.005757031251081819,0.6266087139023628,0.002140747945788288,0.0007664343505133222,0.0006135136413107068,0.003088227673297512,0.9466918431257911,0.07790686843475013,0.3465100836300903,0.18451026525002434,0.002140747945788288,0.028785156255409092,0.0023028125004327274,0.02654259487414521,5,0.005757031251081819,True,0.22286859213923746,0.004409501022133035,0.0016042536371495878,128,128,0.02913695627350843,False,0,0,128,128,0,0,0,1.0,0.9708630437264916,1.0,0.0,0.0,0.0,0.02913695627350843,0.0,0.005492143434474149,True,16,16,16,0.0,0,0.9342640468816127,0.748046875,0.0,True,0.37890625,True,True,7a10a42ac9c1332d408b22b2bbe48fa7608ef3f96a609920ed0ac21f45604053,76dfafdd51dd762b9dc30c04d2911a1d8e3eb09094c69a040e94edd858e724bd
l1a-gs-v2-094-ba60c4fe8b,ba60c4fe8bae502f2f36942acd56a6c0d12c073f3a6947730014cc7c8a45daad,sweep_v2,SCREENING_L1A_FIELD_TEST_PARTICLE_WALL_LOSS,94,False,cell-05,4,exit_partial,exit_side,0.023226781221989103,0.02654259487414521,0.0033158136521561077,0.024884688048067156,4.4600067874558004e-05,0.023226781221989103,,0.5759589461205417,1.0029521091311238,0.706429318222604,0.08858065281129067,0.12576226704297203,False,False,False,0.980860488684408,0.005757031251081819,0.6266087139023628,0.002140747945788288,0.0007664343505133222,0.0006135136413107068,0.003088227673297512,0.9466918431257911,0.07790686843475013,0.3465100836300903,0.18451026525002434,0.002140747945788288,0.028785156255409092,0.0023028125004327274,0.02654259487414521,5,0.005757031251081819,True,0.22286859213923746,0.004409501022133035,0.0016042536371495878,128,64,0.17069550747898554,True,384,192,512,256,97,159,0,0.5,0.45685206921855137,0.5431479307814486,0.189453125,0.310546875,0.0,0.08629586156289726,0.02209708691207961,0.02209708691207961,False,64,34,34,0.0,0,0.9342640468816127,0.748046875,0.0,True,0.37890625,True,True,7a10a42ac9c1332d408b22b2bbe48fa7608ef3f96a609920ed0ac21f45604053,76dfafdd51dd762b9dc30c04d2911a1d8e3eb09094c69a040e94edd858e724bd
l1a-gs-v2-095-27f6ceb96c,27f6ceb96c3298f87b810da4f8c2da741265b74bbf91892d5e33f2e1344de522,sweep_v2,SCREENING_L1A_FIELD_TEST_PARTICLE_WALL_LOSS,95,False,cell-01,0,anode_partial,anode_side,0.0,0.0038603561580303897,0.0038603561580303897,0.0019301780790151948,3.529232608606426e-05,,0.0038603561580303897,0.9755687820193488,1.0,0.6145670391640692,0.08165793158101343,0.13287066565119424,False,False,False,0.4808604886844079,0.003957031251081818,0.6842087139023628,0.001455033660074002,0.0008027979868769587,0.0006481290259260914,0.003200338399941111,0.9756392115468437,0.09008078147822832,0.3809928422507798,0.21676832976615334,0.001455033660074002,0.015828125004327273,0.0012662500003461819,0.014402315134602387,4,0.003957031251081818,True,0.21036132113727365,0.008288477698768781,0.002979365097190923,128,96,0.14854278090958317,True,384,283,512,379,0,133,0,0.740234375,0.7005618428507421,0.7763288680324041,0.0,0.259765625,0.0,0.075767025181662,0.019379407012319532,0.019390730810753987,True,64,48,48,0.0,0,0.8458945390834814,0.69609375,0.0,True,0.75,True,True,9a404edbf9dc8096d7793238a9f6a6a3542782efe2a4bf6fe9f31e66893b14a2,daa77c3d74ae439e0e503fb21905ac7ce1ee529f0b37b224bdd7c974447d72c2
l1a-gs-v2-095-27f6ceb96c,27f6ceb96c3298f87b810da4f8c2da741265b74bbf91892d5e33f2e1344de522,sweep_v2,SCREENING_L1A_FIELD_TEST_PARTICLE_WALL_LOSS,95,False,cell-02,1,interior,interior,0.0038603561580303897,0.00791227996120128,0.00405192380317089,0.005886318059615835,3.704368464550025e-05,0.0038603561580303897,0.00791227996120128,1.0239807436605735,1.0092033957352444,0.6463862457778804,0.08091325487616143,0.1263299337112965,False,False,False,0.4808604886844079,0.003957031251081818,0.6842087139023628,0.001455033660074002,0.0008027979868769587,0.0006481290259260914,0.003200338399941111,0.9756392115468437,0.09008078147822832,0.3809928422507798,0.21676832976615334,0.001455033660074002,0.015828125004327273,0.0012662500003461819,0.014402315134602387,4,0.003957031251081818,True,0.21036132113727365,0.008288477698768781,0.002979365097190923,128,128,0.02913695627350843,False,0,0,128,128,0,0,0,1.0,0.9708630437264916,1.0,0.0,0.0,0.0,0.02913695627350843,0.0,0.005492143434474149,True,16,16,16,0.0,0,0.8458945390834814,0.69609375,0.0,True,0.75,True,True,9a404edbf9dc8096d7793238a9f6a6a3542782efe2a4bf6fe9f31e66893b14a2,daa77c3d74ae439e0e503fb21905ac7ce1ee529f0b37b224bdd7c974447d72c2
l1a-gs-v2-095-27f6ceb96c,27f6ceb96c3298f87b810da4f8c2da741265b74bbf91892d5e33f2e1344de522,sweep_v2,SCREENING_L1A_FIELD_TEST_PARTICLE_WALL_LOSS,95,False,cell-03,2,interior,interior,0.00791227996120128,0.011968939970663407,0.004056660009462127,0.009940609965932344,3.7086984209063454e-05,0.00791227996120128,0.011968939970663407,1.0251776526538858,1.0,0.6464059638618771,0.081410231920884,0.12594288492406236,False,False,False,0.4808604886844079,0.003957031251081818,0.6842087139023628,0.001455033660074002,0.0008027979868769587,0.0006481290259260914,0.003200338399941111,0.9756392115468437,0.09008078147822832,0.3809928422507798,0.21676832976615334,0.001455033660074002,0.015828125004327273,0.0012662500003461819,0.014402315134602387,4,0.003957031251081818,True,0.21036132113727365,0.008288477698768781,0.002979365097190923,128,128,0.02913695627350843,False,0,0,128,128,0,0,0,1.0,0.9708630437264916,1.0,0.0,0.0,0.0,0.02913695627350843,0.0,0.005492143434474149,True,16,16,16,0.0,0,0.8458945390834814,0.69609375,0.0,True,0.75,True,True,9a404edbf9dc8096d7793238a9f6a6a3542782efe2a4bf6fe9f31e66893b14a2,daa77c3d74ae439e0e503fb21905ac7ce1ee529f0b37b224bdd7c974447d72c2
l1a-gs-v2-095-27f6ceb96c,27f6ceb96c3298f87b810da4f8c2da741265b74bbf91892d5e33f2e1344de522,sweep_v2,SCREENING_L1A_FIELD_TEST_PARTICLE_WALL_LOSS,95,False,cell-04,3,exit_partial,exit_side,0.011968939970663407,0.014402315134602387,0.0024333751639389802,0.013185627552632896,2.2246514637468457e-05,0.011968939970663407,,0.6149496957532787,1.010993876319852,0.6178821723133743,0.08052495057361547,0.13175688758923243,False,False,False,0.4808604886844079,0.003957031251081818,0.6842087139023628,0.001455033660074002,0.0008027979868769587,0.0006481290259260914,0.003200338399941111,0.9756392115468437,0.09008078147822832,0.3809928422507798,0.21676832976615334,0.001455033660074002,0.015828125004327273,0.0012662500003461819,0.014402315134602387,4,0.003957031251081818,True,0.21036132113727365,0.008288477698768781,0.002979365097190923,128,64,0.17069550747898554,True,384,192,512,256,120,136,0,0.5,0.45685206921855137,0.5431479307814486,0.234375,0.265625,0.0,0.08629586156289726,0.02209708691207961,0.02209708691207961,False,64,31,31,0.0,0,0.8458945390834814,0.69609375,0.0,True,0.75,True,True,9a404edbf9dc8096d7793238a9f6a6a3542782efe2a4bf6fe9f31e66893b14a2,daa77c3d74ae439e0e503fb21905ac7ce1ee529f0b37b224bdd7c974447d72c2
