set_id,design_id,label,inside_sweep_v2_box,stage_count,stage_pitch_m,wall_radius_m,wall_radius_over_pitch,x_w,i1_x_w,predicted_hemp_like_i1,magnet_inner_radius_m,magnet_radial_thickness_m,magnet_axial_fraction,source_strength_scale,exit_length_m,axis_null_count,wall_cusp_count,cell_count,four_wall_cusps,min_rho_conservative,max_rho_conservative,rho_conservative_per_cusp,rho_downstream_per_cusp,rho_wall_per_cusp,hemp_like_all_cusps,five_stage_four_cusp_hemp_like,wall_b3_over_b1,wall_b5_over_b1,angle_to_wall_normal_deg_max,stable,max_wall_intersection_shift_m,rho_resolution_sensitivity_max,v2_gates_passed,boundary_to_peak_ratio,topology_confidence,relative_residual_l2,centreline_abs_bz_peak_t,field_peak_t
sobol_v3,l1a-gs-v3-000-78dcc2bb4c,SCREENING_L1A_FIELD_SEPARATRIX_CUSP_TOPOLOGY,False,3,0.0035461824199956027,0.0030888981118550873,0.8710488480338576,2.736480661901019,3.1171312793288917,True,0.005545117431211111,0.003694837049394846,0.6284355281665921,0.9101228712475858,0.001010983579157505,2,2,3,False,1.512606292621774,1.525112506474769,1.512606292621774;1.525112506474769,2.7839823597359756;1.525112506474769,0.7726646824863795;0.7756637393251495,True,False,0.07805884568108112,0.04592712773765281,2.310408039147588,True,2.4697380011083105e-06,0.0020610625070231433,True,0.008704480212706745,0.9118702664955384,9.681217464409483e-11,0.03735609888863242,0.440937580405864
sobol_v3,l1a-gs-v3-001-5ec0e3ac02,SCREENING_L1A_FIELD_SEPARATRIX_CUSP_TOPOLOGY,False,4,0.00578014033180807,0.0014871250068608788,0.2572818169616472,0.8082746660689447,0.4380513141746175,False,0.0035801177655230276,0.0032064404516480866,0.5499210966937244,1.2690830378094689,0.003951840840068465,5,3,4,False,0.3841416109445065,0.40624985130819,0.3874073775166695;0.40624985130819;0.3841416109445065,0.3874073775166695;0.40624985130819;0.43376927503054086,0.3304349670099711;0.3465054795609317;0.3276485460634841,False,False,0.04572603306367881,0.004120947454275742,0.5418818819308152,True,2.3357260505652315e-05,0.006463163163878072,True,0.005369418429246847,0.942210083830433,9.997551952305824e-11,0.22051890149257108,0.7750656667756133
sobol_v3,l1a-gs-v3-002-e9169adb3a,SCREENING_L1A_FIELD_SEPARATRIX_CUSP_TOPOLOGY,False,5,0.004745635750623478,0.003641574495304667,0.7673522972820321,2.410708339856483,2.320627522305001,True,0.006801518071370083,0.004328956290427595,0.666793808620423,1.043461449665483,0.006023628573657969,4,3,4,False,1.2636303579536636,1.6804631082853114,1.2636303579536636;1.6804631082853114;1.6707334392722768,2.054458678808532;4.059895373184259;1.6707334392722768,0.7241086390833286;0.6351091489348032;0.6335002344714654,False,False,0.02180130797243295,0.012073309534420656,6.633244378582788,True,4.555084498080245e-06,0.01164853928479704,True,0.011468819774033523,0.9075789228175142,9.22022015341969e-11,0.05876819118323178,0.5553984727090846
sobol_v3,l1a-gs-v3-003-02641201e5,SCREENING_L1A_FIELD_SEPARATRIX_CUSP_TOPOLOGY,False,3,0.005428334425232606,0.00229069097986212,0.42198781438635535,1.3257138175805874,0.8195428093582565,False,0.004823543997190427,0.0024410712184384465,0.4987462836876511,0.8607486555585637,0.0006188791448405292,4,2,3,False,0.6641163760761061,0.6683790718221592,0.6683790718221592;0.6641163760761061,0.6683790718221592;0.8212171033243736,0.46791517782433917;0.46493097301884195,False,False,0.051637954251274716,0.012620188548915945,1.6723846330434249,True,2.5334135954988707e-06,0.007645441422691778,True,0.003527829763355459,0.9526177838429015,9.658982153610327e-11,0.06480241882820505,0.5743417281620234
sobol_v3,l1a-gs-v3-004-d109201128,SCREENING_L1A_FIELD_SEPARATRIX_CUSP_TOPOLOGY,False,3,0.004356634787654912,0.0024925123170760344,0.5721187197372822,1.7973639669078436,1.3138551863713264,False,0.004324777019064641,0.004785162120684982,0.5856061317957938,1.1203037963830866,0.0030877620769086,4,2,3,False,1.0487482616049022,1.0629666131982467,1.0629666131982467;1.0487482616049022,1.0629666131982467;1.1146258176329797,0.5943162183061981;0.5863665829699766,False,False,0.03989860435730176,0.008997910557608412,1.5475914653709197,True,2.258950907355929e-05,0.011911681093893128,True,0.013237692536223167,0.892402022408124,9.263728035908218e-11,0.12141137594166067,0.5016346919592025
sobol_v3,l1a-gs-v3-005-0e7f21e31d,SCREENING_L1A_FIELD_SEPARATRIX_CUSP_TOPOLOGY,False,5,0.0050272075495740864,0.0041835034999166965,0.8321724254792564,2.6143467784056313,2.7913859553813842,True,0.007289605583537195,0.0028229407149367035,0.6341174445301294,0.8000154717825353,0.000806814334273748,4,4,5,True,1.6350748461654772,2.1121175509043946,1.6350748461654772;2.1121175509043946;2.095750162399662;1.6408264515997495,2.345155877200054;4.277262307386146;2.095750162399662;1.6408264515997495,0.7635979040424925;0.6877191195015723;0.6839967915678702;0.7606266831187946,True,True,0.031054820349810372,0.017779358484805045,5.062970459738772,True,3.1766901074665316e-06,0.008998753666522336,True,0.005431335893764446,0.9467515163800643,9.809531298580096e-11,0.028017357512021748,0.517516333898405
sobol_v3,l1a-gs-v3-006-ea26a32ff8,SCREENING_L1A_FIELD_SEPARATRIX_CUSP_TOPOLOGY,False,5,0.003956374892368331,0.001984963458198763,0.5017126819876621,1.5761768759452712,1.0595089117070737,False,0.004904017068838584,0.004019281356502325,0.5191932886093855,0.9869694141321815,0.002272236120192203,6,4,5,True,0.7489468904645884,0.8102012955780362,0.7489468904645884;0.8102012955780362;0.7920196735730552;0.7592251121648669,0.949181925856984;1.5277406976174333;0.7920196735730552;0.7592251121648669,0.5614382958655317;0.5100972761619684;0.5006799712869557;0.5985047101608995,False,False,0.03848253055371212,0.01946724910944765,4.970324112953109,True,1.3638206168516132e-05,0.01836723005917227,True,0.008272838707231984,0.917524860153623,9.77786471738618e-11,0.059599947183207984,0.4373163524816238
sobol_v3,l1a-gs-v3-007-a79ca5265f,SCREENING_L1A_FIELD_SEPARATRIX_CUSP_TOPOLOGY,False,4,0.006178239781547745,0.003247309317885083,0.5256042874191558,1.6512345680513179,1.140852774418229,False,0.00594670532609598,0.0034575714765116574,0.7172450194694102,1.2083540502004326,0.004423128539826832,5,3,4,False,0.9975665005736888,1.1150447326635695,0.9975665005736888;1.1150447326635695;1.002393507046599,1.0869028547791135;1.1150447326635695;1.002393507046599,0.6203942323071634;0.6371702309463686;0.6189196862184786,False,False,0.010444081235081294,0.004518522542486356,0.46649275272227714,True,1.0068605967573658e-05,0.003693628767544251,True,0.008664626565688088,0.935068970989694,9.375587444871244e-11,0.11703598417967903,0.8019208745549657
sobol_v3,l1a-gs-v3-008-3cba38f11c,SCREENING_L1A_FIELD_SEPARATRIX_CUSP_TOPOLOGY,False,4,0.0048185904533966095,0.0039456946187783615,0.8188483036563221,2.5724878151711654,2.6876095167617464,True,0.006987213328102371,0.004906262707710266,0.525268425475806,1.1323273850488476,0.004380333936410728,3,3,4,False,1.2423229330529744,2.9118785647277954,1.2423229330529744;2.9118785647277954;1.244580439122583,3.2615002753359987;2.9118785647277954;1.244580439122583,0.6845915157834912;0.7637078772387076;0.8399708336673063,False,False,0.020971195022711372,0.01726298095451049,5.851598418995282,True,7.246593872779761e-06,0.009256232497998647,True,0.010597956184259431,0.9095181513721117,9.551157039103417e-11,0.05947575038710848,0.5255320693042547
sobol_v3,l1a-gs-v3-009-d0c686b4aa,SCREENING_L1A_FIELD_SEPARATRIX_CUSP_TOPOLOGY,False,4,0.005697481383322156,0.00268110438810254,0.4705771213137706,1.4783616272667746,0.9603708931687449,False,0.005042507229518378,0.0025910925111733377,0.6942502479627728,0.773490962642245,0.0,5,3,4,False,0.8985257644361204,0.9395075558850666,0.900656216725803;0.9395075558850666;0.8985257644361204,0.900656216725803;0.9395075558850666;0.915091480207062,0.5693407713078162;0.594423343385775;0.5684942986022317,False,False,0.008638599267341576,0.007689678629785765,0.9295486897621331,True,1.6455545226339192e-05,0.0058389499532102785,True,0.004589794336979872,0.9473295947044187,9.439052507074234e-11,0.06789179941987403,0.562990121441188
sobol_v3,l1a-gs-v3-010-f916331aa3,SCREENING_L1A_FIELD_SEPARATRIX_CUSP_TOPOLOGY,False,5,0.003668302307232807,0.003479821657492721,0.9486191066182147,2.980174816406696,3.8833590050749205,True,0.0062194944666771335,0.0042712903187610216,0.578564509190619,0.9989908965188079,0.0022709303360946846,4,4,5,True,1.4429680881441311,2.4515781533505767,1.4429680881441311;2.4515781533505767;2.4228877916924745;1.4556807350884766,3.388468363877566;32.14944710382191;2.4228877916924745;1.4556807350884766,0.7444629266407209;0.6416842419558091;0.6380917067493681;0.7923547427822262,False,False,0.044566162399382186,0.020214493902474828,11.163885236717432,True,3.5588211650498802e-06,0.01136985738364008,True,0.010101997960462048,0.9038982562830455,9.590640201844153e-11,0.0380657880713542,0.42156920853024427
sobol_v3,l1a-gs-v3-011-fa2db560b1,SCREENING_L1A_FIELD_SEPARATRIX_CUSP_TOPOLOGY,True,3,0.0060969735404796666,0.0017907303881656844,0.2937080793079516,0.922711144253829,0.5122281232834316,False,0.003544843589224911,0.0033573149079456927,0.6580205586366356,1.181831647339277,0.003752647503091702,4,2,3,False,0.4414764501402304,0.4415022729140369,0.4415022729140369;0.4414764501402304,0.4415022729140369;0.5590376440053285,0.36983800929167454;0.36981637804797574,False,False,0.008947925940215913,0.00811705675606241,1.215753677162188,True,4.783734194139036e-06,0.002282510137049027,True,0.007500517630469464,0.934015280781773,9.68727591898657e-11,0.2759589027825749,0.7658974396316215
sobol_v3,l1a-gs-v3-012-1f995ec7b9,SCREENING_L1A_FIELD_SEPARATRIX_CUSP_TOPOLOGY,False,3,0.004075496526638744,0.0015882057714406983,0.38969626426122045,1.224266920934437,0.7342090574768824,False,0.0035374948056414723,0.00381456991173327,0.6887988940626383,0.9373093159985728,0.001054206361192599,4,2,3,False,0.6029492191204268,0.60653043617749,0.60653043617749;0.6029492191204268,0.60653043617749;0.7072352630443948,0.4573025328671548;0.4546024216554845,False,False,0.03960645430337375,0.025277339116498206,1.7628736225510304,True,1.4352797729103722e-05,0.004566850860516008,True,0.008842110229331176,0.9191366560601323,9.48880515959963e-11,0.1443281550618972,0.5002722839740946
sobol_v3,l1a-gs-v3-013-860dbf9e4c,SCREENING_L1A_FIELD_SEPARATRIX_CUSP_TOPOLOGY,False,5,0.006492040184639336,0.0029385966154222842,0.45264609149758944,1.4220296357249602,0.9065361255698837,False,0.0065471008038002765,0.0029786945248954,0.48982110584154726,1.2574738303665072,0.004702308793535762,6,4,5,True,0.7863303546509601,0.7987019645411186,0.7953144620248969;0.794154533430464;0.7863303546509601;0.7987019645411186,0.7953144620248969;0.9947690547184262;0.7863303546509601;0.8281962197240493,0.523404565759353;0.5226412049111985;0.5179387993364137;0.5260877112211794,False,False,0.02607359081142105,0.0030470385297809636,1.5288589343160268,True,1.2087832032913956e-05,0.007515935375840256,True,0.005499297094076758,0.9451608528634504,9.322822181360686e-11,0.07051632868629709,0.8000266436154081
sobol_v3,l1a-gs-v3-014-9178fbb0be,SCREENING_L1A_FIELD_SEPARATRIX_CUSP_TOPOLOGY,False,4,0.004426532847901399,0.0021839718865521718,0.4933820580564728,1.5500054490032278,1.0322481371196937,False,0.004704723602117156,0.004579597517568618,0.6073384992219507,1.0706500006956048,0.004651342044484225,5,2,3,False,0.7376290915369924,1.0061993879430644,0.7376290915369924;1.0061993879430644,1.034633523173985;1.0061993879430644,0.5448518017347722;0.5997106642564081,False,False,0.01949747956980853,0.01191946838968436,1.63557682427213,True,2.8017389436442268e-05,0.014424385563534382,True,0.009870346105275228,0.9136525018399889,9.413402931871855e-11,0.10915305270158983,0.5180381773470467
sobol_v3,l1a-gs-v3-015-3ce63a512e,SCREENING_L1A_FIELD_SEPARATRIX_CUSP_TOPOLOGY,False,4,0.005293332787914551,0.0037865767790208338,0.7153483317100598,2.247333063658038,1.9990754524544148,True,0.005598450929028331,0.0023449169164523483,0.5578791593760252,0.8491373418364674,0.0013556008241976277,5,3,4,False,1.633051121594988,1.848115780550458,1.633051121594988;1.848115780550458;1.6416172622098122,1.7919435124201661;1.8491622847036961;1.6416172622098122,0.6696764200082029;0.6906688470375737;0.6696907878011241,True,False,0.04660555284146852,0.002463333790848758,0.37307161434273234,True,1.1725884855423932e-05,0.006922764340766937,True,0.003114993661147306,0.9535768047679618,9.625003759287296e-11,0.04235274757046874,0.5980310871098704
sobol_v3,l1a-gs-v3-016-fedd3041d7,SCREENING_L1A_FIELD_SEPARATRIX_CUSP_TOPOLOGY,False,4,0.004504111240748898,0.002086305676129996,0.4632002995963097,1.4551866583523578,0.937946935969877,False,0.0042054245013787295,0.003106399989966303,0.7002298529818654,1.0830133266281337,0.0,5,3,4,False,0.8030093662386473,0.9101276743680042,0.8030093662386473;0.9101276743680042;0.8215107946432283,0.8817472929001773;0.9101276743680042;0.8215107946432283,0.5641774477440559;0.5827991833226003;0.5750413870797707,False,False,0.01910580422360521,0.013665882260661715,0.1901168631021054,True,6.715341919795448e-06,0.009143842921007141,True,0.005597824640502126,0.9343089834064022,9.942758296128218e-11,0.11667248276392865,0.6392456807277409
sobol_v3,l1a-gs-v3-017-a4f1b9e02f,SCREENING_L1A_FIELD_SEPARATRIX_CUSP_TOPOLOGY,False,4,0.005188511318010569,0.003184248734214634,0.6137114364887943,1.928031340297235,1.4869696650202533,False,0.005342598797142273,0.0036704635398462416,0.5382741610519588,0.8189770062570461,0.00441257979309477,5,3,4,False,1.1807796057169375,1.4059198849726962,1.189374045442239;1.4059198849726962;1.1807796057169375,1.3941498118291464;1.4059198849726962;1.1807796057169375,0.6513955057711229;0.6585450560247973;0.646048607560582,False,False,0.02992187730955309,0.004516759167287842,0.24556532965982417,True,7.18986793946455e-06,0.008911444203863686,True,0.007272632976909275,0.9322711319851282,9.394198013381725e-11,0.06455065981380331,0.43564053272198994
sobol_v3,l1a-gs-v3-018-2ad21545c3,SCREENING_L1A_FIELD_SEPARATRIX_CUSP_TOPOLOGY,False,5,0.004079656431713374,0.002539166649512481,0.6223971778050147,1.9553184014072544,1.525543635343556,True,0.004452699032299279,0.002471427591890097,0.6482905816845596,0.9413519050460308,0.00406610797001351,6,3,4,False,1.2334993605656996,1.2630810235584424,1.2521131752710077;1.2630810235584424;1.2334993605656996,1.2849696944898776;1.8713995942004602;1.2334993605656996,0.6431024649704616;0.6321476087654508;0.6176907538921578,False,False,0.011326132873425971,0.005690939384558687,3.03903773052999,True,2.8825804891628726e-06,0.0177537935775655,True,0.0035953935769795016,0.9422279697315156,9.810772077150001e-11,0.05789328255875421,0.5997722745863496
sobol_v3,l1a-gs-v3-019-f7417044f8,SCREENING_L1A_FIELD_SEPARATRIX_CUSP_TOPOLOGY,False,3,0.00631531870294566,0.004087630033609457,0.6472563343007314,2.0334157448286367,1.6409380310440222,True,0.00794645038604358,0.004436685930099339,0.5768091455474496,1.2356426240061409,0.002581907908218241,4,2,3,False,1.203681687353778,1.2094529650420922,1.203681687353778;1.2094529650420922,1.390626921147365;1.2094529650420922,0.6621885333546035;0.6588914167971386,False,False,0.05820058061331949,0.03300478925253118,0.47505655464850866,True,4.3174118227349775e-06,0.002284921225286398,True,0.013278549403162062,0.9081222385715373,9.671542715217933e-11,0.06865287426976675,0.6913740625378416
sobol_v3,l1a-gs-v3-020-b6aa9b10ad,SCREENING_L1A_FIELD_SEPARATRIX_CUSP_TOPOLOGY,False,3,0.003711821550496097,0.0035788541654255823,0.9641773228422731,3.0290523941991596,4.058248850812982,True,0.006667917544291413,0.002792626727093011,0.483838439527899,1.0203930442919955,0.0016789352146138377,2,2,3,False,1.6743500396115267,1.676030390025138,1.676030390025138;1.6743500396115267,4.0811784317308915;1.6743500396115267,0.7946719248416054;0.7910083274150908,True,False,0.08297180106365923,0.04807686190116224,3.8090466840923467,True,2.369095362252712e-06,0.011067894395221245,True,0.004825414595948242,0.9405613291229943,8.965074999556126e-11,0.018753734329545413,0.4932681252392198
sobol_v3,l1a-gs-v3-021-914fa357fa,SCREENING_L1A_FIELD_SEPARATRIX_CUSP_TOPOLOGY,False,5,0.00593539079909533,0.0023916928594189812,0.40295457205337215,1.265919123293293,0.7685081247115608,False,0.004677284513491031,0.0046773900849744685,0.6757981652766466,1.1770075227017514,0.002190853557701505,6,4,5,True,0.683969510157093,0.6905154349589554,0.683969510157093;0.6862876433679396;0.6905154349589554;0.6872384123070849,0.683969510157093;0.8476295923177461;0.6905154349589554;0.7448377620440124,0.49186437681833917;0.49353142064149597;0.49691868745704565;0.49456042910032794,False,False,0.011496177892105316,0.006550089694830891,1.4458441881722357,True,1.841126658769232e-05,0.006378195028320859,True,0.013722413768381776,0.9043398850268215,9.193700352159997e-11,0.20344987357018232,0.6705692740466407
sobol_v3,l1a-gs-v3-022-ec48527abb,SCREENING_L1A_FIELD_SEPARATRIX_CUSP_TOPOLOGY,False,4,0.004887082923232811,0.002993364980284241,0.6125054612955343,1.924242657489678,1.4816827812146678,False,0.005285057722176134,0.0035576543342322113,0.56761145375669,1.1620586620410904,0.0011788370746934397,5,3,4,False,1.1257228869998883,1.4128948728326427,1.1257228869998883;1.4128948728326427;1.1306554333487473,1.4110162408263203;1.4128948728326427;1.1306554333487473,0.6650800299872082;0.6679405852596807;0.6642377985801662,False,False,0.036274531331363775,0.014285793212001291,0.6284612397102147,True,9.055701982861597e-06,0.009233961863220591,True,0.006751614699166625,0.9364740823392761,9.851244573460164e-11,0.08827150286286795,0.6324915951954914
sobol_v3,l1a-gs-v3-023-d9c047ae80,SCREENING_L1A_FIELD_SEPARATRIX_CUSP_TOPOLOGY,False,4,0.005559357088714023,0.001533439088234445,0.27583029184210156,0.8665464184886749,0.4752339677341268,False,0.0039531244701720425,0.004043612480442971,0.6090895999409258,0.7603461011196486,0.006166224442458813,5,2,3,False,0.43909912682775404,0.45689371847592464,0.43909912682775404;0.45689371847592464,0.43909912682775404;0.45689371847592464,0.3691166345965553;0.38431611447226904,False,False,0.015701046076289738,0.004747174125041257,0.5336485465955277,True,1.973877772936533e-05,0.004980217760146657,True,0.009135098655788711,0.9201891578572631,9.822340384585172e-11,0.13305396959409052,0.414728355931058
sobol_v3,l1a-gs-v3-024-26dc7e7f16,SCREENING_L1A_FIELD_SEPARATRIX_CUSP_TOPOLOGY,False,4,0.0038129518216010183,0.0022357537172865705,0.5863577149390262,1.8420970896281426,1.3710378183529206,False,0.004960252247656172,0.0026933534086681903,0.5446468983404338,0.9572213184088468,0.0024343535703479674,4,3,4,False,0.8807243559217495,1.3364967904658307,0.8807243559217495;1.3364967904658307;0.8884724660682816,1.4398077807247618;1.3364967904658307;0.8884724660682816,0.6033518217078039;0.6595704397801055;0.6741395212589559,False,False,0.03804984222460831,0.015117592915975454,2.6565990648362092,True,2.676238523199523e-06,0.017644053923560176,True,0.0034067049279091154,0.9357418757153052,9.180707849373866e-11,0.043785662414261,0.508771584281782
sobol_v3,l1a-gs-v3-025-fb8626ce16,SCREENING_L1A_FIELD_SEPARATRIX_CUSP_TOPOLOGY,False,5,0.006239921652195335,0.0036965140816391795,0.5923975151737151,1.8610716816745914,1.3959335032566225,False,0.006179043508382165,0.004931150338985026,0.61519495267421,1.2213814531103708,0.003115100271053277,6,4,5,True,1.1653685194757544,1.1986986569883977,1.1717081155624265;1.1986986569883977;1.1983366362326715;1.1653685194757544,1.2298998284795586;1.6064719770970948;1.1983366362326715;1.1653685194757544,0.6353896547723508;0.619270535862667;0.6185789437793966;0.6289967575587634,False,False,0.025346034136445365,0.008954248209435488,2.204367046515333,True,2.4662906525792748e-05,0.007624699550613135,True,0.014261204214138078,0.8971174586751671,9.670748684114087e-11,0.1267060594977047,0.6892497898720028
sobol_v3,l1a-gs-v3-026-5f401b6867,SCREENING_L1A_FIELD_SEPARATRIX_CUSP_TOPOLOGY,False,5,0.004188241446172469,0.001694674720056355,0.40462679667264084,1.2711725718723395,0.7729056271601565,False,0.0036986420363973593,0.0033274726405739786,0.5077699384465814,1.098884829878807,0.0010783991839789305,6,4,5,True,0.6520141642674011,0.6709941636636688,0.6678350296922626;0.6520141642674011;0.6576996161094165;0.6709941636636688,0.6678350296922626;0.8527275148184733;0.6576996161094165;0.7196182461044144,0.4773172879894434;0.46600974609287565;0.4709035008582791;0.48042220640756556,False,False,0.03689173774516184,0.009028720184438099,1.7796923675657992,True,7.242800903173828e-06,0.015241194293388154,True,0.005342534170123362,0.9308131089674812,9.54810562692197e-11,0.11302647567088568,0.5510383055787254
sobol_v3,l1a-gs-v3-027-313053aa90,SCREENING_L1A_FIELD_SEPARATRIX_CUSP_TOPOLOGY,False,3,0.005065428016678197,0.002881346033063892,0.5688257781133013,1.787018885693245,1.3009255738060383,False,0.005834738824887609,0.004165781099256128,0.6687849277071655,0.8047221378074028,0.0038177787561573576,4,2,3,False,1.0332990403002653,1.044102609280535,1.0332990403002653;1.044102609280535,1.0624239074989108;1.044102609280535,0.6018849267599415;0.604283505924968,False,False,0.03617236297909008,0.00922422431266571,1.175334150494858,True,2.3181550960762846e-05,0.005053608755709406,True,0.011802115229070084,0.9044728988819439,9.999099666192643e-11,0.06156864003475485,0.4539613404160223
sobol_v3,l1a-gs-v3-028-f012c0bf33,SCREENING_L1A_FIELD_SEPARATRIX_CUSP_TOPOLOGY,False,3,0.004574211196995748,0.0033894159514602507,0.7409837030888194,2.3278689580535956,2.1518898919817597,True,0.006068611531190982,0.003008494396228343,0.6393956197053194,1.0393013359280303,0.0002544219301641762,4,2,3,False,1.5150770513776666,1.521162590976405,1.521162590976405;1.5150770513776666,1.6926750046779198;1.5150770513776666,0.6895462647477385;0.6820731103008176,True,False,0.056749010334114565,0.033390389092829535,1.1997957457907544,True,7.302500732477013e-06,0.007922973457878747,True,0.0065803843731314805,0.930693671450198,9.260604219512156e-11,0.04637326820885356,0.6189911118393492
sobol_v3,l1a-gs-v3-029-782c077bce,SCREENING_L1A_FIELD_SEPARATRIX_CUSP_TOPOLOGY,True,5,0.005439306778498576,0.0018428551438773866,0.33880331059136803,1.0643819915657429,0.6111992550231515,False,0.003813257198999054,0.00392012151684612,0.5988444470800459,0.8825631092651747,0.00649445751366718,6,3,4,False,0.5352242051710527,0.5476172956074472,0.5352242051710527;0.5476172956074472;0.5439166479887855,0.5352242051710527;0.646212470056296;0.5439166479887855,0.41834899593320696;0.4280358465847354;0.4252355762045129,False,False,0.021454807409705907,0.0024534776235361805,1.005750671104876,True,9.511795022579261e-06,0.007130190572638529,True,0.008567120936178936,0.9250404927317282,9.266040801900143e-11,0.16352050807518922,0.507506776014664
sobol_v3,l1a-gs-v3-030-f474b3d75a,SCREENING_L1A_FIELD_SEPARATRIX_CUSP_TOPOLOGY,False,4,0.0034481733973734663,0.0038881011141711497,1.1275828289646872,3.5424059317894576,6.448181413408505,True,0.006981842519053316,0.002242613633349538,0.7082163006998599,0.8976420206250623,0.0026254126442112483,3,3,4,False,1.374824279582026,15.360276363600548,1.374824279582026;15.360276363600548;1.3933834058104517,22.176690799301905;15.360276363600548;1.3933834058104517,0.6673110364758308;0.7736683214462869;0.7914642995203632,False,False,0.03488774163493985,0.008131789681797407,14.779150000658058,True,5.920301880967677e-06,0.04359957537438972,True,0.002515951984832118,0.9424146803856392,9.02450628502781e-11,0.01855904329693256,0.5835106357797604
sobol_v3,l1a-gs-v3-031-879a361b99,SCREENING_L1A_FIELD_SEPARATRIX_CUSP_TOPOLOGY,False,3,0.005863015652721515,0.0027879163426405285,0.47550893734121685,1.4938553842674562,0.9755835058229296,False,0.005502084505678795,0.004554752282332629,0.5172055169194937,1.2992266207351348,0.0019369619729471307,4,2,3,False,0.796856496946719,0.8026076289100254,0.8026076289100254;0.796856496946719,0.8026076289100254;0.9101780242977477,0.5212546683738567;0.5175195875244774,False,False,0.05243581871604305,0.020642727792414647,1.5613519267535456,True,1.4952887777544555e-05,0.005466680220090436,True,0.01185514480317568,0.9121503995009463,9.982744197269306e-11,0.1361104782299504,0.6824782418074684
sobol_v3,l1a-gs-v3-032-cafcbc23f9,SCREENING_L1A_FIELD_SEPARATRIX_CUSP_TOPOLOGY,False,3,0.004674108257859189,0.0015255785901899799,0.3263892289240039,1.025382003798488,0.5830893318340383,False,0.004306511913455324,0.0025404510237276557,0.5849869194254279,1.2269614620134235,0.0030192981186683843,4,2,3,False,0.4765538384530918,0.4829591366545635,0.4765538384530918;0.4829591366545635,0.4765538384530918;0.5895512632873136,0.387146489234412;0.39235007487596035,False,False,0.03529214302156609,0.013341048594601312,1.6057503532536066,True,1.8766237176531808e-05,0.00800042899693435,True,0.003968394599439157,0.9461159146357168,9.523245941796911e-11,0.10745624057378071,0.7935791021243846
sobol_v3,l1a-gs-v3-033-59d7f20227,SCREENING_L1A_FIELD_SEPARATRIX_CUSP_TOPOLOGY,False,4,0.005357588620427123,0.0030504365495289676,0.5693674459995732,1.7887205855454424,1.3030449415939358,False,0.0052740379360329825,0.0044264515607617795,0.6555385213159024,0.9672217636019923,0.00033932957884525973,5,3,4,False,1.0386664656424591,1.2490217133210384,1.0386664656424591;1.2490217133210384;1.040610019436347,1.2479062126712481;1.2490217133210384;1.040610019436347,0.6461794285148779;0.6479778164753898;0.6431057442143013,False,False,0.025341816224312832,0.013449110065691683,0.3462070739525495,True,9.674686831508215e-06,0.009673316180638675,True,0.011225979447405795,0.9159544573468593,9.675391589097645e-11,0.10949554093748896,0.5300706004620581
sobol_v3,l1a-gs-v3-034-4020da54d1,SCREENING_L1A_FIELD_SEPARATRIX_CUSP_TOPOLOGY,False,5,0.0035238623822806403,0.0024268957668027724,0.6887033327425482,2.1636253306467963,1.8510954556810773,True,0.0042596499506544205,0.003131673421803862,0.5311800277791917,0.8102955901995301,0.002353971579996946,6,4,5,True,1.3150377936234336,1.4214879417257207,1.3150377936234336;1.4214879417257207;1.4085216183911795;1.3265444151622237,1.5440407792081121;2.5658607495332766;1.4085216183911795;1.3265444151622237,0.6871575666994624;0.632616837768906;0.6246570695960942;0.6871502457737,False,False,0.03063648631950359,0.007216802973763398,4.512176890454014,True,1.2879149159434299e-05,0.01030170165294068,True,0.005047890802780705,0.928330875026181,9.928712392935233e-11,0.04576958278943803,0.38294256577110897
sobol_v3,l1a-gs-v3-035-50b53fb366,SCREENING_L1A_FIELD_SEPARATRIX_CUSP_TOPOLOGY,False,3,0.005757038421506877,0.003505377687361033,0.6088855815632228,1.9128704699157695,1.465913126941584,False,0.006948917851332226,0.003616479170508683,0.6921912406012416,1.1088834392488933,0.0033342264953052777,4,2,3,False,1.1501991027602978,1.1577882319563184,1.1501991027602978;1.1577882319563184,1.205313941621798;1.1577882319563184,0.6313779375303911;0.6317227257522186,False,False,0.05032966640123819,0.02848846894139344,1.2018114817910277,True,1.98310924801404e-05,0.0020209399613947,True,0.010119569496127257,0.9172667796576373,9.302776818897298e-11,0.06756776810559796,0.6918802764752957
sobol_v3,l1a-gs-v3-036-4a814065a1,SCREENING_L1A_FIELD_SEPARATRIX_CUSP_TOPOLOGY,False,3,0.003931061591174512,0.004057197596011974,1.0320870080287337,3.2423969622885394,4.918711693386646,True,0.007124712994482252,0.0035542135115712884,0.6009856409020722,0.8721534102456644,0.0008996999255925483,2,2,3,False,1.7165282086232332,1.7602030755840392,1.7165282086232332;1.7602030755840392,5.899578751665963;1.7602030755840392,0.7850561723203368;0.7970626958567999,True,False,0.08443672310780129,0.049756767783783185,5.5523263705462105,True,8.231273581106591e-07,0.00992153458942013,True,0.008569065507086249,0.9153488491930062,9.59597292004065e-11,0.023719298777476663,0.4241108568604437
sobol_v3,l1a-gs-v3-037-069301d974,SCREENING_L1A_FIELD_SEPARATRIX_CUSP_TOPOLOGY,False,5,0.006152100077997602,0.0026188261799688917,0.4256800355597064,1.3373132724942156,0.8296985241730398,False,0.00498721704025229,0.004119514240603894,0.5604380156099796,1.033065016695764,0.0048247207033917695,6,4,5,True,0.7237152129149419,0.7300082969293354,0.7246908075437931;0.7293644511855815;0.7300082969293354;0.7237152129149419,0.7246908075437931;0.8790984762305835;0.7300082969293354;0.7962990036653814,0.4962088284015828;0.4994089562515806;0.49994142351800047;0.49563164595285747,False,False,0.029410707892756006,0.0011526487907635478,1.1561812606126793,True,6.3935326096165035e-06,0.005324456609150966,True,0.010331044670289474,0.9164829681055446,9.151203010783793e-11,0.138012583838298,0.5720826704266041
sobol_v3,l1a-gs-v3-038-6421894f58,SCREENING_L1A_FIELD_SEPARATRIX_CUSP_TOPOLOGY,False,5,0.004282045664695033,0.00319827359271585,0.746903196078744,2.346465593743719,2.1887180133080006,True,0.005746296327743039,0.0027454359044320883,0.6828763899207115,1.2888150858925655,0.005883173770997433,6,3,4,False,1.434464017504869,1.657925636577972,1.434464017504869;1.657925636577972;1.640009297178599,1.8508280591707182;3.279482844567294;1.640009297178599,0.7363009116283371;0.6595600015764365;0.6535040783317086,False,False,0.016831733265958045,0.008972941819779704,5.198239013406308,True,8.125683747534605e-06,0.011167822331391679,True,0.005028869748780801,0.9356908653504448,9.296807565943965e-11,0.060172637476363894,0.8171154964364256
sobol_v3,l1a-gs-v3-039-f02c223f23,SCREENING_L1A_FIELD_SEPARATRIX_CUSP_TOPOLOGY,False,4,0.004953445015416946,0.0020339912252893555,0.41062154095964026,1.2900056164845262,0.7888050357650987,False,0.004714752725703875,0.004709541845135391,0.49186182992532845,0.8913991448818706,0.0010751265169657309,5,3,4,False,0.6443846842377966,0.7575898416902221,0.6443846842377966;0.7575898416902221;0.6547624762172328,0.7547005833312703;0.7575898416902221;0.6547624762172328,0.49934622853557215;0.5224757641094758;0.5067670390266041,False,False,0.04041297435556345,0.01637418401917775,0.5096528006029686,True,2.4848233929934075e-05,0.010651811507277887,True,0.010187821977672205,0.9123695536965843,9.561540993214066e-11,0.08917627152064452,0.3933559505817925
sobol_v3,l1a-gs-v3-040-da0e94aee4,SCREENING_L1A_FIELD_SEPARATRIX_CUSP_TOPOLOGY,False,4,0.003593795569940994,0.0027308424414513865,0.7598769569122219,2.387223865467604,2.271548302107355,True,0.0055294241892625,0.00325981702208519,0.6617648314498364,0.8304650185164064,0.0014774287296459227,3,3,4,False,0.9712096432070714,2.505763320520138,0.9712096432070714;2.505763320520138;0.9744232383186266,3.01787589694467;2.505763320520138;0.9744232383186266,0.6112548409108821;0.739375492921234;0.6121313018693225,False,False,0.05523273408905705,0.03285658191489185,7.547241226411623,True,9.676734557984012e-06,0.020647030971672396,True,0.005504184466621745,0.9259538065341746,9.519460440628447e-11,0.04005124956967128,0.4071419052336196
sobol_v3,l1a-gs-v3-041-4e55324c67,SCREENING_L1A_FIELD_SEPARATRIX_CUSP_TOPOLOGY,False,4,0.006023152223860961,0.003895959266628779,0.6468306165656545,2.0320783131196167,1.6388974742938245,True,0.006120153687334096,0.004171913280244917,0.49980559196323154,1.0903285476495512,0.0039873585775539195,5,3,4,False,1.3091415996064057,1.5176656841636749,1.3091415996064057;1.5176656841636749;1.3154152597154583,1.5044508181110148;1.5176656841636749;1.3154152597154583,0.6479636803512931;0.6561786800006023;0.6476938856707196,False,False,0.04774350862303645,0.004995851461916603,0.1498083675899189,True,1.2444998082318526e-05,0.00996651510484669,True,0.009509023038425012,0.9203378656233067,9.665237993397799e-11,0.08494603663237821,0.5617587450834632
sobol_v3,l1a-gs-v3-042-8a82cde7f6,SCREENING_L1A_FIELD_SEPARATRIX_CUSP_TOPOLOGY,False,5,0.004793194718331506,0.0019163339648002875,0.3998030702719619,1.2560183884490392,0.7602645585893926,False,0.0040322138056581025,0.0026694477901794017,0.6230054919049144,1.24712460427545,0.005951596443163377,6,3,4,False,0.6694139343124316,0.6748139147967809,0.6694139343124316;0.6748139147967809;0.6725501099025292,0.6694139343124316;0.831582877351444;0.6725501099025292,0.48256503602057754;0.48645775716570416;0.4847504683424061,False,False,0.012907953801375298,0.0029200416462013914,1.3445646151854995,True,1.1569844663323128e-05,0.00469796876172364,True,0.004159308145962281,0.9449021722313952,9.03250381577726e-11,0.13486303237816707,0.8155495507247855
sobol_v3,l1a-gs-v3-043-7d9826fb35,SCREENING_L1A_FIELD_SEPARATRIX_CUSP_TOPOLOGY,False,3,0.005671400413120864,0.003354215378749359,0.5914263029267577,1.8580205284144735,1.3919039746860895,False,0.006534277255013876,0.004981032519973815,0.5515278322063386,0.9486647657235153,0.0007754772929501246,4,2,3,False,1.0932770632297455,1.094159021463356,1.094159021463356;1.0932770632297455,1.1570054913614587;1.0932770632297455,0.6182658945103419;0.6135120876236243,False,False,0.0580867712995309,0.03129875087555734,0.9200058394091188,True,1.6401261481861426e-05,0.006393560639258366,True,0.01408877437397659,0.8988602923721202,9.559484078296821e-11,0.06745256668286537,0.49077595983329364
sobol_v3,l1a-gs-v3-044-64be7eac33,SCREENING_L1A_FIELD_SEPARATRIX_CUSP_TOPOLOGY,False,3,0.0044042005929441075,0.002801689500302018,0.6361403031439021,1.9984937030092669,1.5884025209517907,True,0.005437898728814616,0.002244686642661691,0.5241234178841114,1.1703577890759334,0.0031925468554457204,4,2,3,False,1.2481428456113293,1.2563502287937005,1.2563502287937005;1.2481428456113293,1.2563502287937005;1.3189035026875953,0.6284558671134791;0.6243503414436488,False,False,0.03913637347495936,0.009150531967605426,1.8596118565723476,True,1.2817612560500624e-05,0.005215710737241707,True,0.0030571365106094994,0.945509324031225,9.872351805240658e-11,0.04001143815685938,0.7451709755715291
sobol_v3,l1a-gs-v3-045-081b3f238d,SCREENING_L1A_FIELD_SEPARATRIX_CUSP_TOPOLOGY,False,5,0.005270266701700166,0.0017251101635338273,0.3273288167707555,1.0283338060752447,0.5851928955930937,False,0.003735563642294437,0.004482952710520476,0.7160795962996781,1.009322417981457,0.000642828854058081,6,4,5,True,0.5266837460964676,0.5317848642022239,0.5317848642022239;0.5286010344506048;0.5266837460964676;0.530849575506917,0.5317848642022239;0.6459448638719821;0.5266837460964676;0.5925157564107758,0.4271077976386658;0.4245506761318126;0.42331084627437526;0.4266590429602267,False,False,0.0021598099453820027,0.006276369514552798,1.2261919050657826,True,9.105175041154018e-06,0.00827700567748867,True,0.01220015838526255,0.9099565760880082,9.720088935582335e-11,0.22205953056409078,0.5677981259796558
sobol_v3,l1a-gs-v3-046-ccb9a53998,SCREENING_L1A_FIELD_SEPARATRIX_CUSP_TOPOLOGY,False,4,0.004003981207461038,0.0037488255238713464,0.9362745052064098,2.9413931072998754,3.749958782042142,True,0.006583367416169494,0.003054317405540496,0.5910763640888035,0.7536940071498975,0.0017179277866914086,3,3,4,False,1.437290411077382,4.251779256571347,1.437290411077382;4.251779256571347;1.450859916216603,5.072444297964636;4.251779256571347;1.450859916216603,0.7245937072315759;0.782575919169354;0.7278456686060724,False,False,0.0504737971852369,0.029224935341806955,7.364618210340172,True,3.589118950651435e-06,0.025463972450103563,True,0.004734554572229836,0.9356353912401147,9.630137739024983e-11,0.02562915718549689,0.4056565524333568
sobol_v3,l1a-gs-v3-047-cd76eb49a3,SCREENING_L1A_FIELD_SEPARATRIX_CUSP_TOPOLOGY,False,4,0.006421258512091299,0.0022217258638193016,0.34599539321392647,1.0869765854967832,0.6278062383642711,False,0.004667022337343951,0.0038920719450339673,0.6325582864880561,1.1509820037405007,0.004739663611638343,5,3,4,False,0.5763794384845276,0.6057692403806362,0.5763794384845276;0.6057692403806362;0.5796802676229373,0.5763794384845276;0.6057692403806362;0.623323386318718,0.4423247241865974;0.4650292690735018;0.44500161642351255,False,False,0.01564750911302479,0.0023017169395848644,0.7447724154928694,True,1.819527572980654e-05,0.0054393283529001095,True,0.009434152523168203,0.928153079822273,9.306446451177435e-11,0.18695899984181996,0.7191044794739151
sobol_v3,l1a-gs-v3-048-aabacb3a59,SCREENING_L1A_FIELD_SEPARATRIX_CUSP_TOPOLOGY,False,3,0.004151184017246123,0.0033214920867976616,0.8001312572505818,2.5136864796859926,2.5481532711902926,True,0.005749392147663457,0.004358327967766673,0.5055534040555357,0.7833678826573305,0.0021110012302300433,2,2,3,False,1.5317379253022543,1.532432132607495,1.5317379253022543;1.532432132607495,2.111968672961486;1.532432132607495,0.7272974819566894;0.7224290896845129,True,False,0.06862776096372956,0.03694444014722323,0.5058776488781628,True,8.245129631871684e-06,0.00845805224209661,True,0.010829462848430959,0.9008420334972709,9.807921119768717e-11,0.03602427990714188,0.3355364926691446
sobol_v3,l1a-gs-v3-049-3de2aa2602,SCREENING_L1A_FIELD_SEPARATRIX_CUSP_TOPOLOGY,False,4,0.006386064414982684,0.0019490542608764372,0.30520429081542894,0.9588275578698344,0.5366587494981516,False,0.004097280699170369,0.0023966604785993694,0.6745316787622868,1.1380309191299602,0.0022451942608514358,5,3,4,False,0.4938924023558902,0.5263177373563334,0.4940505742022052;0.5263177373563334;0.4938924023558902,0.4940505742022052;0.5263177373563334;0.5679848836884985,0.40267700033258735;0.4290438872419909;0.4026113906979971,False,False,0.0020200778730603804,0.004980436613500158,1.0140861302179105,True,1.1593631185226327e-05,0.006290892256607389,True,0.00382175248790147,0.9531966539909301,9.874325105273443e-11,0.15697024774996052,0.8875132304663922
sobol_v3,l1a-gs-v3-050-92f4c6240a,SCREENING_L1A_FIELD_SEPARATRIX_CUSP_TOPOLOGY,False,5,0.00452643137123232,0.004125728311919374,0.9114748404538707,2.8634826627018093,3.495593783625132,True,0.007555837296422396,0.003767958726733923,0.5420294192992151,1.191702010843437,0.0008911569354789434,4,4,5,True,1.4881844786777825,2.427257767799409,1.4881844786777825;2.4200345476264147;2.427257767799409;1.5046259283071803,3.088897293360838;9.334682723559206;2.427257767799409;1.5046259283071803,0.7540863486901099;0.6634081738503292;0.6694244917803185;0.7578097612238203,False,False,0.04449461294886438,0.02525313868058124,8.171907115771075,True,9.548723113867244e-06,0.0069715104543289965,True,0.008337171595842992,0.9202286737094897,9.782386928339172e-11,0.03732267042134094,0.5708502529147023
sobol_v3,l1a-gs-v3-051-2b7294690d,SCREENING_L1A_FIELD_SEPARATRIX_CUSP_TOPOLOGY,False,3,0.005211613136452797,0.00250107643478259,0.47990446898077094,1.5076643541749006,0.9892938824016104,False,0.0052561038528438075,0.0032057797118090095,0.6214892454072833,1.0046925947768615,0.004081125784988825,4,2,3,False,0.7996022327699451,0.8044660211745831,0.8044660211745831;0.7996022327699451,0.8044660211745831;0.9175336143332706,0.5276364991717936;0.5244464175288317,False,False,0.02646104131975029,0.0070627643192967444,1.8588670661728848,True,5.164451233892475e-06,0.007431757665537136,True,0.007156858216191026,0.9364680127489009,9.160025389552374e-11,0.08682842641624307,0.6176856916455995
sobol_v3,l1a-gs-v3-052-f35c9fb590,SCREENING_L1A_FIELD_SEPARATRIX_CUSP_TOPOLOGY,False,3,0.00491239613165817,0.002342301808312186,0.4768145209660742,1.497956996191955,0.9796407765244824,False,0.0043002558159059845,0.003967992288339883,0.7103338727541267,1.251361036312301,0.000449718623381667,4,2,3,False,0.8109962804932298,0.8116846626997236,0.8116846626997236;0.8109962804932298,0.8116846626997236;0.954556564204251,0.5371568159078495;0.5367012582126505,False,False,0.027553370290141124,0.020487681222795782,2.15770755806042,True,1.8356810451127404e-05,0.007713154813406288,True,0.010873836440939345,0.9135182593655191,9.464416396469114e-11,0.188166924173795,0.7085374882558225
sobol_v3,l1a-gs-v3-053-b79a4cc488,SCREENING_L1A_FIELD_SEPARATRIX_CUSP_TOPOLOGY,False,5,0.005585496885032626,0.0036282532591940253,0.6495846893973931,2.040730488095258,1.6521391443601887,True,0.0067126359754183795,0.0034801496071740984,0.5113525365293026,0.9267760918010026,0.006391831605434126,6,3,4,False,1.249993122134897,1.360296771496745,1.249993122134897;1.360296771496745;1.3477107496377327,1.4323423165712381;2.0396781732058606;1.3477107496377327,0.6665986608799811;0.6330693408889405;0.6280830878514967,False,False,0.022815377882732246,0.006992762193758167,3.1107170867717655,True,9.88466094160173e-06,0.0065594834038340145,True,0.007296705662083084,0.9363746876652068,9.095737497683355e-11,0.0459246612184532,0.5119218702232733
sobol_v3,l1a-gs-v3-054-e06a697b6f,SCREENING_L1A_FIELD_SEPARATRIX_CUSP_TOPOLOGY,False,5,0.003786410580687516,0.0014081717690714868,0.3719014985468899,1.1683630156939444,0.6896964378194658,False,0.004091479942871956,0.00477762305252254,0.6420534092187882,0.8430227119592019,0.0034190181588677183,6,4,5,True,0.5212927107581072,0.5371307063064968,0.5340247062650151;0.5371307063064968;0.5351182359390195;0.5212927107581072,0.6293916687351606;0.9428848293521884;0.5351182359390195;0.5212927107581072,0.4523360767022567;0.41272778241664965;0.4109916652081582;0.4740924985112234,False,False,0.012826751052402505,0.014580215095351368,3.7477826730589805,True,1.1659558066594907e-05,0.01328848620230495,True,0.011302477156665103,0.8965460587885279,9.425531700771622e-11,0.08798826651490864,0.39286060005293577
sobol_v3,l1a-gs-v3-055-8ce395048a,SCREENING_L1A_FIELD_SEPARATRIX_CUSP_TOPOLOGY,False,4,0.006009153425111435,0.0031186242567855516,0.5189789702744557,1.6304205203818258,1.1178126967419977,False,0.005678343697582022,0.002889268845599145,0.5925978462584316,1.0601102199871093,0.0029373059726238945,5,3,4,False,1.0049719698441122,1.0612772995261328,1.0049719698441122;1.0612772995261328;1.0131471963242542,1.0285774821102058;1.0612772995261328;1.0131471963242542,0.5871104051230018;0.6055813566391878;0.5875848853674941,False,False,0.02919368472681034,0.007510827963239964,0.6644446047864271,True,1.0176458988123745e-05,0.006736571107219384,True,0.005328861399974586,0.9479477052476357,9.628381087066677e-11,0.07964292668439138,0.71892203687446
sobol_v3,l1a-gs-v3-056-effcbc8686,SCREENING_L1A_FIELD_SEPARATRIX_CUSP_TOPOLOGY,False,4,0.004262748090695823,0.0038224836443987442,0.8967181646839439,2.8171231985116005,3.3524465057451325,True,0.005121665158185351,0.0042405508280731734,0.6500255491398275,1.2762742091319526,0.0,3,3,4,False,1.9929179128300298,3.2612410007668595,1.9929179128300298;3.2612410007668595;2.001532995161124,3.3647562528147468;3.2612410007668595;2.001532995161124,0.8020781825619081;0.781448056653529;0.8037056852770446,True,False,0.028638050905760676,0.010920256703865006,1.8496207562890088,True,3.642442378227681e-06,0.015061276687738184,True,0.009290883289079701,0.9175516237507824,9.78502911503058e-11,0.10770959855798055,0.6189871115240343
sobol_v3,l1a-gs-v3-057-8529337e4e,SCREENING_L1A_FIELD_SEPARATRIX_CUSP_TOPOLOGY,False,5,0.005139249426065362,0.002109786772962252,0.4105242999613499,1.2897001248786695,0.7885454334971977,False,0.005066749926299963,0.0034058278361335397,0.5715146654471754,0.9217349332058802,0.005662182059438068,6,3,4,False,0.6684379293419132,0.6942411116177115,0.6942411116177115;0.6782775842720867;0.6684379293419132,0.6942411116177115;0.9108400078330564;0.6684379293419132,0.49553883926167624;0.4841443141046456;0.4771105613770918,False,False,0.016525299823671253,0.0068173551498036215,2.022162906064946,True,1.7813392788175453e-05,0.008836265347292333,True,0.006887795039465754,0.9287079072521821,9.300978056553991e-11,0.07608868381613311,0.5317364680006211
sobol_v3,l1a-gs-v3-058-c229506088,SCREENING_L1A_FIELD_SEPARATRIX_CUSP_TOPOLOGY,False,5,0.0038383474638976622,0.0029300348405740806,0.7633584161238929,2.3981611921507624,2.2942806533612154,True,0.005331912855581322,0.004831773217022419,0.7014538980647922,0.8679337948909961,0.003970817389420913,4,3,4,False,1.2113848822693187,1.5617130007512954,1.2113848822693187;1.5617130007512954;1.5602945017146717,2.014784112414223;4.722420839581972;1.5602945017146717,0.7118776836893691;0.6107258032622008;0.6118197440499439,False,False,0.01887023707618042,0.014070725148305513,7.979439958847919,True,5.606607835511104e-06,0.013353139554152897,True,0.011919099110487101,0.9025002824311439,9.364429987436503e-11,0.062216377729792806,0.44763851442886526
sobol_v3,l1a-gs-v3-059-ae8f1343e5,SCREENING_L1A_FIELD_SEPARATRIX_CUSP_TOPOLOGY,True,3,0.0062660027151650866,0.0016459832950204145,0.2626847401512894,0.8252484498694345,0.44876169495590496,False,0.003210324526662589,0.002595855439361185,0.5334025964699686,1.0550711512798443,0.0024580586906656197,4,2,3,False,0.34291904983744415,0.34319666827438255,0.34319666827438255;0.34291904983744415,0.34319666827438255;0.42699082362033386,0.28853274680298463;0.28829934707164184,False,False,0.11413565731500155,0.02418148108878489,0.10083604923677325,True,6.863674676966386e-06,0.007974207385489755,True,0.0036767393266747906,0.9491328309882741,9.989211211613923e-11,0.19601731371079437,0.7338517095123914
sobol_v3,l1a-gs-v3-060-80b56789fc,SCREENING_L1A_FIELD_SEPARATRIX_CUSP_TOPOLOGY,False,3,0.0034705057441897225,0.0018040546210613684,0.5198247039589818,1.6330774711120264,1.1207327743853654,False,0.0037302146884030662,0.00463225439907983,0.5659461526572704,0.7890688951709308,0.0014894899742572123,4,2,3,False,0.8804429413267095,0.9029160747684809,0.9029160747684809;0.8804429413267095,0.9389372707694388;0.8804429413267095,0.5781751646660491;0.5600724764381608,False,False,0.06431432497026862,0.03465672288899464,0.7484247424541145,True,6.125176082159324e-06,0.014896168825231433,True,0.011274095500791203,0.8983571253390447,9.176200872865837e-11,0.07030855225267518,0.3205255507310122
sobol_v3,l1a-gs-v3-061-e5e97a1ae7,SCREENING_L1A_FIELD_SEPARATRIX_CUSP_TOPOLOGY,False,5,0.005886081647076935,0.0034282138340131496,0.5824271628504545,1.829748896062134,1.3550433861385713,False,0.007033245679849642,0.002318236597441137,0.6144610133953392,1.1135300130583345,0.0023312155186244717,6,4,5,True,1.096350521121319,1.1408149308406859,1.096350521121319;1.1408149308406859;1.1363568298626856;1.1006131729114936,1.1853035663514033;1.615812660113496;1.1363568298626856;1.1006131729114936,0.6299858308396243;0.6063402342171373;0.6045192561201002;0.6285618401761909,False,False,0.024912342996796368,0.013095276495465378,2.7209591949089624,True,7.504300996608038e-06,0.005457025016356117,True,0.003791552826058626,0.9566505427510862,9.759006277333815e-11,0.04187609129690683,0.8469610153444717
sobol_v3,l1a-gs-v3-062-81850fa8a5,SCREENING_L1A_FIELD_SEPARATRIX_CUSP_TOPOLOGY,False,4,0.004645726608941914,0.002651375234563602,0.5707127125088115,1.7929468649279858,1.308321232732418,False,0.00549639284145087,0.0038234767932444815,0.48260337816551324,1.1974051132448948,0.0012239137498952673,5,3,4,False,0.9124097909172304,1.2696464146153736,0.9136291457910809;1.2696464146153736;0.9124097909172304,1.3270710795592309;1.2696464146153736;0.9124097909172304,0.611838449878917;0.6441645896103362;0.6094187582110917,False,False,0.042872530125478585,0.020686965743065173,1.7940035251994368,True,1.958943740741799e-05,0.008869272716727918,True,0.006861895708325493,0.9331231561645477,9.949122729509407e-11,0.0716311100724606,0.5667070384632393
sobol_v3,l1a-gs-v3-063-f3fd134978,SCREENING_L1A_FIELD_SEPARATRIX_CUSP_TOPOLOGY,False,3,0.0055100883582781535,0.0040246448616017005,0.730413851813324,2.2946627909369623,2.0875894423739663,True,0.005987401492347999,0.0029082642058841884,0.6806513321399689,0.9801895988173783,0.004457897631145346,4,2,3,False,1.648845271691924,1.650632394124891,1.648845271691924;1.650632394124891,1.648845271691924;1.8289044551748268,0.6827374277510921;0.683477421608556,True,False,0.014336881238341401,0.00396755937707783,2.43401865751738,True,1.3826012737461462e-05,0.005327526222146117,True,0.006540432091226593,0.934521748510876,9.977817629185146e-11,0.0676710218069046,0.6760679744304283
sobol_v3,l1a-gs-v3-064-6e18d1e081,SCREENING_L1A_FIELD_SEPARATRIX_CUSP_TOPOLOGY,False,3,0.004314824449465959,0.0021252455617286614,0.49254508187272844,1.547376010773147,1.0295396637769845,False,0.004362123354439973,0.0035832012945786118,0.4885896711051464,1.00176451014122,0.002539711268450163,4,2,3,False,0.8254182186820678,0.831730145129282,0.831730145129282;0.8254182186820678,0.831730145129282;0.9292946020574718,0.5324382092419061;0.528397582803028,False,False,0.05355697640522921,0.021152280045007934,1.5830503320305023,True,7.740929337168422e-06,0.0066458459769101665,True,0.007348098334582827,0.9234796477827043,9.46233336988299e-11,0.08000930859487106,0.4595645222505378
sobol_v3,l1a-gs-v3-065-e22bb55558,SCREENING_L1A_FIELD_SEPARATRIX_CUSP_TOPOLOGY,False,4,0.004987282557522121,0.003847950421004498,0.7715525191571082,2.4239037260426692,2.348648856926605,True,0.0067143646638214705,0.004068651543650777,0.6880383697338401,1.193022504565306,0.0026569604301099037,3,3,4,False,1.2888150899904158,2.389269968208676,1.2888150899904158;2.389269968208676;1.2958794832564806,2.5699137745161234;2.389269968208676;1.2958794832564806,0.7125218280026274;0.755422589276867;0.7225496058257709,False,False,0.038249728130293724,0.023391181360867895,3.7570209148474185,True,2.3575776637993137e-06,0.0061733699532754245,True,0.00975337341103039,0.9169503896110953,9.55908901359829e-11,0.07808664699946447,0.6675917058274733
sobol_v3,l1a-gs-v3-066-3598d97d03,SCREENING_L1A_FIELD_SEPARATRIX_CUSP_TOPOLOGY,False,5,0.0038907144298718777,0.0016279185765597504,0.4184112213584789,1.3144776191993301,0.8097857410826456,False,0.003983159579547646,0.002773912491556257,0.5552432917244732,1.143694478215184,0.0002893380955471805,6,4,5,True,0.6686490158905652,0.7111359602401907,0.7111359602401907;0.6686490158905652;0.6776896142304604;0.6992178084552106,0.7111359602401907;0.9558862250350257;0.6776896142304604;0.7020960259971305,0.5048921963104159;0.4747273222967948;0.4813431934590662;0.4966340427504711,False,False,0.029978084896768092,0.013694197752681662,2.4785325572494656,True,2.096887972027157e-05,0.011733221540812536,True,0.003991625325311059,0.9385065630454218,9.80814093032374e-11,0.08046108738091196,0.622329820474094
sobol_v3,l1a-gs-v3-067-e767fdb545,SCREENING_L1A_FIELD_SEPARATRIX_CUSP_TOPOLOGY,False,3,0.006113721502515546,0.002901534387092397,0.47459381097070497,1.4909804299847498,0.9727471726347202,False,0.005363512299481954,0.0046591903388500215,0.6042324078083038,0.7760883403243497,0.00399696561138399,4,2,3,False,0.796664679833892,0.8008902573792707,0.8008902573792707;0.796664679833892,0.8008902573792707;0.9303807020027468,0.5222282755803843;0.5194729466766775,False,False,0.034660638113170106,0.010238984685670069,1.8158196675745526,True,6.602247134342154e-06,0.008203352514005679,True,0.01362456016758481,0.9022776139005528,9.596195285756143e-11,0.10675049433960938,0.44017703034005656
sobol_v3,l1a-gs-v3-068-71057b61d4,SCREENING_L1A_FIELD_SEPARATRIX_CUSP_TOPOLOGY,False,3,0.003513832634780556,0.0034536961748017347,0.9828857927427791,3.0878267857984945,4.279003106745729,True,0.005542379241887829,0.002490141827426851,0.6973563387058674,1.0678759936825373,0.0005822275631674476,2,2,3,False,2.1916932721205966,2.2119321159607015,2.2119321159607015;2.1916932721205966,3.3976439011666604;2.1916932721205966,0.7917054186796723;0.7811871291441369,True,False,0.06268092645664208,0.03828154049536316,0.24343267371984625,True,6.489932269593268e-06,0.00972115136738563,True,0.004353091170210817,0.9326906623543447,9.93983261916422e-11,0.03278607669802838,0.6515962212179031
sobol_v3,l1a-gs-v3-069-522efe7079,SCREENING_L1A_FIELD_SEPARATRIX_CUSP_TOPOLOGY,False,5,0.005748918871177011,0.0018195071088484838,0.3164955271800461,0.9943000230828616,0.5611709105495831,False,0.004837298751226626,0.004454885676223785,0.5279042929038406,0.8379460912197828,0.007823514909602957,6,3,4,False,0.48940597055037854,0.4993940716678219,0.4993940716678219;0.49074756931566377;0.48940597055037854,0.4993940716678219;0.6082807529752671;0.48940597055037854,0.4032149698912099;0.3962337112352026;0.39525247220408044,False,False,0.02406731287565757,0.0037015440145680588,1.2073463814988163,True,1.211828425045497e-05,0.007642479551848686,True,0.010632276043854732,0.9161764840934354,9.876215181629972e-11,0.1056973655080357,0.44275823639915657
sobol_v3,l1a-gs-v3-070-1f66c7240f,SCREENING_L1A_FIELD_SEPARATRIX_CUSP_TOPOLOGY,False,5,0.004688679004175356,0.003996129344159272,0.852293223869803,2.677558130813734,2.9555684936455364,True,0.007836065688024973,0.0030808530296199026,0.6587810827419162,0.9259418294415809,0.00360301711322368,4,4,5,True,1.3274766574729635,2.0411964301628633,1.3274766574729635;2.01878475375586;2.0411964301628633;1.3360592974715688,2.6293003581052634;7.253330970668813;2.0411964301628633;1.3360592974715688,0.7288150791209489;0.6392156715229504;0.6506790257007811;0.8265536543749243,False,False,0.022694489692111686,0.007039194934482791,8.388806141161504,True,3.446518066071644e-06,0.010591506806331936,True,0.006420434960439759,0.9395825926258944,9.592192373142531e-11,0.02812180706180582,0.5582825149124625
sobol_v3,l1a-gs-v3-071-8f56d9cef7,SCREENING_L1A_FIELD_SEPARATRIX_CUSP_TOPOLOGY,False,4,0.005373276512727898,0.002633316316860146,0.4900764571900409,1.5396205976055453,1.0215830784995994,False,0.004321551242355781,0.0036454244766384366,0.5797959432564675,1.2548760592937471,0.001648785529945681,5,3,4,False,0.9200176539810284,0.9501800874210554,0.9200176539810284;0.9501800874210554;0.9200368879491938,0.9200176539810284;0.9501800874210554;0.9442719323415849,0.5514082967449673;0.5699045528144087;0.5518250888866466,False,False,0.0390730303618367,0.0012091147688662932,0.6249258298965589,True,2.528559305585692e-05,0.01174852390055808,True,0.007347666301920604,0.929821134186541,9.778026244065836e-11,0.15966792472277855,0.6981574991058117
sobol_v3,l1a-gs-v3-072-25ea9b94b4,SCREENING_L1A_FIELD_SEPARATRIX_CUSP_TOPOLOGY,True,4,0.004014383096546226,0.0019315347190058674,0.4811535602239017,1.5115884900479837,0.9932164402863465,False,0.003999761055638373,0.00221860288400203,0.6367530831880868,1.0558524127001874,0.0007426370393385353,5,3,4,False,0.8492553197366622,0.9389254798873359,0.8492553197366622;0.9389254798873359;0.8535599598450847,0.9269032547247903;0.9389254798873359;0.8535599598450847,0.5731664095900123;0.5810520768146298;0.5743203165148749,False,False,0.0254853778551936,0.01300158859567838,0.17760683345596764,True,1.7347143252123727e-05,0.018576997567679616,True,0.00233400059638178,0.9468521196521259,9.825509385973076e-11,0.07183132654091007,0.705721402344803
sobol_v3,l1a-gs-v3-073-09992ae4a8,SCREENING_L1A_FIELD_SEPARATRIX_CUSP_TOPOLOGY,False,5,0.006429029583159718,0.0032924478327913675,0.512122053601316,1.6088788813352128,1.0943617195833168,False,0.005763197848864365,0.004530911555234343,0.5887129090726375,0.8644705926766619,0.007908457275099194,6,3,4,False,0.9514295048006594,0.9586820314743589,0.9536473129684809;0.9514295048006594;0.9586820314743589,0.9536473129684809;1.1936618003858428;0.9586820314743589,0.5665233190958603;0.5652058089144063;0.5694117727281687,False,False,0.02146115199871955,0.0028050292346638115,1.5877267259734722,True,1.3720366774300219e-05,0.007751177800896783,True,0.012977473116597948,0.9032134064392785,9.811240741360601e-11,0.10033426505290642,0.47432759348099296
sobol_v3,l1a-gs-v3-074-494f36f8f8,SCREENING_L1A_FIELD_SEPARATRIX_CUSP_TOPOLOGY,False,5,0.004389257716866268,0.0025156477067866945,0.5731373888391209,1.800564210274619,1.3178770571173504,False,0.0050852625572588295,0.00302840571096167,0.718476224541664,0.9139203383470885,0.003569423928209871,6,4,5,True,1.0176115060864168,1.0499405621384243,1.0176115060864168;1.0499405621384243;1.042842427616901;1.0225648905118692,1.1510530169228474;1.7287780835034634;1.042842427616901;1.0225648905118692,0.6388562964137704;0.5827369626948343;0.579361707736194;0.6394988555801979,False,False,0.01095111058620812,0.007288483387471688,3.9757690860018764,True,1.2045381660036065e-05,0.011300337690770063,True,0.006092110908130508,0.9312141112197659,9.376098793551181e-11,0.06360696533584537,0.5708084785740531
sobol_v3,l1a-gs-v3-075-0cef147584,SCREENING_L1A_FIELD_SEPARATRIX_CUSP_TOPOLOGY,False,3,0.005254927299574774,0.004152081144638942,0.7901310347290487,2.4822698540780808,2.476549189416549,True,0.007655732259991055,0.003939858720451593,0.5199544994719326,1.2813984708627686,0.0016222087435975696,2,2,3,False,1.4864327127663612,1.4903033832473256,1.4903033832473256;1.4864327127663612,2.122196356345964;1.4864327127663612,0.7367195316701851;0.7275270868510405,False,False,0.06764364833116236,0.03824036477118019,0.6605790927294856,True,2.3278326419648096e-06,0.005939023712833126,True,0.009549214345918535,0.9262162152593265,9.673086949975514e-11,0.04681718377755493,0.661805675618716
sobol_v3,l1a-gs-v3-076-c57391dd35,SCREENING_L1A_FIELD_SEPARATRIX_CUSP_TOPOLOGY,False,3,0.004760125843858987,0.003599213385314215,0.7561172757559638,2.3754124787672635,2.247241537967988,True,0.005986289408610901,0.003307561325840652,0.5491598856076598,0.9745780577068217,0.002676106838431979,4,2,3,False,1.6756374282989377,1.678224912051006,1.6756374282989377;1.678224912051006,1.7606458078431593;1.678224912051006,0.687917322478883;0.6842135057789493,True,False,0.054117736003173496,0.024969392094738207,1.3913244401353895,True,8.28273886166811e-06,0.004736142401263643,True,0.007031458249126531,0.9300958273068726,9.862126713217003e-11,0.045505332880598194,0.5425045197084535
sobol_v3,l1a-gs-v3-077-3c00df76f8,SCREENING_L1A_FIELD_SEPARATRIX_CUSP_TOPOLOGY,False,5,0.005637876623040938,0.00232476578639762,0.4123477581784498,1.2954286878176384,0.7934228816536892,False,0.005352438882255228,0.004146043895650655,0.6272043224237859,1.204631719691679,0.0030199789767494157,6,4,5,True,0.6864586576350309,0.7078830261108352,0.7078830261108352;0.688797468476337;0.6864586576350309;0.7076785641193005,0.7078830261108352;0.9117810742903355;0.6864586576350309;0.7163344633027717,0.5035198362350505;0.48994420791779175;0.48849079766712866;0.5035910938461213,False,False,0.023139452252709997,0.011801526035903986,1.9277255549599912,True,1.1727623003629159e-05,0.002365698316629418,True,0.011117116129969247,0.9137275289351688,9.622688044423221e-11,0.128172219023966,0.6632577610967689
sobol_v3,l1a-gs-v3-078-9093dedf85,SCREENING_L1A_FIELD_SEPARATRIX_CUSP_TOPOLOGY,False,4,0.0036344328327686526,0.003144972209156549,0.8653268209556537,2.718504383668492,3.0669411083323497,True,0.006268705769798544,0.0027173641580156985,0.4956395057402551,1.1165059358929283,0.0003447571372452499,3,3,4,False,1.1041933686743413,3.7254374399689816,1.1041933686743413;3.7254374399689816;1.1103802112230508,4.539271595763459;3.7254374399689816;1.1103802112230508,0.6361243589599045;0.7736868697240243;0.6357759877325324,False,False,0.058206012063757744,0.03343148682174384,9.277626991480624,True,2.9819422645224747e-06,0.016946943198302703,True,0.0032503205182572706,0.9463249135311509,9.861185924126248e-11,0.027667900356375695,0.5550516184225188
sobol_v3,l1a-gs-v3-079-9a64521785,SCREENING_L1A_FIELD_SEPARATRIX_CUSP_TOPOLOGY,False,3,0.006061217058231705,0.0014227600222511683,0.23473173928310748,0.7374315076961651,0.39435383310720507,False,0.0031569519933327683,0.004954991066083312,0.6641581697389483,0.7876996453385801,0.004435871198402855,4,2,3,False,0.340387551922235,0.34147894296085335,0.340387551922235;0.34147894296085335,0.340387551922235;0.42998850200349453,0.3038471838256651;0.3048214147917038,False,False,0.008177803051794497,0.007613483803989292,1.0336344458322557,True,1.4424770233851386e-05,0.0033635939125357455,True,0.013992961769520194,0.8987935431204988,9.614574747916032e-11,0.27331301154078125,0.4591296512082304
sobol_v3,l1a-gs-v3-080-7a794142cd,SCREENING_L1A_FIELD_SEPARATRIX_CUSP_TOPOLOGY,False,4,0.003747577107787947,0.0039221310426000855,1.0465778100867873,3.2879211595787443,5.124826947986301,True,0.007119045733816165,0.003993903959449381,0.5977300710976123,1.1037565300706773,0.0038901417466376403,3,3,4,False,1.137654831297633,11.484584674053398,1.137654831297633;11.484584674053398;1.1413686434525532,18.039460038655825;11.484584674053398;1.1413686434525532,0.6128579931918041;0.7402419813658633;0.9418079894303892,False,False,0.034580365700937865,0.023572559282843512,15.785667841013705,True,1.0664935223919647e-05,0.08007255844184451,True,0.00720287983317771,0.9211284777715016,9.826352883630006e-11,0.038320110348134435,0.5086753405095483
sobol_v3,l1a-gs-v3-081-cf38b8a52e,SCREENING_L1A_FIELD_SEPARATRIX_CUSP_TOPOLOGY,False,4,0.005969261195787112,0.002745596148088225,0.45995577309064095,1.4449936777177714,0.9282075739984303,False,0.00452769933417585,0.003432362850010395,0.638752411622554,0.8181117834639735,0.0010416668607295138,5,3,4,False,0.8454097294323986,0.8863250180756518,0.8454097294323986;0.8863250180756518;0.8459169108681462,0.8454097294323986;0.8863250180756518;0.9042796167203958,0.540288339974675;0.5666694364211103;0.540834625408062,False,False,0.01911812597215381,0.0017585897548161279,0.9533150599601831,True,8.715626323377995e-06,0.0061126043139926615,True,0.007430778259292402,0.9349161898904388,9.127822592244656e-11,0.11665025376774993,0.51376686066256
sobol_v3,l1a-gs-v3-082-c69bbb1332,SCREENING_L1A_FIELD_SEPARATRIX_CUSP_TOPOLOGY,False,5,0.004946688605741656,0.0033250100932491478,0.672168870583401,2.1116807857965614,1.7644593248916531,True,0.0057746660113480175,0.004803706792928278,0.5146867366321385,0.9706864981446415,0.0022655608596379977,6,4,5,True,1.2557755920742408,1.4089505255571015,1.2557755920742408;1.4089091764059636;1.4089505255571015;1.2718204197724892,1.5165238717856488;2.2976035989906305;1.4089505255571015;1.2718204197724892,0.6803613652779311;0.6320819531073325;0.6333052062098542;0.6844201910864879,False,False,0.03781319767207964,0.014585344925115387,3.6740002000162555,True,1.3992417382453683e-05,0.004555433302525527,True,0.012297522712228094,0.9030636815416214,9.375397708787279e-11,0.06821827038916858,0.4300307664366259
sobol_v3,l1a-gs-v3-083-8b69e29368,SCREENING_L1A_FIELD_SEPARATRIX_CUSP_TOPOLOGY,False,3,0.00561782077238604,0.0018989741620316636,0.3380268326405006,1.061942614139623,0.6094206364260761,False,0.004851521521231916,0.002841310024354607,0.7052274969220161,1.2261776192230172,0.0028220604760422433,4,2,3,False,0.5060408395915493,0.5100717157191839,0.5060408395915493;0.5100717157191839,0.5060408395915493;0.6264878734531836,0.40569024162546746;0.4089217735142817,False,False,0.025997795471289692,0.019064257009470266,1.8617281141773656,True,4.175019478034128e-06,0.007093299187587946,True,0.006225298006107206,0.93760137876894,9.879289400432501e-11,0.1435267883691344,0.853096324026196
sobol_v3,l1a-gs-v3-084-23ca9346d2,SCREENING_L1A_FIELD_SEPARATRIX_CUSP_TOPOLOGY,False,3,0.004542515806861047,0.0017398578211214044,0.3830163493308072,1.203281349262446,0.7172999276799943,False,0.0036390315335665946,0.004310411618184299,0.6181837557815015,0.8927699270425364,0.0016149480568370589,4,2,3,False,0.5885840775963801,0.5933279323003658,0.5933279323003658;0.5885840775963801,0.5933279323003658;0.7052182927992944,0.4475557361236822;0.4439773787457064,False,False,0.04069239600639254,0.018655305136105346,1.657582471704944,True,1.310333812924334e-05,0.007302671329711295,True,0.011043470867350899,0.9096432021629854,9.715655633896912e-11,0.15457333420665184,0.43667315862109174
sobol_v3,l1a-gs-v3-085-58c2113ce0,SCREENING_L1A_FIELD_SEPARATRIX_CUSP_TOPOLOGY,False,5,0.005225787374001811,0.0028278767540541594,0.5411388852372353,1.7000379464330686,1.1963905929565872,False,0.0052406166923901765,0.002422701909020543,0.5471656784042715,1.2858365816879087,0.004772442944902138,6,4,5,True,1.0184792782954735,1.0309691632465194,1.0309691632465194;1.027393530009225;1.0285120131532897;1.0184792782954735,1.0309691632465194;1.3257506078985108;1.0285120131532897;1.081596928879023,0.582144720474691;0.5801257114823268;0.5814094503111957;0.5757380271443265,False,False,0.025951920976683494,0.0031742893987412005,1.8233113712569997,True,1.577165737428124e-05,0.01015507262673397,True,0.003496156332876889,0.9463560943959454,9.935460224805179e-11,0.0746906374397738,0.8749582725479012
sobol_v3,l1a-gs-v3-086-b6f3459391,SCREENING_L1A_FIELD_SEPARATRIX_CUSP_TOPOLOGY,False,4,0.004142667958149104,0.002204371942752914,0.5321140784205649,1.6716856796377497,1.163863811228335,False,0.0049110715444840025,0.0037202144464477897,0.6694281355664133,1.0258357628015802,0.003817552064423885,5,3,4,False,0.7759945380243131,1.1599995185657548,0.7759945380243131;1.1599995185657548;0.7762248306357187,1.2325416288590791;1.1599995185657548;0.7762248306357187,0.5653562600365933;0.63910815663085;0.6725981759529284,False,False,0.01669691106426284,0.015441629848897827,2.471339492282991,True,9.668283216654992e-06,0.010963892507031198,True,0.007453306736975888,0.9288295399329873,9.808945581325104e-11,0.08423319578249423,0.5239302962289543
sobol_v3,l1a-gs-v3-087-6feabaefc2,SCREENING_L1A_FIELD_SEPARATRIX_CUSP_TOPOLOGY,False,4,0.006376431210810551,0.003719604927027831,0.5833364783613821,1.8326055949910596,1.3587292454055775,False,0.0067814985413860995,0.0032316490781493486,0.5088843137584627,0.8777665497618727,0.0006701066546001942,5,3,4,False,1.1148657458148383,1.2905814071769726,1.1148657458148383;1.2905814071769726;1.1211049345567543,1.2598604716665145;1.2905814071769726;1.1211049345567543,0.628347707191837;0.6448170466667648;0.6273815296671718,False,False,0.03986150595768126,0.011389286247856865,0.05383561635726387,True,1.1027631121773157e-05,0.00669870374143297,True,0.006140283738949927,0.9404825042791993,9.339726535644906e-11,0.050301423332300296,0.55076143691718
sobol_v3,l1a-gs-v3-088-13a5597adc,SCREENING_L1A_FIELD_SEPARATRIX_CUSP_TOPOLOGY,False,4,0.004629270031728083,0.003022097125722212,0.6528236860259539,2.0509060961085464,1.667836567139761,True,0.0069042991008245735,0.004603777830209583,0.6783167165704072,0.9559416606090962,0.00235810213120179,3,3,4,False,0.7316939283417782,1.8368723041670114,0.7316939283417782;1.8368723041670114;0.7471958305178439,2.230781963544475;1.8368723041670114;0.7471958305178439,0.5206148741894344;0.7013327233040547;0.5491282499542219,False,False,0.059454753416222396,0.03547066149332744,7.746815791077978,True,1.8688249990329864e-06,0.007622118757654782,True,0.011101538060429402,0.9089493835234772,9.87701226909225e-11,0.05841829482882266,0.4913770107975506
sobol_v3,l1a-gs-v3-089-ee6be003b7,SCREENING_L1A_FIELD_SEPARATRIX_CUSP_TOPOLOGY,True,5,0.005496262599081092,0.001507354135355854,0.2742507491559565,0.86158413878985,0.4720213493438708,False,0.0033625642654442345,0.0023685880802571777,0.4868279291689396,1.2414626435958782,0.005734661292354311,6,3,4,False,0.3824072849586369,0.39908706550634326,0.3824072849586369;0.39699067795958276;0.39908706550634326,0.3824072849586369;0.4373249134865965;0.39908706550634326,0.31576165346484153;0.32780346456058035;0.3299930615689996,False,False,0.0925889963306859,0.006682499089293566,0.4031075539135964,True,7.915771898518026e-06,0.016051184558614963,True,0.0026553742623947655,0.9594615671850732,9.801658381866576e-11,0.1624477012312876,0.8364048646534119
sobol_v3,l1a-gs-v3-090-c761e36e9c,SCREENING_L1A_FIELD_SEPARATRIX_CUSP_TOPOLOGY,False,5,0.0034793939330484136,0.0035310255234435317,1.0148392482681263,3.188211526933734,4.684211034258177,True,0.005078725321254751,0.0037944890337064862,0.6102037462592125,1.0890095862559974,0.0038547726090730583,4,3,4,False,2.2296175691089286,3.1579338205816723,2.2296175691089286;3.1579338205816723;3.1481258033613844,3.653662947230097;11.390227347093296;3.1481258033613844,0.8245483455314725;0.7126735948734779;0.7124426891904102,True,False,0.022151551032874636,0.006862015638252772,6.88441734873739,True,9.791368856522029e-06,0.026607452385033592,True,0.007908217968388719,0.9122392304537108,9.329469376786526e-11,0.05519783038080221,0.5045908624875313
sobol_v3,l1a-gs-v3-091-7b2293aae6,SCREENING_L1A_FIELD_SEPARATRIX_CUSP_TOPOLOGY,False,3,0.005895366361073684,0.002442172120026953,0.41425281661073504,1.3014136053931649,0.7985398975527513,False,0.0042941697993228445,0.002959126884583384,0.5682553483732045,0.8333905217819847,0.0,4,2,3,False,0.6488233492568554,0.6533361717482689,0.6533361717482689;0.6488233492568554,0.6533361717482689;0.8169668380833508,0.458709106152986;0.4555406411868966,False,False,0.05099061887151773,0.0006139151930762549,1.5139999608818526,True,1.5815023268646745e-05,0.009225189016299179,True,0.005636736720503936,0.9410490400587183,8.802139201969255e-11,0.11604679758746762,0.5399452268292481
sobol_v3,l1a-gs-v3-092-a6151c1f36,SCREENING_L1A_FIELD_SEPARATRIX_CUSP_TOPOLOGY,False,3,0.0038774710264988244,0.0026005851595982676,0.6706910617321814,2.1070381123661597,1.7569010760091128,True,0.005393160528001317,0.004291371196787804,0.5376302662119269,1.1474685130873694,0.0031228824603782247,2,2,3,False,1.0926576403370856,1.096962830782936,1.096962830782936;1.0926576403370856,1.538032068077756;1.0926576403370856,0.694797000825813;0.6959557685769304,False,False,0.04110863016368774,0.015286378747409329,1.0350733047303702,True,4.126208998925067e-06,0.017712868700122963,True,0.010584638676530589,0.9042354937359184,9.92934943221353e-11,0.05578526121275765,0.4988655286256742
sobol_v3,l1a-gs-v3-093-235ce735bd,SCREENING_L1A_FIELD_SEPARATRIX_CUSP_TOPOLOGY,False,5,0.00630558119246416,0.004028862804261735,0.638935996744702,2.0072766334872276,1.601470390008956,True,0.007249039082125819,0.0033768825482577087,0.6991157059930264,0.7545256881392561,0.0022011191068523096,6,4,5,True,1.2540395597571496,1.3624352647244127,1.2540395597571496;1.3624352647244127;1.3606347722454528;1.2630825703613053,1.4126958670598735;1.9357627114780231;1.3606347722454528;1.2630825703613053,0.6738657057650036;0.6498910506005853;0.6496313224576322;0.6750430415087733,False,False,0.018305720351457846,0.012779150863517294,2.7795178846048505,True,2.7272235016920915e-06,0.0046207254986271465,True,0.008782951586679692,0.9261869406236559,9.96119336531632e-11,0.04893259112503579,0.5035153263961925
sobol_v3,l1a-gs-v3-094-43860a4208,SCREENING_L1A_FIELD_SEPARATRIX_CUSP_TOPOLOGY,False,4,0.004228165515087312,0.0020492843104875647,0.48467457179127166,1.5226500741212379,1.0043371904899696,False,0.004120658438296232,0.004882082395069301,0.5738196552358568,1.0143963912734761,0.001397252513951682,5,3,4,False,0.7733784165869847,0.9623557034408928,0.7733784165869847;0.9623557034408928;0.7756034053940243,1.0036229162638366;0.9623557034408928;0.7756034053940243,0.5617280968592335;0.582253228800024;0.5625305086932282,False,False,0.038596263706416466,0.01736914393143951,1.108424293272991,True,1.186072682660003e-05,0.014340384485990112,True,0.010386653788616229,0.912594312193807,9.820077209290477e-11,0.12079714202366677,0.4449899778257715
sobol_v3,l1a-gs-v3-095-9e3065721e,SCREENING_L1A_FIELD_SEPARATRIX_CUSP_TOPOLOGY,False,3,0.005107239279823261,0.0032239166293948074,0.6312444850843903,1.9831130369601926,1.565748814489747,True,0.005877715516362514,0.002567421347368509,0.6457720301672816,1.1625936137861572,0.002164908744062129,4,2,3,False,1.2360747571236996,1.2462358777260396,1.2360747571236996;1.2462358777260396,1.2360747571236996;1.3560770719888535,0.6244512772985626;0.6295845628885708,False,False,0.04240134097407341,0.02457909786185018,2.1162588511177356,True,6.981744740331558e-06,0.007411889767452598,True,0.004850029042532861,0.9423694613921993,9.742143772691446e-11,0.06117990271028598,0.8032481132120778
sobol_v3,l1a-gs-v3-096-da479b0445,SCREENING_L1A_FIELD_SEPARATRIX_CUSP_TOPOLOGY,False,3,0.0039653044996157405,0.003711764461513667,0.9360603862511333,2.940720432762985,3.7476856813026296,True,0.006793106732402521,0.004759250366128981,0.7129730332642793,1.234808385465294,0.0004341334655577583,2,2,3,False,1.3304978838810706,1.3536218527432886,1.3304978838810706;1.3536218527432886,5.152386829798891;1.3536218527432886,0.7122217781580245;0.720655625043172,False,False,0.08991029296869642,0.053672523383799416,7.124843052006507,True,6.247349950866052e-06,0.007098538513182039,True,0.013990377083440015,0.8904110968917688,9.57423278381732e-11,0.05536659977092778,0.6250808078286629
sobol_v3,l1a-gs-v3-097-9d6876b91c,SCREENING_L1A_FIELD_SEPARATRIX_CUSP_TOPOLOGY,False,4,0.006187483135363436,0.002261439500216511,0.365486167920469,1.1482086601276311,0.6740578815251876,False,0.003875758231515647,0.002870727388653904,0.5214880227483809,0.9448670353391208,0.006388001139610181,5,2,3,False,0.5573342286856221,0.5865818245048848,0.5573342286856221;0.5865818245048848,0.5573342286856221;0.5870118731519525,0.4017372254352569;0.4228194547158673,False,False,0.09345730423129425,0.013574899364703758,0.2611261119212456,True,1.0836131983771313e-05,0.00827386439172092,True,0.004428409070695069,0.9468767268466779,9.469694870470136e-11,0.13955960144768448,0.6192670292199254
sobol_v3,l1a-gs-v3-098-ec7f642479,SCREENING_L1A_FIELD_SEPARATRIX_CUSP_TOPOLOGY,False,5,0.0043401368502600235,0.00286306231009803,0.6596709755653212,2.072417490622425,1.7014689056954526,True,0.005179108385164,0.003993197532650083,0.6317973191477358,0.8267428201623261,0.003789362197562314,6,4,5,True,1.188855699192719,1.3324094730840128,1.2087555267499819;1.3022508923746825;1.3324094730840128;1.188855699192719,1.4713906692139194;2.3154061055666246;1.3324094730840128;1.188855699192719,0.6907182817475728;0.6113186100777911;0.6269798675579773;0.6776317112895897,False,False,0.01221835268192055,0.010048691541912281,4.538998711481073,True,1.080300410194815e-05,0.016404062587504264,True,0.009648272622556563,0.914000406172084,9.674976178271235e-11,0.061207279797831936,0.40941670763801885
sobol_v3,l1a-gs-v3-099-206617ea44,SCREENING_L1A_FIELD_SEPARATRIX_CUSP_TOPOLOGY,False,3,0.005013423208765744,0.001666382673647604,0.33238420222214815,1.044215767870405,0.5965778732020341,False,0.004622745734195632,0.0035055302143096926,0.5898453732579947,1.077936796809081,0.0013983800288808002,4,2,3,False,0.491377331869894,0.4961886379606859,0.4961886379606859;0.491377331869894,0.4961886379606859;0.5815734693676959,0.4003654161826343;0.3964832624651714,False,False,0.044999288677621756,0.024452685496596523,1.489238778380989,True,1.07283638750965e-05,0.006420824524297075,True,0.0077640039094854915,0.9232343505908116,9.737794875591528e-11,0.11998074486143927,0.6216529430906802
sobol_v3,l1a-gs-v3-100-fb14c9c621,SCREENING_L1A_FIELD_SEPARATRIX_CUSP_TOPOLOGY,False,3,0.004710999988674303,0.0018685457234823843,0.396634627037688,1.246064430460928,0.7520341463369604,False,0.0038588506513406173,0.003742753482423723,0.5010365830175578,0.766009570308961,0.0024771813236528794,4,2,3,False,0.6064950666539927,0.6111816762535299,0.6064950666539927;0.6111816762535299,0.6064950666539927;0.746855830445077,0.44372242246230875;0.44715122820035796,False,False,0.05577563713510853,0.015352350938740806,1.5640331763519193,True,5.857645953125795e-06,0.011599072857159455,True,0.007956932060613252,0.9221334025611088,9.012868184032956e-11,0.10153454672241247,0.3618221799887361
sobol_v3,l1a-gs-v3-101-bd3a3b42a0,SCREENING_L1A_FIELD_SEPARATRIX_CUSP_TOPOLOGY,False,5,0.0053963775226293365,0.003404649601179699,0.6309139023173482,1.9820744805678499,1.5642296581964872,True,0.005977967111903126,0.0031803991046734153,0.6625257994607091,1.1547790784738026,0.0031549557787750194,6,4,5,True,1.2691841982991814,1.3167271127465625,1.2691841982991814;1.3167271127465625;1.3134460800590146;1.2801694137101367,1.355213448665208;1.8985317197246376;1.3134460800590146;1.2801694137101367,0.6589289592507834;0.6402162160314575;0.6392512328422365;0.6607812538415851,False,False,0.019034771285408585,0.009851881008307951,2.853632170766157,True,2.194280528707536e-06,0.00625649736472776,True,0.007154482215849962,0.9328301754105253,9.92781021802096e-11,0.07811623382332064,0.7256813276396229
sobol_v3,l1a-gs-v3-102-93af9c6f85,SCREENING_L1A_FIELD_SEPARATRIX_CUSP_TOPOLOGY,False,5,0.003585359226235596,0.0027596196659942507,0.7696912615620052,2.418056412855455,2.336191799514705,True,0.005632270982459886,0.004376700654160232,0.5541632280126214,1.174079331778921,0.000602592344389301,4,4,5,True,1.0574158202628432,1.4673902845176234,1.0645231625338656;1.4673902845176234;1.4565777401065338;1.0574158202628432,2.0895685462585503;7.533071947776566;1.4565777401065338;1.0574158202628432,0.6613426257185703;0.5694238370402223;0.5668038512685319;0.6542355731512868,False,False,0.050801874816730035,0.02924231276401975,10.861701612257583,True,8.93966617305543e-06,0.015006656121719924,True,0.009740850936417819,0.9046608216169361,9.554227578999039e-11,0.05167912648263918,0.4975744333518484
sobol_v3,l1a-gs-v3-103-7c6448be3e,SCREENING_L1A_FIELD_SEPARATRIX_CUSP_TOPOLOGY,False,4,0.005819665622766479,0.0038698339549227967,0.6649581274539282,2.089027568154086,1.7278606277625268,True,0.006861828621367749,0.00241520193554461,0.6261120551638305,1.0217135131708346,0.005400606194344855,5,3,4,False,1.3176347691430665,1.6442626479093039,1.3176347691430665;1.6442626479093039;1.3273440417762643,1.6374254489139364;1.6442626479093039;1.3273440417762643,0.6921178288271116;0.6966895322905209;0.6917455191729122,False,False,0.01608330076225472,0.007077941422084666,0.2934540040764019,True,5.438422541294025e-06,0.009700663639684116,True,0.003944591650800785,0.9499435629361267,9.700268526678978e-11,0.044626734725728534,0.7593684919733495
sobol_v3,l1a-gs-v3-104-c24b30e526,SCREENING_L1A_FIELD_SEPARATRIX_CUSP_TOPOLOGY,False,4,0.00446077208925999,0.0031668520687162527,0.709933618070501,2.230322239066708,1.968135399531597,True,0.006875478046822536,0.0038430463971570136,0.561198754850775,0.8076979533303529,0.003599999887987146,3,3,4,False,0.8802185182350682,2.119961204573443,0.8802185182350682;2.119961204573443;0.8898011895393266,2.575596602880996;2.119961204573443;0.8898011895393266,0.5810498425334695;0.7123836180057155;0.7881858737730104,False,False,0.025062070453608854,0.013245973055137547,7.227601074867016,True,3.5044168913509616e-06,0.01619357194745214,True,0.0073415944706177886,0.9235657177692554,9.669447321471003e-11,0.03469376324260949,0.4025294228080863
sobol_v3,l1a-gs-v3-105-f9ed86dad9,SCREENING_L1A_FIELD_SEPARATRIX_CUSP_TOPOLOGY,True,4,0.005325709873432061,0.002057127781881718,0.38626358377949677,1.2134828371509327,0.7254892812236152,False,0.003883158592543623,0.0029283429586328567,0.6022173184901476,1.0975155562278816,0.002675160338339361,5,3,4,False,0.6502281085166581,0.6861830218121594,0.6557050930696858;0.6861830218121594;0.6502281085166581,0.6557050930696858;0.6870827286197331;0.7111766177040237,0.47112966698613346;0.4930283171119799;0.46788227280857114,False,False,0.029698548282150898,0.0004982848196261325,0.8509865145889359,True,1.0709201707120863e-05,0.010007430605565564,True,0.004764466240026442,0.9421237099416145,9.903245931922567e-11,0.15126573835850513,0.6953789054838109
sobol_v3,l1a-gs-v3-106-ccec1c8b2f,SCREENING_L1A_FIELD_SEPARATRIX_CUSP_TOPOLOGY,False,5,0.004036716251903272,0.004102334944946051,1.016255463339005,3.1926606977963097,4.70303536824154,True,0.005262439451144019,0.004608585193660111,0.49496816419065,1.2157698210794479,0.0,4,4,5,True,2.5604035984374143,3.3939576757700847,2.5604035984374143;3.3939576757700847;3.3845799494667848;2.603282414960491,3.5845051519845845;7.2911097228324095;3.3845799494667848;2.603282414960491,0.7508679055819211;0.71095277690652;0.7108929563872799;0.7579922179143361,True,True,0.06498283114743292,0.007269881594234036,3.983265522539595,True,9.732457143255685e-06,0.015934813788588416,True,0.01062121940300618,0.9023604520736849,9.609043276431324e-11,0.0690937983315976,0.4834986939016461
sobol_v3,l1a-gs-v3-107-7f1889d131,SCREENING_L1A_FIELD_SEPARATRIX_CUSP_TOPOLOGY,False,3,0.006452094722590118,0.002565396608588344,0.39760678026104607,1.2491185398855935,0.7545533419189083,False,0.005694167096407909,0.00229405415430665,0.6855124724842607,0.9644478846457787,0.004322464873925972,4,2,3,False,0.6360049811586205,0.6378393943040668,0.6360049811586205;0.6378393943040668,0.6360049811586205;0.7853739113201705,0.4688978930021927;0.47025032338289247,False,False,0.016175745794378565,0.007740897086558778,2.034400495279587,True,1.1300116053092162e-05,0.004579059690988784,True,0.0043349699533449595,0.952273316029904,9.761370366836138e-11,0.07881732260483446,0.7760641798991647
sobol_v3,l1a-gs-v3-108-5bd8ef72c6,SCREENING_L1A_FIELD_SEPARATRIX_CUSP_TOPOLOGY,False,3,0.0036598276210497716,0.002362530278332997,0.645530479289442,2.027993811404009,1.6326798569375114,True,0.005429324507531419,0.004855442422442138,0.6529024394229055,1.2914120671106502,0.0006894932378841215,2,2,3,False,0.8497180959598971,0.8599359162653335,0.8497180959598971;0.8599359162653335,1.6700040231766433;0.8599359162653335,0.5945774488508155;0.600424900448966,False,False,0.09128232191749415,0.05408137006462337,3.7224866306477247,True,5.930068399953581e-06,0.01273120629444438,True,0.013618333731871598,0.888573897879793,9.155631310808079e-11,0.07206552744276054,0.5891726249494964
sobol_v3,l1a-gs-v3-109-8e214a9f34,SCREENING_L1A_FIELD_SEPARATRIX_CUSP_TOPOLOGY,False,5,0.006087298929742246,0.003561451616405975,0.585062711312713,1.8380287157493453,1.3657502165154418,False,0.00689767305902933,0.0026200378824956716,0.5818805853836239,0.90276637225179,0.00811612988234055,6,3,4,False,1.145813717944273,1.167628655677603,1.145813717944273;1.167628655677603;1.1639243483896307,1.193546384139214;1.5843587308083718;1.1639243483896307,0.6258564620153161;0.6122660577763087;0.6107728099148018,False,False,0.018047606988439,0.004392299848323331,2.3629050344811042,True,6.44289391678321e-06,0.002578543454433813,True,0.004746455596859902,0.9476122350032903,9.191041340898946e-11,0.040929769385792916,0.6374997844425092
sobol_v3,l1a-gs-v3-110-e5d3908605,SCREENING_L1A_FIELD_SEPARATRIX_CUSP_TOPOLOGY,False,4,0.004834633481550554,0.0015596535658914945,0.3226001664538354,1.0134783129782137,0.5746453714405828,False,0.0032661535378792905,0.004220981224160642,0.6909595632366836,0.8833443955285475,0.0028674600469907317,5,3,4,False,0.5426916679344046,0.5652086672302025,0.5441692866140079;0.5652086672302025;0.5426916679344046,0.5441692866140079;0.5652086672302025;0.5667276843579558,0.43395375530354885;0.4506088116405246;0.4326572852704282,False,False,0.00852914697753361,0.005513604676373397,0.6669061481766548,True,1.2983176851544091e-05,0.0030609357939481545,True,0.009261893780996984,0.9210140215703594,9.674314459494432e-11,0.1923708549090808,0.47716843428900535
sobol_v3,l1a-gs-v3-111-9a2eef943f,SCREENING_L1A_FIELD_SEPARATRIX_CUSP_TOPOLOGY,False,4,0.005711696992875659,0.0030080759424890857,0.5266518770588029,1.65452566796721,1.1445306862357716,False,0.00528259832663025,0.0033857490833848715,0.5304192892089485,1.035838240000885,0.001929401521403039,5,3,4,False,1.0128622580232227,1.07597311668092,1.0128622580232227;1.07597311668092;1.0165900351747788,1.0441247194923602;1.07597311668092;1.0165900351747788,0.5817165617258547;0.5998730431206918;0.5804801208404992,False,False,0.043272690782991764,0.007277625286466219,0.46671039088024047,True,1.3465831910554164e-05,0.002078165050293769,True,0.006516788862406785,0.9384013178211307,9.889415309845137e-11,0.08709904688047763,0.5966166782245437
sobol_v3,l1a-gs-v3-112-6ca0ee18a5,SCREENING_L1A_FIELD_SEPARATRIX_CUSP_TOPOLOGY,False,3,0.004872098628766253,0.0027074950849055313,0.555714342258942,1.7458280951351761,1.2505071526128686,False,0.005255660517832439,0.00276363902753219,0.6114717666059732,0.8535194915602915,0.0020380131654537947,4,2,3,False,1.0082715110540061,1.008318862003494,1.0082715110540061;1.008318862003494,1.0082715110540061;1.134120990854478,0.5820377066612291;0.5820650406062488,False,False,0.04475549968289391,0.023989317347437204,2.008715002308236,True,1.6785604135177712e-05,0.0056963025204403925,True,0.005295378232104527,0.9368679234999695,9.209796665966802e-11,0.05619143302818671,0.5390913381446264
sobol_v3,l1a-gs-v3-113-237fa9e685,SCREENING_L1A_FIELD_SEPARATRIX_CUSP_TOPOLOGY,False,4,0.005544059046769689,0.003960240168453311,0.714321426782204,2.2441069466807515,1.9931727467727796,True,0.006811704499341431,0.004728252865374089,0.5634278162755072,1.0490746304159984,0.004411125020787306,3,3,4,False,1.2676099185072338,1.952422928786068,1.2676099185072338;1.952422928786068;1.2691382386790424,2.0410407127728467;1.952422928786068;1.2691382386790424,0.7038201319614258;0.7190257252561874;0.740306139835575,False,False,0.02344693919359129,0.006633057978494237,2.258024593757841,True,1.6870090067573618e-06,0.006322668622444436,True,0.011437976697750473,0.9134011910649429,9.873381446024602e-11,0.07311236339335833,0.5413175105352428
sobol_v3,l1a-gs-v3-114-5e917c6292,SCREENING_L1A_FIELD_SEPARATRIX_CUSP_TOPOLOGY,False,5,0.0037222647997623426,0.0017617332605368574,0.47329605906848426,1.486903422142551,0.9687355490272431,False,0.004059758260154922,0.003529177830554545,0.6800076524354517,1.2704539262573236,0.0039389686443770345,6,3,4,False,0.760194051846239,0.7702632078110957,0.760194051846239;0.766791689832009;0.7702632078110957,0.8519369220097176;1.2757369515689603;0.7702632078110957,0.5629183831456269;0.5066585648518401;0.5102578989352059,False,False,0.014066571172230497,0.010047055766504961,3.8335753239828545,True,8.97427659992539e-06,0.01092113450491562,True,0.0074750865587443135,0.9212647928884075,9.317460121082671e-11,0.1145186457773939,0.6240783241883324
sobol_v3,l1a-gs-v3-115-e4c70809c0,SCREENING_L1A_FIELD_SEPARATRIX_CUSP_TOPOLOGY,False,3,0.00594312045177503,0.003462242931163928,0.5825631432608539,1.8301760911204772,1.3555940267800324,False,0.004507588601882162,0.004093964070174844,0.48148947469890113,0.9071443918859586,0.0,4,2,3,False,0.9921120655761344,0.9922075053059508,0.9922075053059508;0.9921120655761344,0.9922075053059508;1.222845781613716,0.49574259801630105;0.4956949128905989,False,False,0.14007617015820822,0.011241036571705155,0.4156901109226303,True,4.554610067250553e-06,0.004866189601066495,True,0.009330111774091975,0.9275844268483091,9.577908403781002e-11,0.13108402845447978,0.48029314359690034
sobol_v3,l1a-gs-v3-116-7865daa491,SCREENING_L1A_FIELD_SEPARATRIX_CUSP_TOPOLOGY,False,3,0.004120346880881698,0.002953125182102667,0.716717613219676,2.251634788389345,2.0069717422427766,True,0.004822127177249058,0.003156709102820605,0.572628569137305,1.211818760924507,0.003439486958136054,4,2,3,False,1.5287110191661175,1.5419108288570997,1.5419108288570997;1.5287110191661175,1.5419108288570997;1.5749493256571123,0.6610737972036891;0.655414554041585,True,False,0.030698927698251367,0.00979677174267932,1.7773047710312888,True,1.0985417151867984e-05,0.016962071777164404,True,0.006404579549706255,0.9310945177532601,9.851088296036256e-11,0.07132318111490547,0.6271682112741517
sobol_v3,l1a-gs-v3-117-1005eaeb2b,SCREENING_L1A_FIELD_SEPARATRIX_CUSP_TOPOLOGY,False,5,0.006353330292768078,0.0016146013504112489,0.2541346468715991,0.7983875396344521,0.43185674053428535,False,0.00443690076826897,0.0036420293409377335,0.6506692295148968,0.9861854640301317,0.0018330110698323867,6,4,5,True,0.38536071015558987,0.3987967315289234,0.38788415126460374;0.3987967315289234;0.39745961670797636;0.38536071015558987,0.38788415126460374;0.45936129201149417;0.39745961670797636;0.44460141920298213,0.3368903912394534;0.34636833310094156;0.3452319404385033;0.3347228753393604,False,False,0.011512672183327318,0.00381884585585252,0.9396806084947155,True,3.6877884786734594e-06,0.00580035236638922,True,0.008894429064018779,0.9328629206090494,9.223609012151818e-11,0.1739358087952976,0.6271733197463297
sobol_v3,l1a-gs-v3-118-7f30c1a381,SCREENING_L1A_FIELD_SEPARATRIX_CUSP_TOPOLOGY,False,4,0.004470989121728053,0.0037690145345550263,0.8429934477447999,2.6483420224593948,2.8785401162557838,True,0.007448499386555341,0.0025222479006275535,0.535920933522284,0.7948885223944672,0.0012639323067383872,3,3,4,False,1.2288340371141184,3.129453153820961,1.2288340371141184;3.129453153820961;1.2403177121925701,3.682184933123045;3.129453153820961;1.2403177121925701,0.6811572858394768;0.7555914731908907;0.6841370725746072,False,False,0.05139902105634854,0.029584159863322003,6.781700665657992,True,6.960277392360249e-06,0.013303035372907833,True,0.0032449826693744747,0.9473428968789663,9.529058014782036e-11,0.01847966810805068,0.48950268426942006
sobol_v3,l1a-gs-v3-119-94713a1e75,SCREENING_L1A_FIELD_SEPARATRIX_CUSP_TOPOLOGY,False,4,0.005155040714271308,0.0021549703769778716,0.4180316890634855,1.3132852833295785,0.8087549785184562,False,0.0037516193278861465,0.004407740540523082,0.7044431450776756,1.1281198987271637,0.0031175135884414667,5,3,4,False,0.7620162132579886,0.7873616827161779,0.7665493806327435;0.7873616827161779;0.7620162132579886,0.7665493806327435;0.7873616827161779;0.7753407578410031,0.5315793060850051;0.5464223942979257;0.5290234240597331,False,False,0.006382426167861791,0.005155457647570112,0.734067978070956,True,1.5054826618063517e-05,0.00677069038395789,True,0.010708843392450857,0.9154589720326557,9.802909471011061e-11,0.22092824959847548,0.6309964231041972
sobol_v3,l1a-gs-v3-120-60c34b6bff,SCREENING_L1A_FIELD_SEPARATRIX_CUSP_TOPOLOGY,False,4,0.0034078794678862323,0.0014586521956516663,0.42802341144899947,1.344675204972618,0.8361884803126383,False,0.0036717709535878384,0.003034578238334507,0.5119959881342947,1.1869055793969892,0.0034339142938441245,5,2,3,False,0.6394489138363431,0.818633810538205,0.6394489138363431;0.818633810538205,0.8363303421702196;0.8192979055200521,0.5043389897608013;0.5503580844157484,False,False,0.022948974749667048,0.01212577492809837,1.0986587853854681,True,1.5384932806838947e-05,0.005129081407501297,True,0.003602241575458204,0.9400563111825961,9.501170370282641e-11,0.08507034741384147,0.5387926258725346
sobol_v3,l1a-gs-v3-121-db8d3e98af,SCREENING_L1A_FIELD_SEPARATRIX_CUSP_TOPOLOGY,False,5,0.005824583879984857,0.003070796446991153,0.5272130181768687,1.6562885447813531,1.1465047050232782,False,0.005797467156298808,0.0038721627555787564,0.7114484629780053,0.9912266313331202,0.0014321505668159543,6,4,5,True,0.9926186419027148,0.9965816579878248,0.9931731898179209;0.9938195695533609;0.9926186419027148;0.9965816579878248,1.018862811272814;1.3501939470492266;0.9926186419027148;0.9965816579878248,0.6014371477786586;0.586654062456246;0.5863306739531269;0.6003771092958492,False,False,0.014584481522776159,0.011677384255023692,2.4019909894039615,True,2.091127163499464e-05,0.005365548596596368,True,0.010635464553230037,0.9189156068137191,9.665935387361027e-11,0.09865708211418932,0.6183843769371017
sobol_v3,l1a-gs-v3-122-1b72e30f3a,SCREENING_L1A_FIELD_SEPARATRIX_CUSP_TOPOLOGY,False,5,0.004606936784512072,0.0023162160232459428,0.5027670514240097,1.5794892752206704,1.0629988375465413,False,0.004655077551433351,0.0022685254113748673,0.5955868642777205,0.7699774471460842,0.002233856852171209,6,4,5,True,0.8967570655198733,0.9241741618439989,0.9101668911511195;0.8967570655198733;0.9161730785445122;0.9241741618439989,0.9101668911511195;1.1968287661462294;0.9161730785445122;0.9730180047122151,0.5571686997461305;0.5489597271022956;0.5616929994260373;0.5665983525546033,False,False,0.024601643308718023,0.009028207600326889,2.15883575074983,True,7.916436170058577e-06,0.01590630649580975,True,0.003003494495900182,0.948401958225793,9.05099638151181e-11,0.046467506184799626,0.5256112019611544
sobol_v3,l1a-gs-v3-123-4985ac7d79,SCREENING_L1A_FIELD_SEPARATRIX_CUSP_TOPOLOGY,False,3,0.005473197552419151,0.0036569842386597884,0.6681622951913005,2.0990937579786846,1.744036707241396,True,0.006636496695136884,0.004506965590361506,0.6445724330283701,1.1331589597510174,0.0026229285695285255,4,2,3,False,1.2905768877842234,1.2921292033767158,1.2905768877842234;1.2921292033767158,1.4336614634226539;1.2921292033767158,0.6651830324877838;0.6605051747165602,False,False,0.05492561995446186,0.032478708206491014,0.8935385236903768,True,6.537230128307939e-06,0.005028516099330335,True,0.013317489473854976,0.9014559111019519,9.965462679751813e-11,0.07881174533248611,0.6327720796077838
sobol_v3,l1a-gs-v3-124-f740cfc79a,SCREENING_L1A_FIELD_SEPARATRIX_CUSP_TOPOLOGY,False,3,0.004202770819574653,0.004165396037024038,0.9911071090584956,3.1136548127387877,4.379774771041892,True,0.006379394227224111,0.0026456090214662257,0.6720126556232571,0.8478184877545573,0.001424511887820535,2,2,3,False,2.4246357312248477,2.4642800207704405,2.4246357312248477;2.4642800207704405,3.3430280520367184;2.4642800207704405,0.7726745031005466;0.7821602419919317,True,False,0.053524405272381524,0.03240096757306491,0.6286175409229562,True,1.8829409520349644e-06,0.006378323376287368,True,0.005149722449863354,0.9422930645201819,9.429316888220614e-11,0.0268891238587259,0.5380329067606338
sobol_v3,l1a-gs-v3-125-460b460c34,SCREENING_L1A_FIELD_SEPARATRIX_CUSP_TOPOLOGY,False,5,0.00508115731554426,0.0024640545661895885,0.4849396334672734,1.5234827899353132,1.0051781821649752,False,0.005305815259816882,0.004957019640132785,0.5025643862597644,1.073575527779758,0.004832807499023461,6,4,5,True,0.8138566082417612,0.8343422830299334,0.8138566082417612;0.8310205225186412;0.8343422830299334;0.8236296368447734,0.8856767180883809;1.2190710843139316;0.8343422830299334;0.8236296368447734,0.5617875128332316;0.5271189170093243;0.52865840339731;0.5651237489009371,False,False,0.021245654097199907,0.009322932481679454,2.7806032132614202,True,6.1113638068037435e-06,0.006445997729737686,True,0.012671816034676467,0.9022039903311305,9.63788680037317e-11,0.09176921601894492,0.47363779875802037
sobol_v3,l1a-gs-v3-126-1de66cdc26,SCREENING_L1A_FIELD_SEPARATRIX_CUSP_TOPOLOGY,False,4,0.0038029634806662216,0.003262725360400509,0.857942858769953,2.69530698231151,3.003347837563702,True,0.006781364270864287,0.0032795561892911794,0.620374655406922,1.2647508161724546,0.0036223363336424183,3,3,4,False,0.919227874622897,4.145375862252055,0.919227874622897;4.145375862252055;0.927352625454301,5.663138365230077;4.145375862252055;0.927352625454301,0.5707802729337388;0.7505295950519645;0.8987982857816524,False,False,0.02415897141064657,0.02849274245224083,12.272094868548189,True,1.2223983364406839e-05,0.04048297038070195,True,0.005423933494221549,0.93182005914051,9.655415482996834e-11,0.042699895188766455,0.6441657885013092
sobol_v3,l1a-gs-v3-127-547cbdf9e2,SCREENING_L1A_FIELD_SEPARATRIX_CUSP_TOPOLOGY,False,3,0.00623176072986098,0.0020104729401282384,0.3226171586618488,1.0135316955740767,0.574683099891409,False,0.004132725174713414,0.004191822469700127,0.5413859683647751,0.9316473955288529,0.00038981833809787674,4,2,3,False,0.4733522071040061,0.47347215892490946,0.47347215892490946;0.4733522071040061,0.47347215892490946;0.5903819444485113,0.3778261216372085;0.3777304012650157,False,False,0.05574537813628499,0.003762444250388495,1.1197407449630612,True,9.21094415436488e-06,0.0017207056561684827,True,0.010429480973574006,0.9201524006120928,9.534189767454351e-11,0.18430841246145788,0.5162826237840755
sweep_v2,l1a-gs-v2-000-48d2ccedd5,SCREENING_L1A_FIELD_SEPARATRIX_CUSP_TOPOLOGY,True,3,0.0038,0.0014,0.3684210526315789,1.1574288723751869,0.681185993796585,False,0.00225,0.0022,0.48,0.75,0.0,4,2,3,False,0.5038277468422078,0.5045441437465712,0.5038277468422078;0.5045441437465712,0.5038277468422078;0.6385345138851382,0.36826482792533966;0.36878846677684235,False,False,0.13970518951894342,0.015023647728770692,0.3823279389578946,True,1.4029604078810449e-05,0.022022480151122105,True,0.0017870480430936435,0.9549935860127307,9.90669192598759e-11,0.11772427843379325,0.4473841672613308
sweep_v2,l1a-gs-v2-001-0830ddda40,SCREENING_L1A_FIELD_SEPARATRIX_CUSP_TOPOLOGY,True,5,0.0065,0.0022,0.3384615384615385,1.0633082827534686,0.6104160432346074,False,0.005,0.004,0.72,1.3,0.0091,6,3,4,False,0.5520977041688346,0.5619318759759094,0.5520977041688346;0.5619318759759094;0.559256290197612,0.5520977041688346;0.6697435650080154;0.559256290197612,0.4359371576147648;0.4437022341088349;0.44160907560468593,False,False,0.0024491083654912702,0.00298980971035406,1.1528511935940657,True,5.21823352272327e-06,0.002151617100636263,True,0.011652580349992937,0.9117788360760948,9.744598800104982e-11,0.2181835497105198,0.8340486778972441
sweep_v2,l1a-gs-v2-002-48c4d2e317,SCREENING_L1A_FIELD_SEPARATRIX_CUSP_TOPOLOGY,True,4,0.00515,0.0018,0.34951456310679613,1.0980323837789567,0.6360207445497511,False,0.00366,0.0031000000000000003,0.6,1.025,0.0028840000000000003,5,3,4,False,0.5770309280547664,0.6000912638195248,0.5797071055733443;0.6000912638195248;0.5770309280547664,0.5797071055733443;0.6000912638195248;0.6283741121182825,0.44144576095699783;0.4568982441329694;0.43934053657200156,False,False,0.028165732809267634,0.002608049131198876,0.7059906598602508,True,8.034201088230998e-06,0.010864028807477869,True,0.005065065856448231,0.9459753737081106,9.986605521224009e-11,0.15482988886940513,0.624113501468184
sweep_v2,l1a-gs-v2-003-b98d8da7bf,SCREENING_L1A_FIELD_SEPARATRIX_CUSP_TOPOLOGY,True,3,0.0065,0.0022,0.3384615384615385,1.0633082827534686,0.6104160432346074,False,0.0035,0.0022,0.48,1.3,0.0,4,2,3,False,0.4067878338652305,0.40975598266941377,0.40975598266941377;0.4067878338652305,0.40975598266941377;0.5034968553694557,0.3002811989461489;0.29810605247052124,False,False,0.22149674656071827,0.03439891982902345,1.0793719716402517,True,1.1348959779415476e-05,0.01688501586058691,True,0.002537651930210019,0.9579934155903537,9.79722530515802e-11,0.17409470434276922,0.9678319214639941
sweep_v2,l1a-gs-v2-004-72b1c5ba70,SCREENING_L1A_FIELD_SEPARATRIX_CUSP_TOPOLOGY,True,5,0.0038000000000000004,0.0014,0.3684210526315789,1.1574288723751869,0.681185993796585,False,0.0028599999999999997,0.004,0.72,0.75,0.005320000000000001,6,3,4,False,0.5962206024223515,0.614150957883074,0.614150957883074;0.6004738287379826;0.5962206024223515,0.614150957883074;0.7912344996883136;0.5962206024223515,0.4705336384823963;0.4600548640735503;0.4565064561426648,False,False,0.0019488456055757938,0.003956392553721542,1.842053259430247,True,1.956618558875134e-05,0.00915182914182156,True,0.008244446503743535,0.9197526021768194,9.722202876484566e-11,0.14815843235318404,0.38319046606067014
sweep_v2,l1a-gs-v2-005-942c2d458e,SCREENING_L1A_FIELD_SEPARATRIX_CUSP_TOPOLOGY,True,3,0.00515,0.0018,0.34951456310679613,1.0980323837789567,0.6360207445497511,False,0.00366,0.0031000000000000003,0.6,1.025,0.0021630000000000004,4,2,3,False,0.5273599025967474,0.5300571861610084,0.5273599025967474;0.5300571861610084,0.5273599025967474;0.6691274644871984,0.41157396762256954;0.41367904177189285,False,False,0.03539991773800005,0.005790708964756694,1.5193858467645993,True,1.1058411348148457e-05,0.0057271257192409745,True,0.005826170651022585,0.9421698497352389,9.901364116385378e-11,0.17064161736798064,0.6291531134001946
sweep_v2,l1a-gs-v2-006-110b30a28a,SCREENING_L1A_FIELD_SEPARATRIX_CUSP_TOPOLOGY,True,5,0.00515,0.0018,0.34951456310679613,1.0980323837789567,0.6360207445497511,False,0.00366,0.0031000000000000003,0.6,1.025,0.0036050000000000006,6,4,5,True,0.5554828518567922,0.569619657318179,0.5574580314255486;0.569619657318179;0.5689352818816824;0.5554828518567922,0.5574580314255486;0.6654868376752905;0.5689352818816824;0.645156659442586,0.4290962852016973;0.43845754326662384;0.43763686893190673;0.4272889795618766,False,False,0.024455552585913073,0.0035022187164922584,1.1467858073012371,True,9.675898759432333e-06,0.005491337580526248,True,0.005449389095207069,0.9440537575143164,9.212976606156556e-11,0.16141582188042555,0.6264074683827996
sweep_v2,l1a-gs-v2-007-9ea145255a,SCREENING_L1A_FIELD_SEPARATRIX_CUSP_TOPOLOGY,True,4,0.0038,0.0018,0.47368421052631576,1.4881228359109546,0.9699341042236536,False,0.00366,0.0031000000000000003,0.6,1.025,0.002128,5,3,4,False,0.8089369144820214,0.9229145557588593,0.8101951776381793;0.9229145557588593;0.8089369144820214,0.9326724048465456;0.9229145557588593;0.8089369144820214,0.5821435449498424;0.5761975449998537;0.581061430181332,False,False,0.03184835320951009,0.013612440213408116,0.25581887480403953,True,1.19198729474977e-05,0.014509665200169925,True,0.0043818551319516905,0.9429195679012734,9.967532486206689e-11,0.09864817066885923,0.5243700810021519
sweep_v2,l1a-gs-v2-008-b45d1d67d2,SCREENING_L1A_FIELD_SEPARATRIX_CUSP_TOPOLOGY,True,4,0.0065,0.0018,0.27692307692307694,0.8699795040710196,0.47746175795085655,False,0.00366,0.0031000000000000003,0.6,1.025,0.00364,5,3,4,False,0.4179186185676268,0.4408736884268951,0.4184155794731329;0.4408736884268951;0.4179186185676268,0.4184155794731329;0.4408736884268951;0.48317083540733674,0.3490122424428764;0.3678154268254271;0.34866429796531984,False,False,0.040522921341126956,0.013854403236758189,0.6138510377283404,True,7.345952689287883e-06,0.008246969120979074,True,0.005658969832985059,0.9456368402389631,8.973211643832154e-11,0.20167499169317976,0.6929881922989615
sweep_v2,l1a-gs-v2-009-4d592518ca,SCREENING_L1A_FIELD_SEPARATRIX_CUSP_TOPOLOGY,True,4,0.00515,0.0018,0.34951456310679613,1.0980323837789567,0.6360207445497511,False,0.00366,0.0031000000000000003,0.48,1.025,0.0028840000000000003,5,3,4,False,0.5515564031155178,0.577949047767288,0.5540997901576732;0.577949047767288;0.5515564031155178,0.5540997901576732;0.577949047767288;0.6047138100457361,0.4149955337622296;0.43283657793278946;0.4130706452129416,False,False,0.06602956983474366,0.00226453821734179,0.5121421342123421,True,1.0252972512368036e-05,0.012591839196419484,True,0.004457923548843723,0.9423428135292655,9.431091880769924e-11,0.1315265278487742,0.566899574135829
sweep_v2,l1a-gs-v2-010-7aa8cd8bce,SCREENING_L1A_FIELD_SEPARATRIX_CUSP_TOPOLOGY,True,4,0.00515,0.0018,0.34951456310679613,1.0980323837789567,0.6360207445497511,False,0.00366,0.0031000000000000003,0.72,1.025,0.0028840000000000003,5,3,4,False,0.59669417227521,0.623537887992403,0.599558043826375;0.623537887992403;0.59669417227521,0.599558043826375;0.623537887992403;0.6457220857918547,0.462462873635981;0.48115867590852024;0.4605448912399922,False,False,0.005110047691524344,0.004904136427449303,0.9746222514660209,True,1.0745534610695278e-05,0.00598933970702379,True,0.005762579814571193,0.9420915930542383,9.415658886901064e-11,0.17312427617217827,0.66283567091727
sweep_v2,l1a-gs-v2-011-eabda2c05f,SCREENING_L1A_FIELD_SEPARATRIX_CUSP_TOPOLOGY,True,4,0.00515,0.0014,0.27184466019417475,0.8540251873836331,0.4671445236506227,False,0.00313,0.0031000000000000003,0.6,1.025,0.0028840000000000003,5,3,4,False,0.4191778335865969,0.4382360731184931,0.4208913399149011;0.4382360731184931;0.4191778335865969,0.4208913399149011;0.4382360731184931;0.4730084733185174,0.3547390717117694;0.3693016461197977;0.35324126299982656,False,False,0.030665775733265826,0.004656695632042385,0.5994936723767754,True,7.683310605881809e-06,0.010969267792673666,True,0.004755767127666125,0.9413894888395434,9.245272303101539e-11,0.20178999368823072,0.6328586504732701
sweep_v2,l1a-gs-v2-012-861e265ea9,SCREENING_L1A_FIELD_SEPARATRIX_CUSP_TOPOLOGY,True,4,0.00515,0.0022,0.4271844660194175,1.3420395801742806,0.8338610494809622,False,0.00419,0.0031000000000000003,0.6,1.025,0.0028840000000000003,5,3,4,False,0.7634440417485414,0.7880525376223988,0.7672786749860261;0.7880525376223988;0.7634440417485414,0.7672786749860261;0.7880525376223988;0.7908395925384083,0.5181342117745048;0.5321445961822044;0.5155273308676932,False,False,0.02773625814516136,0.005061757520110586,0.6623105826683129,True,1.5844557586386018e-05,0.010872051567069918,True,0.005407974013387584,0.939219783471641,9.68746588400657e-11,0.11984631019388231,0.6100867582156598
sweep_v2,l1a-gs-v2-013-1a5f2faf5b,SCREENING_L1A_FIELD_SEPARATRIX_CUSP_TOPOLOGY,True,4,0.00515,0.0018,0.34951456310679613,1.0980323837789567,0.6360207445497511,False,0.00346,0.0031000000000000003,0.6,1.025,0.0028840000000000003,5,3,4,False,0.5715507174326291,0.595829890066461,0.5739180113172337;0.595829890066461;0.5715507174326291,0.5739180113172337;0.595829890066461;0.6324274037109754,0.43642579008982313;0.45300507436241333;0.4345457983378082,False,False,0.031358937190017845,0.0041157981736391555,0.7011230752117402,True,1.9011605360190345e-05,0.011661089360555496,True,0.005061842649839334,0.9394922855990807,9.553323244635955e-11,0.1715680930626849,0.6115609559832089
sweep_v2,l1a-gs-v2-014-454d5ec089,SCREENING_L1A_FIELD_SEPARATRIX_CUSP_TOPOLOGY,True,4,0.00515,0.0018,0.34951456310679613,1.0980323837789567,0.6360207445497511,False,0.0038599999999999997,0.0031000000000000003,0.6,1.025,0.0028840000000000003,5,3,4,False,0.5812655398016795,0.6029723105763849,0.5841726624543848;0.6029723105763849;0.5812655398016795,0.5841726624543848;0.6029723105763849;0.6224655211579976,0.44536563873498025;0.45964974906416145;0.44310253526250437,False,False,0.02634182190875471,0.004378530403957817,0.6795679252682676,True,1.3170183378484555e-05,0.010526954229595858,True,0.005187953757413716,0.9406801281894157,9.89566281648723e-11,0.14151730938572113,0.6229877175067686
sweep_v2,l1a-gs-v2-015-691452be4d,SCREENING_L1A_FIELD_SEPARATRIX_CUSP_TOPOLOGY,True,4,0.00515,0.0018,0.34951456310679613,1.0980323837789567,0.6360207445497511,False,0.003435,0.0031000000000000003,0.6,1.025,0.0028840000000000003,5,3,4,False,0.5707777197939378,0.5951651918508173,0.5731000783553173;0.5951651918508173;0.5707777197939378,0.5731000783553173;0.5951651918508173;0.6326100618265063,0.4357200710788407;0.4524122074678351;0.4338741776588295,False,False,0.03190749832503703,0.004617785606293851,0.6959646466338333,True,1.5876969649985693e-05,0.011624808896747602,True,0.005062690700146186,0.9413064434757527,9.744249476028086e-11,0.17356781496452453,0.6099067153159884
sweep_v2,l1a-gs-v2-016-9e4e222280,SCREENING_L1A_FIELD_SEPARATRIX_CUSP_TOPOLOGY,True,4,0.00515,0.0018,0.34951456310679613,1.0980323837789567,0.6360207445497511,False,0.003885,0.0031000000000000003,0.6,1.025,0.0028840000000000003,5,3,4,False,0.5819320420982063,0.6033902757609655,0.5848734132351993;0.6033902757609655;0.5819320420982063,0.5848734132351993;0.6033902757609655;0.6214264127433632,0.4459734778978558;0.4600477458821928;0.44368717060657054,False,False,0.026108380459513282,0.0047282766531005676,0.6736493242107932,True,5.830223913030116e-06,0.010228043945520559,True,0.0051323181428192645,0.9391399081341818,9.865442498719962e-11,0.14012755383628625,0.6345395973950514
sweep_v2,l1a-gs-v2-017-55712611a0,SCREENING_L1A_FIELD_SEPARATRIX_CUSP_TOPOLOGY,True,4,0.00515,0.0018,0.34951456310679613,1.0980323837789567,0.6360207445497511,False,0.00366,0.0022,0.6,1.025,0.0028840000000000003,5,3,4,False,0.5712024060414023,0.5968265214271913,0.5735833766992791;0.5968265214271913;0.5712024060414023,0.5735833766992791;0.5968265214271913;0.6405521086476963,0.43607328594446193;0.4536317936939602;0.43415559247475133,False,False,0.029546460751557372,0.003561818902988585,0.7933900312559159,True,9.412309276280026e-06,0.011451073632462002,True,0.002450657790852389,0.9535534478697084,9.849623677778841e-11,0.11447973398829178,0.7577670662480686
sweep_v2,l1a-gs-v2-018-99a8ddb38f,SCREENING_L1A_FIELD_SEPARATRIX_CUSP_TOPOLOGY,True,4,0.00515,0.0018,0.34951456310679613,1.0980323837789567,0.6360207445497511,False,0.00366,0.004,0.6,1.025,0.0028840000000000003,5,3,4,False,0.5826889476025598,0.6018676241731981,0.5855357688080464;0.6018676241731981;0.5826889476025598,0.5855357688080464;0.6018676241731981;0.614395404012968,0.4461126030919325;0.4585316334610548;0.44392039746437434,False,False,0.028730467900821337,0.004278136866215504,0.5627275784631476,True,1.2556216581153992e-05,0.010483648302964426,True,0.00842730284752995,0.9244833827388348,9.724691542472249e-11,0.18052276312765414,0.5349476597883102
sweep_v2,l1a-gs-v2-019-9166fdf853,SCREENING_L1A_FIELD_SEPARATRIX_CUSP_TOPOLOGY,True,4,0.00515,0.0018,0.34951456310679613,1.0980323837789567,0.6360207445497511,False,0.00366,0.0031000000000000003,0.6,0.75,0.0028840000000000003,5,3,4,False,0.5770309280547685,0.6000912638195258,0.5797071055733436;0.6000912638195258;0.5770309280547685,0.5797071055733436;0.6000912638195258;0.628374112118284,0.44144576095699906;0.4568982441329684;0.43934053657200145,False,False,0.028165732809267548,0.00260804913119974,0.7059906598603077,True,8.034201088232083e-06,0.010864028807474231,True,0.005065065856448224,0.9459753737081107,9.986609739202873e-11,0.11329016258736939,0.4566684157084281
sweep_v2,l1a-gs-v2-020-b517ae2748,SCREENING_L1A_FIELD_SEPARATRIX_CUSP_TOPOLOGY,True,4,0.00515,0.0018,0.34951456310679613,1.0980323837789567,0.6360207445497511,False,0.00366,0.0031000000000000003,0.6,1.3,0.0028840000000000003,5,3,4,False,0.577030928054768,0.6000912638195255,0.5797071055733447;0.6000912638195255;0.577030928054768,0.5797071055733447;0.6000912638195255;0.6283741121182838,0.44144576095700205;0.45689824413297186;0.4393405365720046,False,False,0.02816573280926665,0.0026080491311998174,0.7059906598602865,True,8.03420108822883e-06,0.010864028807473693,True,0.005065065856448205,0.9459753737081107,9.986606158999402e-11,0.1963696151514403,0.7915585872279424
sweep_v2,l1a-gs-v2-021-5e0b38a851,SCREENING_L1A_FIELD_SEPARATRIX_CUSP_TOPOLOGY,True,4,0.00515,0.0018,0.34951456310679613,1.0980323837789567,0.6360207445497511,False,0.003075,0.0031000000000000003,0.6,1.025,0.0,5,3,4,False,0.5574698386734911,0.5834393883971605,0.5590559833170125;0.5834393883971605;0.5574698386734911,0.5590559833170125;0.5834393883971605;0.6310762230719366,0.42390730755013495;0.44232062874106753;0.42263243526230215,False,False,0.04192793575977368,0.01462755332673678,0.5705403427411162,True,1.859881834333308e-05,0.012260925539094076,True,0.00486842268858527,0.9411916006611715,9.497637081910794e-11,0.20616133342675813,0.6079910084294694
sweep_v2,l1a-gs-v2-022-4a12458d8a,SCREENING_L1A_FIELD_SEPARATRIX_CUSP_TOPOLOGY,True,4,0.00515,0.0018,0.34951456310679613,1.0980323837789567,0.6360207445497511,False,0.00366,0.0031000000000000003,0.6,1.025,0.0057680000000000006,5,2,3,False,0.5797071055733443,0.6000912638195248,0.5797071055733443;0.6000912638195248,0.5797071055733443;0.6000912638195248,0.44144576095699783;0.45689778544277937,False,False,0.022377680205803226,0.0023628051651481117,0.6414451878392683,True,8.034201088230998e-06,0.010864028807477869,True,0.005065065856448231,0.9459753737081106,9.986605521224009e-11,0.15482988886940513,0.624113501468184
sweep_v2,l1a-gs-v2-023-09c1438b40,SCREENING_L1A_FIELD_SEPARATRIX_CUSP_TOPOLOGY,True,4,0.00515,0.0018,0.34951456310679613,1.0980323837789567,0.6360207445497511,False,0.003345,0.0031000000000000003,0.6,1.025,0.0028840000000000003,5,3,4,False,0.5681321238383101,0.5928936086129227,0.5703029326012117;0.5928936086129227;0.5681321238383101,0.5703029326012117;0.5928936086129227;0.6331832008094764,0.4333089509255268;0.45038786002369297;0.4315779555540904,False,False,0.03378582344119093,0.006463864350752865,0.6785610053250253,True,8.351949717993242e-06,0.011541225982122072,True,0.0049473539390421095,0.9476381321797791,9.038993345587615e-11,0.18076681385605026,0.618408649184033
sweep_v2,l1a-gs-v2-024-8ebc8e6892,SCREENING_L1A_FIELD_SEPARATRIX_CUSP_TOPOLOGY,True,4,0.00515,0.0018,0.34951456310679613,1.0980323837789567,0.6360207445497511,False,0.003975,0.0031000000000000003,0.6,1.025,0.0028840000000000003,5,3,4,False,0.583993701604443,0.6045803584323972,0.5870365277659025;0.6045803584323972;0.583993701604443,0.5870365277659025;0.6045803584323972;0.6177173315297741,0.4478436623443159;0.46119489927925034;0.44549068231315037,False,False,0.025549941837062228,0.005824270900020694,0.648948501913756,True,8.992096437072938e-06,0.009769896450732535,True,0.0051638816473584025,0.9415146097454299,9.71438206316158e-11,0.13220407025325834,0.6295358423180291
sweep_v2,l1a-gs-v2-025-7bfbfbb365,SCREENING_L1A_FIELD_SEPARATRIX_CUSP_TOPOLOGY,True,4,0.00515,0.0018,0.34951456310679613,1.0980323837789567,0.6360207445497511,False,0.00366,0.0031000000000000003,0.6,1.025,0.0028840000000000003,5,3,4,False,0.5770309280547664,0.6000912638195248,0.5797071055733443;0.6000912638195248;0.5770309280547664,0.5797071055733443;0.6000912638195248;0.6283741121182825,0.44144576095699783;0.4568982441329694;0.43934053657200156,False,False,0.028165732809267634,0.002608049131198876,0.7059906598602508,True,8.034201088230998e-06,0.010864028807477869,True,0.005065065856448231,0.9459753737081106,9.986605521224009e-11,0.15482988886940513,0.624113501468184
sweep_v2,l1a-gs-v2-026-c5d09bfafa,SCREENING_L1A_FIELD_SEPARATRIX_CUSP_TOPOLOGY,True,4,0.00515,0.0018,0.34951456310679613,1.0980323837789567,0.6360207445497511,False,0.00366,0.0031000000000000003,0.6,1.025,0.0028840000000000003,5,3,4,False,0.5770309280547664,0.6000912638195248,0.5797071055733443;0.6000912638195248;0.5770309280547664,0.5797071055733443;0.6000912638195248;0.6283741121182825,0.44144576095699783;0.4568982441329694;0.43934053657200156,False,False,0.028165732809267634,0.002608049131198876,0.7059906598602508,True,8.034201088230998e-06,0.010864028807477869,True,0.005065065856448231,0.9459753737081106,9.986605521224009e-11,0.15482988886940513,0.624113501468184
sweep_v2,l1a-gs-v2-027-56d238c396,SCREENING_L1A_FIELD_SEPARATRIX_CUSP_TOPOLOGY,True,4,0.005245920139970707,0.001632293135292661,0.3111547815712222,0.9775215759134884,0.5495112866330666,False,0.003137645049450238,0.0031754249051314225,0.5440487139023628,1.2011239760897798,0.0021123598235308293,5,3,4,False,0.47185719767428647,0.4978878072859765,0.47185719767428647;0.4978878072859765;0.4719706800448174,0.47185719767428647;0.4978878072859765;0.535262823143783,0.3734290566409384;0.39404063038628795;0.37372495962137153,False,False,0.0648496329883936,0.009140133503206579,0.5509334186225515,True,1.0971212684908775e-05,0.008678619951592238,True,0.004787795879681049,0.938633128320026,9.302796036705412e-11,0.22775277478374636,0.7059076845532841
sweep_v2,l1a-gs-v2-028-8c0a501d9c,SCREENING_L1A_FIELD_SEPARATRIX_CUSP_TOPOLOGY,True,3,0.005645920139970707,0.0017465788495783755,0.30935238300898765,0.9718591738315316,0.5456030276740075,False,0.003362483527156923,0.0032813072580725987,0.5920487139023628,1.2300713445108327,0.001911268841535861,4,2,3,False,0.4507321707161604,0.45081585958638903,0.45081585958638903;0.4507321707161604,0.45081585958638903;0.5716358728697376,0.366751509890674;0.3666834266170608,False,False,0.04419829066146417,0.007252481902486926,1.05816595265666,True,1.0548167189732742e-05,0.00751736182537004,True,0.006311297468621647,0.9381945345297023,9.545261191875177e-11,0.2681730621834724,0.7728498404123252
sweep_v2,l1a-gs-v2-029-3940e2552f,SCREENING_L1A_FIELD_SEPARATRIX_CUSP_TOPOLOGY,True,4,0.0038459201399707074,0.0018608645638640896,0.48385418733064567,1.520072760326616,1.0017376635438333,False,0.0035900806255532627,0.0033871896110137757,0.6400487139023628,1.2605422586382566,0.0019231849625860047,5,3,4,False,0.8179042626551513,0.9707048112864969,0.8356191099526814;0.9707048112864969;0.8179042626551513,0.968370552474475;0.9707048112864969;0.8179042626551513,0.595103586507175;0.5979936915400585;0.5820000872482948,False,False,0.028381105673789746,0.014291928398313539,0.2861627951872891,True,2.7382404983403857e-05,0.01762257057401969,True,0.005254370014394203,0.933451296533254,9.620200071903718e-11,0.14362363562468095,0.657628073348137
sweep_v2,l1a-gs-v2-030-5f0cd58497,SCREENING_L1A_FIELD_SEPARATRIX_CUSP_TOPOLOGY,True,5,0.004745920139970708,0.001975150278149804,0.41617857441697176,1.3074635519698314,0.8037347801845264,False,0.0038204363446392585,0.003493071963954952,0.6976487139023628,1.289489627059309,0.0032554290837920135,6,4,5,True,0.7144300580637134,0.7189657191784601,0.7162257381061499;0.7189657191784601;0.7189170067408918;0.7144300580637134,0.7162257381061499;0.9079140194833343;0.7189170067408918;0.7860070005895088,0.5076096445396103;0.5095515474120739;0.5096402259534525;0.5064594282866324,False,False,0.007181219970510081,0.003201124660074292,1.662441537826352,True,2.4816704187130903e-06,0.007973869533059313,True,0.007647774822145587,0.9257044865411813,9.725976802706376e-11,0.2003335199600286,0.7429504320449306
sweep_v2,l1a-gs-v2-031-3e7a3b3509,SCREENING_L1A_FIELD_SEPARATRIX_CUSP_TOPOLOGY,True,4,0.005945920139970707,0.0021057625230477633,0.35415250684112576,1.1126029137424895,0.6469372832277023,False,0.004073307441300376,0.0035989543168961284,0.5056487139023628,0.7684369954803617,0.0035523886793874153,5,3,4,False,0.559150217567096,0.5901831988044982,0.5605910038765842;0.5901831988044982;0.559150217567096,0.5605910038765842;0.5901831988044982;0.6182793365251504,0.41612013703482453;0.4381433383764688;0.41510490890800505,False,False,0.0648842398284769,0.0032003897523205007,0.5983811585645836,True,1.3647169745804747e-05,0.010487195378257878,True,0.006829953285988485,0.9321944453959802,9.704041721942125e-11,0.11540734562573642,0.4248547818534998
sweep_v2,l1a-gs-v2-032-570ad83ba6,SCREENING_L1A_FIELD_SEPARATRIX_CUSP_TOPOLOGY,True,3,0.004145920139970708,0.0014200482373334775,0.34251702623087926,1.0760489733363527,0.6197443988218272,False,0.0033349469714229426,0.003704836669837305,0.5536487139023628,0.7973843639014143,0.0020091505203789868,4,2,3,False,0.5039569479580563,0.5042512421110927,0.5039569479580563;0.5042512421110927,0.5039569479580563;0.6157151876556298,0.3999268567816538;0.4001604008097101,False,False,0.04833649817043222,0.018209180657823194,1.5042245703721282,True,1.0908017955392826e-05,0.013287900868850865,True,0.007270795680301657,0.9272910892843751,9.44004473111875e-11,0.12158169078952798,0.3945704729907073
sweep_v2,l1a-gs-v2-033-1f293d6cb7,SCREENING_L1A_FIELD_SEPARATRIX_CUSP_TOPOLOGY,True,5,0.005045920139970709,0.0015343339516191916,0.3040741646830935,0.9552771619148595,0.534233967789223,False,0.0031641204244990855,0.003810719022778481,0.6016487139023629,0.826331732322467,0.004395994818801663,6,4,5,True,0.4630722140907454,0.47991164567100336,0.4630722140907454;0.4773650008623102;0.47991164567100336;0.4672414477361244,0.4630722140907454;0.5528705876505919;0.47991164567100336;0.5447379000709132,0.37785894099747375;0.38952160852333795;0.3918110822963816;0.38146683662000663,False,False,0.026274925771897686,0.0051319477400886045,0.9128506841376846,True,1.9422385544119042e-05,0.010075215878534294,True,0.0075463306466208345,0.9301880748638862,9.550801358100785e-11,0.18397427672170896,0.46261892209280914
sweep_v2,l1a-gs-v2-034-13a1a432e0,SCREENING_L1A_FIELD_SEPARATRIX_CUSP_TOPOLOGY,True,5,0.0062459201399707055,0.0016486196659049061,0.26395144813885474,0.8292279303774133,0.45128680097723817,False,0.0033960524982648834,0.003916601375719658,0.6496487139023628,0.8552791007435196,0.005821618691994388,6,4,5,True,0.4002252072624345,0.41800024631857724,0.40255476214709857;0.4144507897283017;0.41800024631857724;0.4002252072624345,0.40255476214709857;0.46024298568517025;0.41800024631857724;0.4750893164352852,0.34544667555475267;0.35565508337066276;0.35874015577802487;0.34348509232741337,False,False,0.011364479941495325,0.01194296540963892,0.8576055646095858,True,3.7423506217928223e-06,0.009190547153423623,True,0.009370664813594509,0.9224578957073991,9.645361676824908e-11,0.23108392849003312,0.5190542751038193
sweep_v2,l1a-gs-v2-035-6ca4a7f3c2,SCREENING_L1A_FIELD_SEPARATRIX_CUSP_TOPOLOGY,True,4,0.004445920139970708,0.0017629053801906202,0.39652205273355073,1.2457107678540675,0.7517427730993036,False,0.003180743192720337,0.0022224837286608343,0.6611687139023628,0.8842264691645723,0.00353161484454328,5,3,4,False,0.6832803022568578,0.7190976461663602,0.6902326761800069;0.7190976461663602;0.6832803022568578,0.6902326761800069;0.7190976461663602;0.7548161531384676,0.4945663517113034;0.5151421188921869;0.4894835417392829,False,False,0.007202868503230383,0.006126472434476172,0.9372010404639705,True,2.336533773908498e-05,0.011894484902563673,True,0.0023867033920893558,0.9494731753933962,9.297159871927665e-11,0.1107669900027883,0.6052361477719849
sweep_v2,l1a-gs-v2-036-b84b580964,SCREENING_L1A_FIELD_SEPARATRIX_CUSP_TOPOLOGY,True,3,0.005345920139970707,0.0018771910944763346,0.351144619696212,1.1031533575852015,0.6398456688695282,False,0.003420855229758937,0.002328366081602011,0.7091687139023628,0.9131738375856249,0.003380139408056965,4,2,3,False,0.5647503372762336,0.564914860826426,0.564914860826426;0.5647503372762336,0.564914860826426;0.7246003095817771,0.44535181999647466;0.4452221175092658,False,False,0.019820531182298387,0.0065053786590971415,1.7969646584127623,True,3.863909218068456e-06,0.00546602092889799,True,0.0035686504847891615,0.9521756062469908,9.988143006442965e-11,0.15123919233976812,0.6910719568513212
sweep_v2,l1a-gs-v2-037-4de0233d45,SCREENING_L1A_FIELD_SEPARATRIX_CUSP_TOPOLOGY,True,4,0.005479253473304041,0.001991476808762049,0.36345768971355324,1.1418360078948175,0.6691567784246504,False,0.0036610631655937,0.0024342484345431874,0.5171687139023629,0.9421212060066775,0.004886074397800028,5,3,4,False,0.562682168985424,0.5938133255891611,0.5632625749923682;0.5938133255891611;0.562682168985424,0.5632625749923682;0.5938133255891611;0.6395153797805662,0.4097925485604995;0.4320870289598147;0.40943450772909723,False,False,0.08151829828038937,0.010221207603261829,0.40590031351015715,True,1.2006384565931352e-05,0.01343498470899198,True,0.0028641147061107446,0.9557948013064645,9.589508805725171e-11,0.11241198501213977,0.6374635325838187
sweep_v2,l1a-gs-v2-038-474b968ed6,SCREENING_L1A_FIELD_SEPARATRIX_CUSP_TOPOLOGY,True,3,0.006379253473304041,0.002122089053660008,0.3326547632165027,1.045065760302617,0.5971903968710638,False,0.0039251657893484134,0.002540130787484364,0.5651687139023628,0.9710685744277301,0.0044994623338690904,4,2,3,False,0.48207098921122066,0.48265024810788143,0.48265024810788143;0.48207098921122066,0.48265024810788143;0.6077375805691168,0.37637929876776915;0.3759275823163949,False,False,0.06683313074201765,0.014536492388823017,0.8677638224669205,True,1.7649707809410265e-05,0.00785831886499534,True,0.004022275837997163,0.9557549603692895,9.530440632479963e-11,0.1439640378764632,0.7047727426611639
sweep_v2,l1a-gs-v2-039-df1626ab7e,SCREENING_L1A_FIELD_SEPARATRIX_CUSP_TOPOLOGY,True,4,0.004579253473304041,0.0014363747679457222,0.3136700722769433,0.9854235947162245,0.5549877420520907,False,0.0031263633220455812,0.00264601314042554,0.6131687139023628,1.0000159428487827,0.0045294870607442365,5,2,3,False,0.49968930203833417,0.5319419899490868,0.49968930203833417;0.5319419899490868,0.49968930203833417;0.5319419899490868,0.400781386349223;0.42665718654208573,False,False,0.021762565290295174,0.003757498095809447,0.6983141848389298,True,8.514650626165188e-06,0.013403982409415231,True,0.0033439753144599675,0.9451136135635457,9.956666779944052e-11,0.15269549821870387,0.6226193019553751
sweep_v2,l1a-gs-v2-040-827cdb9c2a,SCREENING_L1A_FIELD_SEPARATRIX_CUSP_TOPOLOGY,True,3,0.005779253473304041,0.0015506604822314366,0.2683150149745747,0.8429364798919592,0.46002691155925124,False,0.0033654365542961765,0.002751895493366717,0.6707687139023628,1.0289633112698353,0.004498402662952076,4,2,3,False,0.4010192175438452,0.40135084570745294,0.40135084570745294;0.4010192175438452,0.40135084570745294;0.5106038781406596,0.3460491181416198;0.3457631846876486,False,False,0.0030810538121858145,0.007470483235245742,1.307699532123399,True,1.1908660115120262e-05,0.00242582487548557,True,0.004944389513478419,0.945654240499741,9.716985460760219e-11,0.21099986098159962,0.7240375086189069
sweep_v2,l1a-gs-v2-041-b62c5d7163,SCREENING_L1A_FIELD_SEPARATRIX_CUSP_TOPOLOGY,True,5,0.00397925347330404,0.0016649461965171507,0.4184066704186899,1.314463322000322,0.809773376072389,False,0.0036072684072364267,0.002857777846307893,0.7187687139023629,1.0579106796908881,0.005404440533822227,6,3,4,False,0.6957989591128497,0.7168393951933681,0.7168393951933681;0.6957989591128497;0.7024750014136425,0.7168393951933681;0.9422566526221725;0.7024750014136425,0.5099966865713687;0.4950274301981381;0.500745072698991,False,False,0.005671588464589666,0.004507338150909435,2.2011675637271706,True,1.8326265772104777e-05,0.006185423534526193,True,0.004849446247053643,0.935079482426183,9.852481156613672e-11,0.11982059427023252,0.6292497145069794
sweep_v2,l1a-gs-v2-042-ae9a80d120,SCREENING_L1A_FIELD_SEPARATRIX_CUSP_TOPOLOGY,True,5,0.004879253473304041,0.001779231910802865,0.3646524863972763,1.1455895723789353,0.6720410655897614,False,0.0032410909985240042,0.00296366019924907,0.5267687139023628,1.0868580481119405,0.0,6,4,5,True,0.5624856067292471,0.5805683073617485,0.5627156845031277;0.574318411538396;0.5805683073617485;0.5624856067292471,0.5627156845031277;0.659792488079151;0.5805683073617485;0.6597030271805595,0.417053164401425;0.4256524520328287;0.4300277507344759;0.41663386928831864,False,False,0.06441549281798409,0.005528610281464043,0.779340064581837,True,1.6760815550826303e-05,0.013761447501296684,True,0.004323335151881441,0.9426372104363425,9.092867881389754e-11,0.17106785846157982,0.6273810854257855
sweep_v2,l1a-gs-v2-043-b585cd28ea,SCREENING_L1A_FIELD_SEPARATRIX_CUSP_TOPOLOGY,True,3,0.0060792534733040415,0.0018935176250885794,0.31147206370052255,0.9785183471200136,0.550200652451696,False,0.00410251376030986,0.003069542552190246,0.5747687139023628,1.1158054165329934,0.00029141574041351793,4,2,3,False,0.4563626447597667,0.4576033670018141,0.4563626447597667;0.4576033670018141,0.4563626447597667;0.5785468005190724,0.3703979610627784;0.3714049694013805,False,False,0.04198721089810362,0.0015998046151075233,1.2638888976534424,True,8.237656075781724e-06,0.00800243097775417,True,0.006022000774059335,0.9472998876988197,9.792497046752645e-11,0.18054079579617396,0.7268159440350968
sweep_v2,l1a-gs-v2-044-2f03fc2fb5,SCREENING_L1A_FIELD_SEPARATRIX_CUSP_TOPOLOGY,True,3,0.004279253473304041,0.0020078033393742937,0.46919476770887675,1.4740188353369768,0.956138882463391,False,0.0039526214753190765,0.0031816532788338445,0.6227687139023629,1.144752784954046,0.00036141652818956125,4,2,3,False,0.7720479123742777,0.7751364066073618,0.7720479123742777;0.7751364066073618,0.7720479123742777;0.9202059880075056,0.5144068023992067;0.5164646312168294,False,False,0.0411837874220211,0.02092622352626226,2.0733461636150006,True,2.0435245116098497e-05,0.007496492771781634,True,0.006324054689527867,0.9297734278264819,9.923002214457071e-11,0.12778002670146396,0.6369787072380837
sweep_v2,l1a-gs-v2-045-d52f4d6a1a,SCREENING_L1A_FIELD_SEPARATRIX_CUSP_TOPOLOGY,True,4,0.005179253473304041,0.0021384155842722533,0.4128810445934938,1.2971040565013998,0.7948530973133681,False,0.00422800998322531,0.0032875356317750215,0.6803687139023628,1.1737001533750986,0.0008354452443651303,5,3,4,False,0.7366725275047828,0.7715616724974554,0.7475734609601823;0.7715616724974554;0.7366725275047828,0.7475734609601823;0.7715616724974554;0.7478193006150681,0.5205807261589522;0.5378461988548912;0.5139002848330462,False,False,0.01281123760650092,0.00802174765274565,0.7511297113809003,True,5.604912048756596e-06,0.008119465109943753,True,0.0065506524924691355,0.9340686145608049,9.800968271260654e-11,0.15390565987185945,0.7247277051554445
sweep_v2,l1a-gs-v2-046-1d0bed7f4c,SCREENING_L1A_FIELD_SEPARATRIX_CUSP_TOPOLOGY,True,5,0.005579253473304041,0.0014527012985579672,0.26037556915256543,0.8179939752239607,0.4441723192638961,False,0.003370590373374241,0.0033934179847161976,0.48836871390236286,1.2026475217961512,0.0014645663449542495,6,4,5,True,0.3674267086720717,0.38095727129414036,0.36996821309174416;0.38095727129414036;0.3794298187577749;0.3674267086720717,0.36996821309174416;0.42582346991357506;0.3794298187577749;0.43480912526659454,0.313392294923234;0.32270089508732414;0.3210086699012446;0.3108536894205208,False,False,0.0757324373624214,0.003047674219685957,0.5801744001393717,True,9.737354344754173e-06,0.014561274635536034,True,0.005726468764161135,0.9490119905821318,9.432437394621754e-11,0.21820062793003794,0.6686861327568223
sweep_v2,l1a-gs-v2-047-e3196a8aa5,SCREENING_L1A_FIELD_SEPARATRIX_CUSP_TOPOLOGY,True,4,0.006479253473304041,0.0015669870128436816,0.24184684536575318,0.759784272694917,0.40797212343239014,False,0.0036195158223736048,0.003499300337657374,0.5363687139023628,1.2315948902172038,0.001676166137814912,5,3,4,False,0.34862795457650386,0.36657949002644663,0.34872138058506974;0.36657949002644663;0.34862795457650386,0.34872138058506974;0.36657949002644663;0.3993563738991713,0.3007268189750175;0.3161643523157737;0.3007485870137653,False,False,0.06838249089407307,0.008018033183287778,0.3085816166365225,True,1.031189905616528e-05,0.00669581766839295,True,0.006545449165838233,0.9400833178028122,9.52805086452403e-11,0.25005015522953156,0.7568700023352349
sweep_v2,l1a-gs-v2-048-9e4abaf530,SCREENING_L1A_FIELD_SEPARATRIX_CUSP_TOPOLOGY,True,3,0.004679253473304041,0.0016812727271293957,0.35930362326412757,1.1287856232547777,0.6591844433157787,False,0.0034211998920626236,0.0036051826905985507,0.5843687139023628,1.2620658043446276,0.001078777565050272,4,2,3,False,0.5404171378551796,0.5445071244299649,0.5404171378551796;0.5445071244299649,0.5404171378551796;0.6805605423012294,0.4172890891938308;0.4204472177080017,False,False,0.041958611637759095,0.010154263634425861,1.5643291628534086,True,1.0596829019621917e-05,0.007504907061019495,True,0.00728447377498483,0.9295500099900352,9.861207334557794e-11,0.22708493048687975,0.6933223252162266
sweep_v2,l1a-gs-v2-049-cf0a7d1028,SCREENING_L1A_FIELD_SEPARATRIX_CUSP_TOPOLOGY,True,5,0.005879253473304041,0.0017955584414151102,0.3054058562993095,0.9594607945132108,0.5370917642907044,False,0.003678305304334789,0.003711065043539727,0.6323687139023628,1.2910131727656804,0.0026169198149431803,6,4,5,True,0.4752589846767525,0.4913494325273456,0.4752589846767525;0.4913494325273456;0.4878287217153458;0.475677058535525,0.4752589846767525;0.558500457918244;0.4878287217153458;0.5578263608177685,0.3879466127776832;0.40108099832950866;0.3982693361288158;0.38834856965473313,False,False,0.017945923649728624,0.0033960229769964484,1.018199579734227,True,1.2223934575353312e-05,0.006718436304403804,True,0.00815873598828335,0.928628541124067,9.807875437131129e-11,0.2788823578266001,0.8000908786849358
sweep_v2,l1a-gs-v2-050-012aa2a74e,SCREENING_L1A_FIELD_SEPARATRIX_CUSP_TOPOLOGY,True,5,0.0040792534733040415,0.0019098441557008244,0.46818472257227073,1.4708456849560212,0.9530554588809322,False,0.003935506615403117,0.0038169473964809035,0.6899687139023628,0.7699605411867328,0.0020640225771786165,6,4,5,True,0.7807481262699135,0.8165693907780619,0.8029263218339957;0.7924268480553032;0.7807481262699135;0.8165693907780619,0.8280883925634263;1.1718848468827479;0.7807481262699135;0.8165693907780619,0.5466294633903886;0.5230889197561477;0.515635987870109;0.5533553856518865,False,False,0.021901921197494748,0.014217148951485398,2.984003878984399,True,2.36418561554326e-05,0.013379817984303235,True,0.008347734174711229,0.9177528639429048,9.507211350936537e-11,0.08842426517462115,0.4087420316654689
sweep_v2,l1a-gs-v2-051-d243e11351,SCREENING_L1A_FIELD_SEPARATRIX_CUSP_TOPOLOGY,True,4,0.00497925347330404,0.002024129869986539,0.40651271939434014,1.277097372840068,0.7778846905358853,False,0.004195466547161103,0.00392282974942208,0.4979687139023628,0.7989079096077856,0.0022579919931596214,5,3,4,False,0.6935899283407607,0.7350785814952969,0.6935899283407607;0.7350785814952969;0.70383842815765,0.7081403581938376;0.7350785814952969;0.70383842815765,0.4900663870025636;0.5090034719024982;0.4952205702677976,False,False,0.04510095489253936,0.00959924220125485,0.29905240601209954,True,1.4094466981299635e-05,0.011131410525856155,True,0.007034589338661155,0.9246870955536668,9.99809515762276e-11,0.08951148657829704,0.40771228559866485
sweep_v2,l1a-gs-v2-052-e117399e75,SCREENING_L1A_FIELD_SEPARATRIX_CUSP_TOPOLOGY,True,3,0.006179253473304041,0.002154742114884498,0.3487058953308092,1.0954918790347214,0.6341279268360408,False,0.004482086582160932,0.0022287121023632566,0.5459687139023628,0.8278552780288382,0.00232730310139405,4,2,3,False,0.5196264764511545,0.5211265385135327,0.5211265385135327;0.5196264764511545,0.5211265385135327;0.6568811844390918,0.4003735345274181;0.39922105982974104,False,False,0.05428016244344152,0.00023840177067180262,1.2883593807742078,True,4.899430852439712e-06,0.007888161482986041,True,0.0031176574558196457,0.9555517575710827,9.422615802849454e-11,0.0830068507672486,0.6311443967401327
sweep_v2,l1a-gs-v2-053-e22999f79a,SCREENING_L1A_FIELD_SEPARATRIX_CUSP_TOPOLOGY,True,4,0.004379253473304041,0.0014690278291702122,0.3354516558873369,1.0538524577701889,0.6035415834538909,False,0.0035669329821620805,0.0023345944553044328,0.5939687139023628,0.8568026464498908,0.002412405185560125,5,3,4,False,0.5569217971369519,0.5818872360675931,0.5574724040450346;0.5818872360675931;0.5569217971369519,0.5574724040450346;0.5818872360675931;0.5867673699259397,0.43475563245078797;0.4538486845728102;0.4343766444314483,False,False,0.025747737002650595,0.007386208394046977,0.6546589410602175,True,3.332735706386013e-05,0.0010938280714478926,True,0.002486357827830389,0.9484627664949538,9.790861589318629e-11,0.08215291155421871,0.571743794606494
sweep_v2,l1a-gs-v2-054-58f94d4676,SCREENING_L1A_FIELD_SEPARATRIX_CUSP_TOPOLOGY,True,3,0.00527925347330404,0.0015833135434559263,0.2999123931939195,0.9422025711785509,0.5253484203023755,False,0.003429016433034179,0.0024404768082456098,0.6419687139023629,0.8857500148709434,0.002373949555123945,4,2,3,False,0.44519301540109785,0.4480851499806169,0.4480851499806169;0.44519301540109785,0.4480851499806169;0.5687252108539075,0.37198182168343463;0.3695808907677601,False,False,0.017831108188139145,0.0009395621315714741,1.4607975917738327,True,6.256374103733725e-06,0.00805423914332532,True,0.0036451410091279147,0.9456582051943296,9.271698946496275e-11,0.14413474668892867,0.6411980823260693
sweep_v2,l1a-gs-v2-055-a7ac306811,SCREENING_L1A_FIELD_SEPARATRIX_CUSP_TOPOLOGY,True,4,0.0056792534733040405,0.0016975992577416407,0.29891239503948785,0.9390609843229851,0.5232235823374997,False,0.0030963929792623924,0.002546359161186786,0.6995687139023627,0.914697383291996,0.003681647818140342,5,3,4,False,0.49242244868630114,0.5192489844751075,0.49242244868630114;0.5192489844751075;0.492532704097391,0.49242244868630114;0.519852905944799;0.5746992752439,0.4082075388881766;0.4304461557109049;0.40836582148601347,False,False,0.024451143764413142,0.014635054598163609,1.0181141588129683,True,7.048500991352195e-06,0.002469951181754004,True,0.003762146652603701,0.9505794027675463,9.407170692741813e-11,0.18481538708629575,0.6706409493237174
sweep_v2,l1a-gs-v2-056-87997ee6f2,SCREENING_L1A_FIELD_SEPARATRIX_CUSP_TOPOLOGY,True,3,0.003879253473304041,0.001811884972027355,0.46707052903251894,1.4673453427168597,0.9496626642214747,False,0.003320687886389835,0.002652241514127962,0.5075687139023628,0.9436447517130487,0.002033918263701858,4,2,3,False,0.7502922901184043,0.7582421672610149,0.7582421672610149;0.7502922901184043,0.7582421672610149;0.9243553812874264,0.49973825171153136;0.4944986885797145,False,False,0.05983253967182625,0.01228997787560983,1.6905351520109617,True,1.110601544252604e-05,0.014486192455027398,True,0.0035080985584842214,0.9394546743171016,8.90463551493509e-11,0.09776750388724477,0.5101577257154114
sweep_v2,l1a-gs-v2-057-68965a0576,SCREENING_L1A_FIELD_SEPARATRIX_CUSP_TOPOLOGY,True,5,0.004779253473304041,0.0019261706863130691,0.403027522409572,1.2661483035964072,0.7686996253420043,False,0.003547741414206932,0.0027581238670691386,0.5555687139023628,0.9725921201341013,0.0044672347787897615,6,4,5,True,0.6521728576980633,0.6746938921603994,0.6612998467084289;0.6746938921603994;0.6711301419917587;0.6521728576980633,0.6612998467084289;0.7942531502892095;0.6711301419917587;0.755862819772166,0.46702503891906394;0.4764842193946467;0.473519302970093;0.46014389411374823,False,False,0.04004962045826032,0.004076531934299822,1.0929256873829285,True,2.5357477496802672e-05,0.011786675338318384,True,0.00394544932609001,0.9485663746176175,9.391687232824608e-11,0.12607594594430319,0.5968970797150082
sweep_v2,l1a-gs-v2-058-132b3d1a44,SCREENING_L1A_FIELD_SEPARATRIX_CUSP_TOPOLOGY,True,5,0.00597925347330404,0.0020404564005987837,0.3412560463791912,1.072087488297965,0.616835768285012,False,0.003777553562713685,0.002864006220010315,0.6035687139023629,1.0015394885551538,0.0059528460495880346,6,3,4,False,0.5319655322203465,0.551369501364106,0.5319655322203465;0.5510487731048879;0.551369501364106,0.5319655322203465;0.6131934032733931;0.551369501364106,0.4107351903427726;0.4254695257504705;0.42548023135970936,False,False,0.03498725325350229,0.011745919218013202,0.8806239731615225,True,1.1468660313746328e-05,0.00863342585415248,True,0.0049382616978525,0.9460095876876817,9.961953675745615e-11,0.1689274450289905,0.6888345216653287
sweep_v2,l1a-gs-v2-059-06306f4e8d,SCREENING_L1A_FIELD_SEPARATRIX_CUSP_TOPOLOGY,True,4,0.004179253473304041,0.0020591152927270633,0.49269930763475916,1.5478605252941366,1.0300383284433452,False,0.003895520504125518,0.0029698885729514918,0.6515687139023628,1.0304868569762067,0.003532148085375601,5,3,4,False,0.889906318320858,0.9928855817435996,0.889906318320858;0.9928855817435996;0.8919016938528456,0.9747908954604113;0.9928855817435996;0.8919016938528456,0.590136753138266;0.6010384652720736;0.588695539324686,False,False,0.013643866653741583,0.005060766719867806,0.1917422931009284,True,1.2501700232717128e-05,0.006412273872786072,True,0.004588458597858329,0.9413568620194832,9.767154402257608e-11,0.10475792926821287,0.5840510500340248
sweep_v2,l1a-gs-v2-060-c3bf7e5c98,SCREENING_L1A_FIELD_SEPARATRIX_CUSP_TOPOLOGY,True,3,0.005079253473304041,0.0021734010070127777,0.42789772521413194,1.344280350020501,0.835839513907866,False,0.00412969577719244,0.0030757709258926683,0.6630887139023628,1.059434225397259,0.003405098884995004,4,2,3,False,0.6897317548808309,0.6955252946653824,0.6897317548808309;0.6955252946653824,0.6897317548808309;0.8629860345553926,0.48776569967399064;0.4918627851954323,False,False,0.019960846946211728,0.006881694089840392,2.0438871228044486,True,7.838284885307648e-06,0.007242992901323174,True,0.006477071577047125,0.9381385522190164,9.514168872936653e-11,0.15023966700442723,0.6653410503271048
sweep_v2,l1a-gs-v2-061-d8ebe65ef1,SCREENING_L1A_FIELD_SEPARATRIX_CUSP_TOPOLOGY,True,4,0.00627925347330404,0.0014876867212984919,0.2369209536807718,0.7443091275650002,0.3985278869673499,False,0.0029385604741675496,0.003187881652536267,0.7110887139023628,1.088381593818312,0.005918533906776885,5,3,4,False,0.38104782485165184,0.3996143932434031,0.38104782485165184;0.3996143932434031;0.38151331484064216,0.38104782485165184;0.3996143932434031;0.4480260878503911,0.33931259140001246;0.35585602072749994;0.3397370374271172,False,False,0.035166649623718946,0.01722208884629356,0.803725768374168,True,6.357167528117809e-06,0.006380936276692462,True,0.0061720953615675405,0.9431601842951989,9.715227855331956e-11,0.30459807524913396,0.746206596769194
sweep_v2,l1a-gs-v2-062-70a6b2f959,SCREENING_L1A_FIELD_SEPARATRIX_CUSP_TOPOLOGY,True,5,0.0044792534733040425,0.0016019724355842062,0.35764272889038795,1.123567769691849,0.6552212902312513,False,0.0031712605380934803,0.0032937640054774434,0.5190887139023628,1.1173289622393645,0.005550071657993878,6,3,4,False,0.5563556806543831,0.5679343860150012,0.5563556806543831;0.5679343860150012;0.5661551439479995,0.5563556806543831;0.6738861184328016;0.5661551439479995,0.41956343275083646;0.42829525941646424;0.4267845345978586,False,False,0.04770174831261444,0.00327770698316268,0.9357727367921808,True,7.487395994397461e-06,0.011254632973122267,True,0.005300880858484437,0.9401481351159006,9.011581157460719e-11,0.1742037100157005,0.5645174695723494
sweep_v2,l1a-gs-v2-063-eaf6bef4a4,SCREENING_L1A_FIELD_SEPARATRIX_CUSP_TOPOLOGY,True,4,0.0053792534733040406,0.0017162581498699203,0.3190513624961721,1.0023294165357883,0.5667929739978226,False,0.003404056500815573,0.0033996463584186195,0.5670887139023628,1.1462763306604171,0.0055941280442012445,5,2,3,False,0.49915567728948096,0.5224688465495535,0.49915567728948096;0.5224688465495535,0.49915567728948096;0.5224688465495535,0.39365692801828345;0.4122424958021499,False,False,0.04372601659360397,0.006857490077140508,0.5626879213460524,True,1.107062478037193e-05,0.012473927489784315,True,0.005905002288620939,0.9415456316377345,9.732682538978801e-11,0.21423390346053064,0.6596466084897714
sweep_v2,l1a-gs-v2-064-9f6ecd1a94,SCREENING_L1A_FIELD_SEPARATRIX_CUSP_TOPOLOGY,True,3,0.005512586806637374,0.0018305438641556347,0.33206622015486215,1.0432167977438458,0.5958584119073458,False,0.003639611084227323,0.003505528711359796,0.6150887139023629,1.1752236990814697,0.004500919795844746,4,2,3,False,0.4976208279836005,0.49903870602165035,0.4976208279836005;0.49903870602165035,0.4976208279836005;0.6293667457829396,0.39684418792461656;0.3979749216619202,False,False,0.02471705480936556,0.0037001094719626352,1.4851206384876403,True,7.168236978508102e-06,0.005892294160343918,True,0.007602724252329649,0.9305305791720435,9.951160153448195e-11,0.2371384880521615,0.7074507314463275
sweep_v2,l1a-gs-v2-065-9e98f08f3b,SCREENING_L1A_FIELD_SEPARATRIX_CUSP_TOPOLOGY,True,5,0.006412586806637374,0.001944829578441349,0.30328315812089207,0.9527921415101062,0.5325398380860368,False,0.0029544489478388536,0.0036114110643009727,0.6726887139023628,1.2041710675025223,0.0,6,4,5,True,0.4712313472767388,0.4891069741954279,0.472293035980977;0.4891069741954279;0.48847004210200146;0.4712313472767388,0.472293035980977;0.5287106561406045;0.48847004210200146;0.5645228569932925,0.3909449059087976;0.40486279796399527;0.4044803772508562;0.390205778636314,False,False,0.0085589325816204,0.040476980037126124,0.48289115468139904,True,1.1579972244251421e-05,0.007503194902142852,True,0.00791804952109698,0.9299751017162997,9.514850588097899e-11,0.3718867476111327,0.7730846243919794
sweep_v2,l1a-gs-v2-066-d58df2fb43,SCREENING_L1A_FIELD_SEPARATRIX_CUSP_TOPOLOGY,True,5,0.004612586806637375,0.0020754418233393085,0.44995181886936186,1.4135653286293524,0.8986414241495507,False,0.0037432477157713145,0.0037172934172421492,0.48068871390236284,1.233118435923575,0.0003807229761424124,6,4,5,True,0.7549455843583622,0.7608900015605164,0.7551200893917738;0.7549455843583622;0.7608900015605164;0.7604175071286379,0.7551200893917738;0.9402843181296193;0.7608900015605164;0.8409138194823591,0.49463766251046964;0.4945233538554151;0.49696102414446075;0.4966524232740493,False,False,0.05651808495827189,0.004409203626818773,1.387786137215814,True,9.934422104934844e-06,0.014513256212588426,True,0.006688166808034191,0.936290841014689,9.375230527186974e-11,0.15079180675279158,0.5917973645009272
sweep_v2,l1a-gs-v2-067-dd5a30270f,SCREENING_L1A_FIELD_SEPARATRIX_CUSP_TOPOLOGY,True,4,0.005812586806637375,0.0021897275376250224,0.37672169216029244,1.1835061005386904,0.701586943219481,False,0.003987275205587004,0.0038231757701833254,0.5286887139023628,1.263589350050999,0.0006668644990018254,5,3,4,False,0.6144323781244229,0.6409768317359873,0.6155776127705317;0.6409768317359873;0.6144323781244229,0.6155776127705317;0.6409768317359873;0.6712923347868329,0.4433039720634512;0.46175627946592046;0.4426337971338597,False,False,0.058745404180656,0.0012610110300603256,0.5644649012267152,True,2.1849898527641397e-05,0.007472772131534706,True,0.007481438598391794,0.9338180386406298,9.553488070591077e-11,0.20298615728366243,0.7094922808154849
sweep_v2,l1a-gs-v2-068-375d1b1b13,SCREENING_L1A_FIELD_SEPARATRIX_CUSP_TOPOLOGY,True,3,0.004012586806637374,0.0015040132519107369,0.37482385413391944,1.1775438665373335,0.6968907953229262,False,0.0031890318394513922,0.003929058123124502,0.5766887139023629,1.2925367184720515,0.0004918126780954653,4,2,3,False,0.5753440428656007,0.5754049306039979,0.5754049306039979;0.5753440428656007,0.5754049306039979;0.6944374383390742,0.43830181878576563;0.4382554389147185,False,False,0.046246054238447694,0.01905758264332268,1.5767035338759916,True,2.2517039050401694e-05,0.009070094464612181,True,0.008374297741795421,0.9171946796693446,9.114277097497968e-11,0.20831014913177545,0.6039675564982717
sweep_v2,l1a-gs-v2-069-9ae4602904,SCREENING_L1A_FIELD_SEPARATRIX_CUSP_TOPOLOGY,True,5,0.004912586806637377,0.0016182989661964512,0.32941890492601045,1.034900011669149,0.589886141885452,False,0.0034289689606582835,0.0022349404760656786,0.6246887139023629,0.7714840868931041,0.0013025660491559198,6,4,5,True,0.5178562651684724,0.536450379906405,0.5204889262543012;0.5349345589558817;0.536450379906405;0.5178562651684724,0.5204889262543012;0.6121929992344672;0.536450379906405;0.6109929603712746,0.4116588668898132;0.42308403366950686;0.4243337681879152;0.40962577082524765,False,False,0.019564213805545322,0.002253386956247806,1.1215814589842732,True,7.889124537833027e-06,0.007100605322272346,True,0.0027010362341362932,0.9556318480202586,9.860301109565875e-11,0.09792403807084052,0.5584517160211008
sweep_v2,l1a-gs-v2-070-5b284f066b,SCREENING_L1A_FIELD_SEPARATRIX_CUSP_TOPOLOGY,True,3,0.006112586806637375,0.0017325846804821655,0.28344541113114863,0.8904700213033552,0.4908477692803633,False,0.00367166470255483,0.0023408228290068556,0.6822887139023628,0.8004314553141568,0.0011956890006681689,4,2,3,False,0.43125681175872976,0.43185956191431474,0.43185956191431474;0.43125681175872976,0.43185956191431474;0.5489032396029362,0.3669266177758406;0.3664144950964856,False,False,0.006726518943648542,0.006659994711519409,1.313764672891845,True,5.141573559267962e-06,0.002106212928020602,True,0.0037644563456363887,0.956972853143033,9.477536247027324e-11,0.1302284302888982,0.6269944776818416
sweep_v2,l1a-gs-v2-071-f0c9ebbd40,SCREENING_L1A_FIELD_SEPARATRIX_CUSP_TOPOLOGY,True,4,0.004312586806637374,0.0018468703947678799,0.42825118138501383,1.3453907653303094,0.8368211357642443,False,0.003917119065141032,0.0024467051819480317,0.49028871390236284,0.8293788237352093,0.0013347899132627287,5,3,4,False,0.7552056459128902,0.7921385886837154,0.7620971676578769;0.7921385886837154;0.7552056459128902,0.770069613631533;0.7921385886837154;0.7552056459128902,0.5170566534207262;0.5315463150004872;0.5087698562999885,False,False,0.04261275359187866,0.00950116043242141,0.45237001851316944,True,2.1974562210459736e-05,0.013934793926083544,True,0.002546409292892019,0.9511420283731039,9.242776216427764e-11,0.05749980363363059,0.49059821922638497
sweep_v2,l1a-gs-v2-072-79cfa36e3a,SCREENING_L1A_FIELD_SEPARATRIX_CUSP_TOPOLOGY,True,3,0.005212586806637374,0.001961156109053594,0.37623471450995954,1.1819762151299422,0.7003801196917974,False,0.004165332048416888,0.0025525875348892083,0.5382887139023629,0.8583261921562619,0.0014003846037364382,4,2,3,False,0.5707085215928791,0.5730829316895801,0.5730829316895801;0.5707085215928791,0.5730829316895801;0.7186389801833855,0.42834688166188317;0.42657214522415704,False,False,0.04760481202538306,0.008846690941702264,1.6056230092432802,True,7.310217849151868e-06,0.010395552866184973,True,0.0038624969791743696,0.9527094141486309,9.563730331788816e-11,0.09096975467420883,0.565728474253523
sweep_v2,l1a-gs-v2-073-274491a725,SCREENING_L1A_FIELD_SEPARATRIX_CUSP_TOPOLOGY,True,5,0.0056125868066373725,0.0020917683539515533,0.37269238339046357,1.170847653708351,0.6916390677870187,False,0.004438635574887028,0.0026584698878303844,0.5862887139023628,0.8872735605773145,0.002854713020047852,6,4,5,True,0.6045834628994835,0.6200771304486988,0.6045834628994835;0.6200771304486988;0.6185240701535286;0.6075408837206087,0.6045834628994835;0.7292148143983854;0.6185240701535286;0.6972151647495165,0.44922057320356323;0.46073275414232817;0.4599313315035764;0.4517642903098666,False,False,0.027233099567300217,0.002408775075946561,1.1535215725049204,True,9.39637158898208e-06,0.00588699805550939,True,0.0043221309489338755,0.9500746069798708,9.516351456773447e-11,0.09621703227086491,0.6083317680827245
sweep_v2,l1a-gs-v2-074-e2365d7a87,SCREENING_L1A_FIELD_SEPARATRIX_CUSP_TOPOLOGY,True,5,0.0038125868066373747,0.0014060540682372675,0.36879267005526334,1.1585963429433799,0.6820917022375037,False,0.003138643468736607,0.002764352240771561,0.6342887139023627,0.9162209289983673,0.002171254975730044,6,4,5,True,0.5969484101744844,0.6028455284143525,0.6004578764653453;0.6011660692882721;0.5969484101744844;0.6028455284143525,0.6004578764653453;0.7684548999079508;0.5969484101744844;0.6661549581055825,0.4560449305014167;0.45658279961658993;0.4535836376642953;0.4580644877635425,False,False,0.019020576876067164,0.006754562375352131,1.553942247172152,True,1.7371048635090496e-05,0.004931698453803928,True,0.0038889356330222766,0.9345738831270558,9.951823959100087e-11,0.11785766836042695,0.5268836781455497
sweep_v2,l1a-gs-v2-075-a6696084a4,SCREENING_L1A_FIELD_SEPARATRIX_CUSP_TOPOLOGY,True,3,0.0047125868066373745,0.0015203397825229819,0.32261257880314936,1.0135173075236321,0.5746729309330469,False,0.003388336907896103,0.0028702345937127375,0.6918887139023628,0.9451682974194199,0.0017823929803143736,4,2,3,False,0.4836249032332369,0.4893572290877602,0.4836249032332369;0.4893572290877602,0.4836249032332369;0.6209029354990961,0.3944434920512769;0.399118765413996,False,False,0.013872532815130833,0.010632515875514155,1.8556895513139942,True,9.899670479065125e-06,0.007845284334280677,True,0.00519856990030875,0.9371868150618423,9.669896413205272e-11,0.16813207973486988,0.617257461159539
sweep_v2,l1a-gs-v2-076-900f037a8c,SCREENING_L1A_FIELD_SEPARATRIX_CUSP_TOPOLOGY,True,3,0.005912586806637374,0.001634625496808696,0.27646536960331675,0.8685415741177669,0.4765281419990293,False,0.003241432030975729,0.002976116946653914,0.4998887139023628,0.9741156658404725,0.0024521945254020335,4,2,3,False,0.367986206803186,0.3680951577026839,0.3680951577026839;0.367986206803186,0.3680951577026839;0.4611732741378617,0.30449190583817987;0.30440178059111617,False,False,0.11100031319347632,0.012124653052584868,0.3251366765668056,True,1.5033214924652094e-05,0.0071201234828146675,True,0.0046367375755737095,0.9443243037714151,9.783179928314945e-11,0.18798713524289026,0.6090523879969287
sweep_v2,l1a-gs-v2-077-44d74d05d4,SCREENING_L1A_FIELD_SEPARATRIX_CUSP_TOPOLOGY,True,4,0.004112586806637375,0.0017489112110944103,0.42525818744343885,1.3359879975512188,0.8285338902513836,False,0.0034939799896210443,0.0030819992995950903,0.5478887139023628,1.0030630342615252,0.00247447843899484,5,3,4,False,0.7435289506899159,0.7889400133777033,0.7435289506899159;0.7889400133777033;0.7489405316154196,0.7563017606107271;0.7889400133777033;0.7489405316154196,0.5108170882168481;0.5326109436638884;0.5125780067833022,False,False,0.0365948211395957,0.006868312368621026,0.36776439235551994,True,4.670007313214292e-06,0.009775793466110258,True,0.0041922678374327,0.9403415001416946,9.958359187157e-11,0.10843872560153728,0.5227245442740277
sweep_v2,l1a-gs-v2-078-28bf64f2bb,SCREENING_L1A_FIELD_SEPARATRIX_CUSP_TOPOLOGY,True,5,0.0050125868066373735,0.0018631969253801246,0.37170367262527776,1.167741527231918,0.6892110314979478,False,0.0037492865689560144,0.003194110026238689,0.5958887139023629,1.0320104026825778,0.0040751067358563015,6,4,5,True,0.5969874379506892,0.6139635352868025,0.5977633256956633;0.6139635352868025;0.613517925849283;0.5969874379506892,0.5977633256956633;0.731986597087775;0.613517925849283;0.6823872900616597,0.4466466018473888;0.4587513400473729;0.45849495876447777;0.4461413745445371,False,False,0.02295921743515515,0.002147002668752348,1.1488673295917178,True,1.5003051543494711e-05,0.009868017749610958,True,0.005824724888071398,0.9346359152665511,9.3653944868934e-11,0.15340230643002428,0.6037152066167362
sweep_v2,l1a-gs-v2-079-62792322e0,SCREENING_L1A_FIELD_SEPARATRIX_CUSP_TOPOLOGY,True,4,0.006212586806637374,0.001977482639665839,0.3183026171245037,0.9999771635767454,0.5651430979007059,False,0.004007351768980639,0.0032999923791798653,0.6438887139023628,1.0609577711036304,0.004356220461826686,5,3,4,False,0.5146779995208987,0.5442215968201254,0.5183211778520815;0.5442215968201254;0.5146779995208987,0.5183211778520815;0.5450092138442098;0.5804104357873645,0.41341843502770786;0.4340768822104051;0.4106177333853686,False,False,0.012680344390625967,0.00530067434967295,0.8534773414088516,True,8.068742024445325e-06,0.005637616681847309,True,0.006847636521205134,0.9348420867694444,8.713152881651615e-11,0.19171059514565666,0.6885260582526246
sweep_v2,l1a-gs-v2-080-b666fbf97d,SCREENING_L1A_FIELD_SEPARATRIX_CUSP_TOPOLOGY,True,3,0.0044125868066373745,0.002108094884563798,0.4777458159900266,1.5008827457975285,0.9825426534263383,False,0.004291886822544375,0.003405874732121042,0.7014887139023628,1.089905139524683,0.002481710557586512,4,2,3,False,0.7999207310125442,0.8050088774584752,0.8050088774584752;0.7999207310125442,0.8050088774584752;0.9157545566936759,0.5344991252414106;0.5311207652001693,False,False,0.03901282354894091,0.02412629435481416,2.0079552186674263,True,1.2162670582273327e-05,0.009101260861259472,True,0.008015448911990592,0.925551976714138,9.870314620660511e-11,0.12302762400831946,0.6239336601099909
sweep_v2,l1a-gs-v2-081-601159d2a0,SCREENING_L1A_FIELD_SEPARATRIX_CUSP_TOPOLOGY,True,5,0.005312586806637374,0.0014223805988495123,0.267737855515591,0.8411232799756663,0.45886714763218467,False,0.0033841607262461706,0.0035117570850622185,0.5094887139023628,1.1188525079457357,0.005303183497961098,6,3,4,False,0.3918535117455264,0.4003525950138849,0.3918535117455264;0.39921615269886357;0.4003525950138849,0.3918535117455264;0.4528581120793335;0.4003525950138849,0.3312168450213303;0.33744016734585464;0.33811752271033646,False,False,0.054394259128931574,0.002841690012776034,0.652258135587679,True,5.341448700590858e-06,0.010443594074720826,True,0.006405587165249489,0.9372827795298928,9.898748674682395e-11,0.2017111721557636,0.5875384017548189
sweep_v2,l1a-gs-v2-082-ec510a5bdb,SCREENING_L1A_FIELD_SEPARATRIX_CUSP_TOPOLOGY,True,5,0.005712586806637374,0.0015366663131352266,0.26899657985937225,0.845077679126984,0.46139794601606615,False,0.0036410436602609436,0.0036176394380033946,0.5574887139023628,1.1477998763667885,0.0060501981708867844,6,3,4,False,0.40082835833719743,0.41117905312616587,0.40082835833719743;0.41117905312616587;0.409343521068527,0.40082835833719743;0.46626873335663416;0.409343521068527,0.3393435580015093;0.3481065148243431;0.34676385457067543,False,False,0.03720098002241358,0.002550458485824095,0.7662701780233016,True,8.03106067480061e-06,0.007872225411058554,True,0.007373764162997315,0.9347299498573144,9.400074932676176e-11,0.21888016840102523,0.6472874807648917
sweep_v2,l1a-gs-v2-083-4c9976a050,SCREENING_L1A_FIELD_SEPARATRIX_CUSP_TOPOLOGY,True,4,0.003912586806637374,0.001650952027420941,0.4219592072999479,1.325623945768089,0.8194644549031359,False,0.003900685214965372,0.003723521790944571,0.6054887139023628,1.1767472447878409,0.0035055811371720045,5,3,4,False,0.6460046403795394,0.8044189390229629,0.6460046403795394;0.8044189390229629;0.6524055823985676,0.8093226118279343;0.8044189390229629;0.6524055823985676,0.5066661790823958;0.5466119773205865;0.5519530581565093,False,False,0.0183097349737741,0.010685419827418796,0.8164778301241119,True,8.822990387195775e-06,0.006846790117526055,True,0.006801762833089462,0.9259798260814066,9.771624620007253e-11,0.12210113786151945,0.5332809397726407
sweep_v2,l1a-gs-v2-084-7fbadd6e3c,SCREENING_L1A_FIELD_SEPARATRIX_CUSP_TOPOLOGY,True,3,0.004812586806637374,0.001765237741706655,0.3667960314548701,1.1523237177845107,0.6772337892655425,False,0.0035452521807621254,0.0038294041438857477,0.6534887139023628,1.2056946132088935,0.0034097332201561063,4,2,3,False,0.5623616133772389,0.5666954646841671,0.5666954646841671;0.5623616133772389,0.5666954646841671;0.6961341627328783,0.43662273496945586;0.43328362582088253,False,False,0.02145767396702799,0.005453724087604447,1.8032014300467312,True,2.070361929851867e-05,0.005929999423317571,True,0.008812958944419665,0.9206971232190946,9.140337697660261e-11,0.23612029122584416,0.688446851615081
sweep_v2,l1a-gs-v2-085-3164dd7be8,SCREENING_L1A_FIELD_SEPARATRIX_CUSP_TOPOLOGY,True,4,0.0060125868066373735,0.0018795234559923694,0.31259814060689134,0.9820560220564389,0.5526506592870697,False,0.003770410976845864,0.003935286496826925,0.6650087139023628,1.2346419816299463,0.005972702938409458,5,2,3,False,0.5113394085988101,0.5356534665102268,0.5113394085988101;0.5356534665102268,0.5113394085988101;0.5356534665102268,0.4122614871432492;0.4319384551651145,False,False,0.005948380197268138,0.00418457747171135,0.7708475409623764,True,7.121684075994976e-06,0.005272719977585714,True,0.00925583338352621,0.9299445688206319,9.929985157584617e-11,0.2734130575626064,0.748933860613758
sweep_v2,l1a-gs-v2-086-fbb26d4705,SCREENING_L1A_FIELD_SEPARATRIX_CUSP_TOPOLOGY,True,3,0.004212586806637374,0.0019938091702780838,0.4732980616889906,1.4869097135604217,0.9687417299791203,False,0.003998328393619258,0.002241168849768101,0.7130087139023628,1.26511289575737,0.003292333284588808,4,2,3,False,0.7768095536156824,0.7935722904381515,0.7768095536156824;0.7935722904381515,0.7768095536156824;0.9582653329772814,0.5183415251754113;0.5295267925684684,False,False,0.017178102014327217,0.0066050237842466,2.3728434792478383,True,1.3251159037882404e-05,0.012214993227678732,True,0.003257506973527619,0.9420868567327731,9.030078506992514e-11,0.1120090763912786,0.909810780753059
sweep_v2,l1a-gs-v2-087-8428d611f2,SCREENING_L1A_FIELD_SEPARATRIX_CUSP_TOPOLOGY,True,4,0.005112586806637374,0.0021244214151760433,0.415527695768027,1.3054187563879283,0.8019764701143677,False,0.003401686473686271,0.002347051202709277,0.5210087139023628,1.2940602641784227,0.0055765944923429536,5,2,3,False,0.6576422456271226,0.6916917558622531,0.6576422456271226;0.6916917558622531,0.6576422456271226;0.6916917558622531,0.4375068206357475;0.4591924727351811,False,False,0.0980493418572175,0.01671720957843815,0.37990580878877334,True,9.50830705644405e-06,0.015126066538093846,True,0.0024917067579327086,0.9567713912933871,9.445014280081494e-11,0.15681379671898912,0.8688342462807981
sweep_v2,l1a-gs-v2-088-54d047707b,SCREENING_L1A_FIELD_SEPARATRIX_CUSP_TOPOLOGY,True,3,0.0063125868066373735,0.001438707129461757,0.22791086657993004,0.7160031041207917,0.38143852738232054,False,0.0023927809954116604,0.0024529335556504536,0.5690087139023629,0.7730076325994752,0.0,4,4,5,True,0.19662215205470748,0.2600541383765162,0.19662215205470748;0.2600541383765162;0.2566363416190161;0.2005219104394341,0.19662215205470748;0.2600541383765162;0.3119085952391498;1.215416417585785,0.16793580864342494;0.22801414067566678;0.2250174339301769;0.1712801914337495,False,False,0.16280743180181825,0.09406818951646975,18.26204501466389,True,1.3758337330983079e-05,0.03154070948181603,True,0.0030034780989386875,0.9570699274378374,9.460984694206417e-11,0.19057612023155526,0.567297802451713
sweep_v2,l1a-gs-v2-089-8275bc9272,SCREENING_L1A_FIELD_SEPARATRIX_CUSP_TOPOLOGY,True,5,0.004512586806637374,0.0015529928437474716,0.3441469184511287,1.0811694307616315,0.6235149534793281,False,0.0029056242598973162,0.00255881590859163,0.6170087139023628,0.801955001020528,0.00038441154859666883,6,4,5,True,0.5413198143256788,0.5611451745289283,0.5413198143256788;0.5611451745289283;0.5547836786788556;0.5443113321065126,0.5413198143256788;0.6415488041364713;0.5547836786788556;0.6443103544692713,0.4192397988683642;0.4345940863046313;0.4296720751544767;0.4215613915557975,False,False,0.02577495119613417,0.0071795572531021205,1.0900226636994108,True,9.140548597760248e-06,0.013089301496945817,True,0.003250933642587484,0.9522696123530121,9.902573180561526e-11,0.13608254903294498,0.515586452118095
sweep_v2,l1a-gs-v2-090-7ab4ba4fd8,SCREENING_L1A_FIELD_SEPARATRIX_CUSP_TOPOLOGY,True,5,0.005412586806637374,0.001667278558033186,0.308037287455349,0.9677276793014516,0.5427598067279258,False,0.003135118031350512,0.0026646982615328063,0.6746087139023628,0.8309023694415806,0.0007905412186961885,6,4,5,True,0.48899457535782104,0.5088472142048159,0.48899457535782104;0.5088472142048159;0.5043236275936275;0.4907348130969799,0.48899457535782104;0.5652496097712421;0.5043236275936275;0.5881899877676396,0.40013549350400474;0.41638055192124024;0.4126797148585181;0.4015602118550608,False,False,0.0036677327023446286,0.010768484666358867,1.1239964535356275,True,5.6544320723829825e-06,0.008685487455307676,True,0.004203401048047008,0.9455457674992469,9.985806457540795e-11,0.16623348328341903,0.575287699142973
sweep_v2,l1a-gs-v2-091-1aab0b78cb,SCREENING_L1A_FIELD_SEPARATRIX_CUSP_TOPOLOGY,True,4,0.005457031251081819,0.0017815642723189,0.32647133401805556,1.025639944558783,0.5832729957604319,False,0.0033673704234933634,0.0027705806144739833,0.4826087139023628,0.8598497378626332,0.0009033597757748423,5,3,4,False,0.4775884246157077,0.503176772782573,0.4776248999343054;0.503176772782573;0.4775884246157077,0.4776248999343054;0.503176772782573;0.5440902030825263,0.36456794225868316;0.384031179032606;0.36450181271929977,False,False,0.10504346581464848,0.00830906878126945,0.3436606608299762,True,1.189233183116617e-05,0.01488952440944883,True,0.0035485980279644047,0.9509950687508376,9.592771709801587e-11,0.12553935494649748,0.5165186224124712
sweep_v2,l1a-gs-v2-092-d532fb20ca,SCREENING_L1A_FIELD_SEPARATRIX_CUSP_TOPOLOGY,True,3,0.0063570312510818185,0.0018958499866046144,0.2982288291066659,0.9369134986101877,0.5217733682495829,False,0.003602381436325871,0.002876462967415159,0.5306087139023629,0.8887971062836859,0.0010214295179488144,4,2,3,False,0.41049523807068494,0.41067424563636906,0.41067424563636906;0.41049523807068494,0.41067424563636906;0.5151582944412969,0.3319741992137629;0.3318294959753626,False,False,0.09334788559577495,0.01481642905228841,0.4706203172201786,True,1.713980589129055e-05,0.0055685167208857625,True,0.004799125281623079,0.9456926350182969,9.850881337265613e-11,0.159312781084268,0.5900841674387666
sweep_v2,l1a-gs-v2-093-27025a655c,SCREENING_L1A_FIELD_SEPARATRIX_CUSP_TOPOLOGY,True,4,0.004557031251081818,0.0020101357008903285,0.4411064111998643,1.385776660876852,0.8730682982767511,False,0.0038401510698480323,0.002982345320356336,0.5786087139023628,0.9177444747047385,0.0011981885277759707,5,3,4,False,0.7934717816020459,0.8332637095216944,0.7934717816020459;0.8332637095216944;0.7995018017170531,0.7934717816020459;0.8332637095216944;0.8055570501447618,0.5217214625402055;0.5479601378259576;0.525758067289947,False,False,0.03319877044848243,0.006284982650438089,0.5640468001159461,True,1.3034125953232528e-05,0.013223909277767724,True,0.004457190332214083,0.9422836254413103,9.102723420900519e-11,0.09810103160017267,0.5214151906771802
sweep_v2,l1a-gs-v2-094-ba60c4fe8b,SCREENING_L1A_FIELD_SEPARATRIX_CUSP_TOPOLOGY,True,5,0.005757031251081819,0.002140747945788288,0.37184928349763857,1.1681989772788097,0.6895682977856595,False,0.004101434891884676,0.003088227673297512,0.6266087139023628,0.9466918431257911,0.002242561381263881,6,4,5,True,0.6092202168574876,0.6242380202069026,0.6096258414719166;0.6190832543093556;0.6242380202069026;0.6092202168574876,0.6096258414719166;0.7168317872416989;0.6242380202069026;0.706429318222604,0.4544919067680097;0.4615426538019639;0.4656759725701019;0.4544728257667602,False,False,0.019726478186386048,0.0017735473165007164,1.1407121615508422,True,1.8004075417223098e-06,0.009949126952366357,True,0.006025872349800819,0.9471620405112555,9.759831378932042e-11,0.1458141289254769,0.6166542581968313
sweep_v2,l1a-gs-v2-095-27f6ceb96c,SCREENING_L1A_FIELD_SEPARATRIX_CUSP_TOPOLOGY,True,4,0.003957031251081818,0.001455033660074002,0.3677084075785877,1.1551900319120925,0.6794511112687598,False,0.0033182408152909047,0.003200338399941111,0.6842087139023628,0.9756392115468437,0.0014258098697248866,5,3,4,False,0.6145670391640692,0.6625990051755712,0.6145670391640692;0.6625990051755712;0.6178821723133743,0.6463862457778804;0.6646353102953911;0.6178821723133743,0.483669579069739;0.4958010539652224;0.48402874817331953,False,False,0.020109369159239752,0.012896866050012045,0.264552406000197,True,6.35204745028789e-06,0.003110651085170902,True,0.005102076785532218,0.9367071802185785,9.448555552945326e-11,0.13263353704302708,0.5179799979653331
