set_id,design_id,label,stable,axis_null_count,channel_axis_null_count,wall_cusp_count,cell_count,four_wall_cusps,four_cells,wall_cusp_z_m,wall_cusp_z_over_length,cell_lengths_m,wall_mirror_ratio_min,wall_mirror_ratio_max,axis_mirror_ratio_min,axis_mirror_ratio_max,angle_to_wall_normal_deg_min,angle_to_wall_normal_deg_max,max_wall_intersection_shift_m,max_axis_null_shift_m,wall_radius_m,chamber_length_m,stage_pitch_m,stage_count
sweep_v2,l1a-gs-v2-000-48d2ccedd5,SCREENING_L1A_FIELD_SEPARATRIX_CUSP_TOPOLOGY,True,4,2,2,3,False,False,0.003627979849237588;0.007764660591564771,0.31824384642434983;0.681110578207436,0.003627979849237588;0.004136680742327183;0.0036353394084352297,1.0009498820496954,1.8723998240176192,0.5038277468422078,0.6385345138851382,0.06103283076938087,0.3823279389578946,1.4029604078810449e-05,7.778511111002431e-06,0.0014,0.0114,0.0038,3
sweep_v2,l1a-gs-v2-001-0830ddda40,SCREENING_L1A_FIELD_SEPARATRIX_CUSP_TOPOLOGY,True,6,3,3,4,False,True,0.006266245639016116;0.013143015997934744;0.019357758291711283,0.1928075581235728;0.404400492244146;0.5956233320526548,0.006266245639016116;0.006876770358918628;0.006214742293776538;0.004042241708288718,1.0,1.0319133426970881,0.5520977041688346,0.667441367788447,1.1043606701085975,1.1528511935940657,5.21823352272327e-06,4.395481276647795e-06,0.0022,0.0325,0.0065,5
sweep_v2,l1a-gs-v2-002-48c4d2e317,SCREENING_L1A_FIELD_SEPARATRIX_CUSP_TOPOLOGY,True,5,3,3,4,False,True,0.00500805686984908;0.010300652063986056;0.01559246359192356,0.2431095567887903;0.5000316535915561;0.7569157083458039,0.00500805686984908;0.005292595194136976;0.005291811527937503;0.0021235364080764395,1.0,1.277038327782693,0.5770309280547664,0.6283741121182825,0.023964203655346704,0.7059906598602508,8.034201088230998e-06,9.602764168652016e-06,0.0018,0.0206,0.00515,4
sweep_v2,l1a-gs-v2-003-b98d8da7bf,SCREENING_L1A_FIELD_SEPARATRIX_CUSP_TOPOLOGY,True,4,2,2,3,False,False,0.0062740037839960254;0.01323013126362025,0.32174378379466795;0.6784682699292436,0.0062740037839960254;0.006956127479624224;0.00626986873637975,1.001783206062176,1.919798520975172,0.4067878338652305,0.5077992670339517,1.016913782299113,1.0793719716402517,1.1348959779415476e-05,6.997695503135025e-06,0.0022,0.0195,0.0065,3
sweep_v2,l1a-gs-v2-004-72b1c5ba70,SCREENING_L1A_FIELD_SEPARATRIX_CUSP_TOPOLOGY,True,6,3,3,4,False,True,0.0036489590361336805;0.00773754337163568;0.011265750878234414,0.19205047558598315;0.40723912482293045;0.5929342567491795,0.0036489590361336805;0.004088584335502;0.0035282075065987337;0.0024142491217655875,1.0,1.0169150479177655,0.5962206024223515,0.786359233471246,0.9154027735207568,1.842053259430247,1.956618558875134e-05,1.624934349415963e-05,0.0014,0.019000000000000003,0.0038000000000000004,5
sweep_v2,l1a-gs-v2-005-942c2d458e,SCREENING_L1A_FIELD_SEPARATRIX_CUSP_TOPOLOGY,True,4,2,2,3,False,False,0.004906945574150934;0.010544255377055306,0.31760165528485007;0.6824760761848094,0.004906945574150934;0.005637309802904372;0.002742744622944694,1.0,1.3556302920953576,0.5273599025967474,0.6691274644871984,1.4701105888591637,1.5193858467645993,1.1058411348148457e-05,1.1175714769503554e-05,0.0018,0.01545,0.00515,3
sweep_v2,l1a-gs-v2-006-110b30a28a,SCREENING_L1A_FIELD_SEPARATRIX_CUSP_TOPOLOGY,True,6,4,4,5,True,False,0.004965669616978371;0.010403607832530757;0.015348745371129192;0.02078184227057713,0.19284153852343186;0.40402360514682545;0.5960677814030754;0.807061835750568,0.004965669616978371;0.005437938215552386;0.0049451375385984354;0.005433096899447936;0.001363157729422873,1.0,1.3114228440792692,0.5554828518567922,0.6654868376752905,0.8395182675307004,1.1467858073012371,9.675898759432333e-06,1.0403433892255e-05,0.0018,0.025750000000000002,0.00515,5
sweep_v2,l1a-gs-v2-007-9ea145255a,SCREENING_L1A_FIELD_SEPARATRIX_CUSP_TOPOLOGY,True,5,3,3,4,False,True,0.003729230720090614;0.007598430990624714;0.01147356653972076,0.24534412632175093;0.4998967756989943;0.7548399039289974,0.003729230720090614;0.0038692002705341;0.0038751355490960464;0.0015984334602792399,1.0,1.0162997935534361,0.8089369144820214,0.9231461116828014,0.0349525202685392,0.25581887480403953,1.19198729474977e-05,1.0624957697775994e-05,0.0018,0.0152,0.0038,4
sweep_v2,l1a-gs-v2-008-b45d1d67d2,SCREENING_L1A_FIELD_SEPARATRIX_CUSP_TOPOLOGY,True,5,3,3,4,False,True,0.006340425599550184;0.012999067879003496;0.019663496252040558,0.24386252305962247;0.4999641491924422;0.7562883173861753,0.006340425599550184;0.006658642279453312;0.006664428373037061;0.0026965037479594403,1.0,1.5614593650769246,0.4179186185676268,0.48317083540733674,0.010183844580229723,0.6138510377283404,7.345952689287883e-06,6.118593866833583e-06,0.0018,0.026,0.0065,4
sweep_v2,l1a-gs-v2-009-4d592518ca,SCREENING_L1A_FIELD_SEPARATRIX_CUSP_TOPOLOGY,True,5,3,3,4,False,True,0.005012109091951435;0.010298475366348911;0.015589574939804564,0.2433062665995842;0.4999259886577141;0.7567754825147847,0.005012109091951435;0.005286366274397476;0.005291099573455653;0.002126425060195435,1.0,1.3441036701688263,0.5515564031155178,0.6056995238409836,0.005634052727899562,0.5121421342123421,1.0252972512368036e-05,8.24925897177425e-06,0.0018,0.0206,0.00515,4
sweep_v2,l1a-gs-v2-010-7aa8cd8bce,SCREENING_L1A_FIELD_SEPARATRIX_CUSP_TOPOLOGY,True,5,3,3,4,False,True,0.005007485945959103;0.010298104792530387;0.015595081667802454,0.24308184203684963;0.49990799963739746;0.7570427994078861,0.005007485945959103;0.005290618846571285;0.005296976875272067;0.002120918332197545,1.0,1.1725123771134829,0.59669417227521,0.6475224273449111,0.023998016434430378,0.9746222514660209,1.0745534610695278e-05,8.813212043603906e-06,0.0018,0.0206,0.00515,4
sweep_v2,l1a-gs-v2-011-eabda2c05f,SCREENING_L1A_FIELD_SEPARATRIX_CUSP_TOPOLOGY,True,5,3,3,4,False,True,0.005007952014288928;0.01030096951268589;0.01559168212403099,0.24310446671305475;0.500047063722616;0.7568777730112131,0.005007952014288928;0.005293017498396962;0.005290712611345099;0.0021243178759690097,1.0,1.2524931272673092,0.4191778335865969,0.4730084733185174,0.021769769334077458,0.5994936723767754,7.683310605881809e-06,9.429307602759705e-06,0.0014,0.0206,0.00515,4
sweep_v2,l1a-gs-v2-012-861e265ea9,SCREENING_L1A_FIELD_SEPARATRIX_CUSP_TOPOLOGY,True,5,3,3,4,False,True,0.005013398487920599;0.010300348319667701;0.01558795331136064,0.2433688586369223;0.5000169087217331;0.7566967626874097,0.005013398487920599;0.005286949831747102;0.005287604991692939;0.002128046688639359,1.0,1.298321586360031,0.7634440417485414,0.7908395925384083,0.026398350501296176,0.6623105826683129,1.5844557586386018e-05,1.6595924518899262e-05,0.0022,0.0206,0.00515,4
sweep_v2,l1a-gs-v2-013-1a5f2faf5b,SCREENING_L1A_FIELD_SEPARATRIX_CUSP_TOPOLOGY,True,5,3,3,4,False,True,0.0050089859341937056;0.010300843434769023;0.015591006499027258,0.24315465699969444;0.5000409434353895;0.7568449756809349,0.0050089859341937056;0.005291857500575318;0.005290163064258235;0.002124993500972741,1.0,1.3851189088127782,0.5715507174326291,0.6324274037109754,0.025495609552857807,0.7011230752117402,1.9011605360190345e-05,1.8697332254506704e-05,0.0018,0.0206,0.00515,4
sweep_v2,l1a-gs-v2-014-454d5ec089,SCREENING_L1A_FIELD_SEPARATRIX_CUSP_TOPOLOGY,True,5,3,3,4,False,True,0.005007696964982742;0.01030047642261263;0.015593305430064002,0.24309208567877388;0.5000231273112927;0.7569565742749516,0.005007696964982742;0.005292779457629888;0.005292829007451372;0.0021226945699359973,1.0,1.1861490380102921,0.5812655398016795,0.6224655211579976,0.022619796906195228,0.6795679252682676,1.3170183378484555e-05,1.347556865463704e-05,0.0018,0.0206,0.00515,4
sweep_v2,l1a-gs-v2-015-691452be4d,SCREENING_L1A_FIELD_SEPARATRIX_CUSP_TOPOLOGY,True,5,3,3,4,False,True,0.005009196359461368;0.010300866762674128;0.015590731668986101,0.243164871818513;0.5000420758579673;0.756831634416801,0.005009196359461368;0.005291670403212759;0.005289864906311973;0.002125268331013898,0.9999999999999996,1.3988378796184866,0.5707777197939378,0.6326100618265063,0.02569844702007666,0.6959646466338333,1.5876969649985693e-05,1.5875110144002256e-05,0.0018,0.0206,0.00515,4
sweep_v2,l1a-gs-v2-016-9e4e222280,SCREENING_L1A_FIELD_SEPARATRIX_CUSP_TOPOLOGY,True,5,3,3,4,False,True,0.005007744157035655;0.01030044871356157;0.015593334099877868,0.2430943765551289;0.5000217822117267;0.7569579660134887,0.005007744157035655;0.005292704556525914;0.005292885386316299;0.0021226659001221306,1.0,1.1727247820140643,0.5819320420982063,0.6214264127433632,0.02244200930910577,0.6736493242107932,5.830223913030116e-06,6.157375561694281e-06,0.0018,0.0206,0.00515,4
sweep_v2,l1a-gs-v2-017-55712611a0,SCREENING_L1A_FIELD_SEPARATRIX_CUSP_TOPOLOGY,True,5,3,3,4,False,True,0.005008041982779362;0.010300935351639982;0.015591688474184977,0.243108834115503;0.5000454054194166;0.7568780812711153,0.005008041982779362;0.00529289336886062;0.0052907531225449955;0.002124311525815022,1.0,1.4457047652271626,0.5712024060414023,0.6405521086476963,0.026115048852480168,0.7933900312559159,9.412309276280026e-06,1.0936744834503121e-05,0.0018,0.0206,0.00515,4
sweep_v2,l1a-gs-v2-018-99a8ddb38f,SCREENING_L1A_FIELD_SEPARATRIX_CUSP_TOPOLOGY,True,5,3,3,4,False,True,0.005013437976889826;0.010300400042296296;0.015587777349271944,0.243370775577176;0.5000194195289465;0.7566882208384439,0.005013437976889826;0.00528696206540647;0.005287377306975647;0.0021282226507280556,0.9999999999999996,1.153785966331912,0.5826889476025598,0.614395404012968,0.02347274187608393,0.5627275784631476,1.2556216581153992e-05,1.2580839490207267e-05,0.0018,0.0206,0.00515,4
sweep_v2,l1a-gs-v2-019-9166fdf853,SCREENING_L1A_FIELD_SEPARATRIX_CUSP_TOPOLOGY,True,5,3,3,4,False,True,0.005008056869849079;0.010300652063986056;0.01559246359192356,0.24310955678879026;0.5000316535915561;0.7569157083458039,0.005008056869849079;0.005292595194136977;0.005291811527937503;0.0021235364080764395,1.0,1.277038327782704,0.5770309280547685,0.628374112118284,0.023964203655345455,0.7059906598603077,8.034201088232083e-06,9.602764168652016e-06,0.0018,0.0206,0.00515,4
sweep_v2,l1a-gs-v2-020-b517ae2748,SCREENING_L1A_FIELD_SEPARATRIX_CUSP_TOPOLOGY,True,5,3,3,4,False,True,0.005008056869849081;0.010300652063986056;0.01559246359192356,0.24310955678879034;0.5000316535915561;0.7569157083458039,0.005008056869849081;0.005292595194136975;0.005291811527937503;0.0021235364080764395,1.0,1.2770383277826918,0.577030928054768,0.6283741121182838,0.023964203655325186,0.7059906598602865,8.03420108822883e-06,9.602764168652016e-06,0.0018,0.0206,0.00515,4
sweep_v2,l1a-gs-v2-021-5e0b38a851,SCREENING_L1A_FIELD_SEPARATRIX_CUSP_TOPOLOGY,True,5,3,3,4,False,True,0.0050122245886952835;0.010301204994766524;0.015586756080553715,0.24331187323763512;0.5000584948915788;0.7566386446870735,0.0050122245886952835;0.00528898040607124;0.005285551085787191;0.005013243919446285,1.0,1.6082744388777583,0.5574698386734911,0.6310762230719366,0.028226028596555663,0.5705403427411162,1.859881834333308e-05,1.840270538296931e-05,0.0018,0.0206,0.00515,4
sweep_v2,l1a-gs-v2-022-4a12458d8a,SCREENING_L1A_FIELD_SEPARATRIX_CUSP_TOPOLOGY,True,5,2,2,3,False,False,0.00500805686984908;0.010300652063986056,0.2431095567887903;0.5000316535915561,0.00500805686984908;0.005292595194136976;0.004531347936013943,1.0,1.277038327782693,0.5797071055733443,0.6282317078877385,0.023964203655346704,0.6414451878392683,8.034201088230998e-06,9.602764168652016e-06,0.0018,0.0206,0.00515,4
sweep_v2,l1a-gs-v2-023-09c1438b40,SCREENING_L1A_FIELD_SEPARATRIX_CUSP_TOPOLOGY,True,5,3,3,4,False,True,0.0050099198814601365;0.010300946862410558;0.015589786965234451,0.24319999424563768;0.5000459641946873;0.7567857750113811,0.0050099198814601365;0.0052910269809504215;0.005288840102823893;0.002126213034765548,1.0,1.4468504958706512,0.5681321238383101,0.6331832008094764,0.02642062148868634,0.6785610053250253,8.351949717993242e-06,9.500580296539947e-06,0.0018,0.0206,0.00515,4
sweep_v2,l1a-gs-v2-024-8ebc8e6892,SCREENING_L1A_FIELD_SEPARATRIX_CUSP_TOPOLOGY,True,5,3,3,4,False,True,0.005008054315324405;0.010300359307532205;0.015593268588402705,0.2431094327827381;0.5000174421132139;0.7569547858447915,0.005008054315324405;0.0052923049922078;0.005292909280870501;0.0021227314115972937,1.0,1.1307783390935462,0.583993701604443,0.617740584044297,0.021915754323029526,0.648948501913756,8.992096437072938e-06,7.63278674437498e-06,0.0018,0.0206,0.00515,4
sweep_v2,l1a-gs-v2-025-7bfbfbb365,SCREENING_L1A_FIELD_SEPARATRIX_CUSP_TOPOLOGY,True,5,3,3,4,False,True,0.00500805686984908;0.010300652063986056;0.01559246359192356,0.2431095567887903;0.5000316535915561;0.7569157083458039,0.00500805686984908;0.005292595194136976;0.005291811527937503;0.0021235364080764395,1.0,1.277038327782693,0.5770309280547664,0.6283741121182825,0.023964203655346704,0.7059906598602508,8.034201088230998e-06,9.602764168652016e-06,0.0018,0.0206,0.00515,4
sweep_v2,l1a-gs-v2-026-c5d09bfafa,SCREENING_L1A_FIELD_SEPARATRIX_CUSP_TOPOLOGY,True,5,3,3,4,False,True,0.00500805686984908;0.010300652063986056;0.01559246359192356,0.2431095567887903;0.5000316535915561;0.7569157083458039,0.00500805686984908;0.005292595194136976;0.005291811527937503;0.0021235364080764395,1.0,1.277038327782693,0.5770309280547664,0.6283741121182825,0.023964203655346704,0.7059906598602508,8.034201088230998e-06,9.602764168652016e-06,0.0018,0.0206,0.00515,4
sweep_v2,l1a-gs-v2-027-56d238c396,SCREENING_L1A_FIELD_SEPARATRIX_CUSP_TOPOLOGY,True,5,3,3,4,False,True,0.005112337442294376;0.01049106253868517;0.015875178144427047,0.24363397201481812;0.4999629358989704;0.7565487903384139,0.005112337442294376;0.005378725096390794;0.005384115605741877;0.0029961425919249537,1.0,1.480942971845999,0.47185719767428647,0.535262823143783,0.011807627750552474,0.5509334186225515,1.0971212684908775e-05,9.187636250219955e-06,0.001632293135292661,0.02098368055988283,0.005245920139970707,4
sweep_v2,l1a-gs-v2-028-8c0a501d9c,SCREENING_L1A_FIELD_SEPARATRIX_CUSP_TOPOLOGY,True,4,2,2,3,False,False,0.005416035756061137;0.011522633101343866,0.31976103226103114;0.6802926016002563,0.005416035756061137;0.0061065973452827296;0.003503858477032395,1.0,1.5514834242958524,0.4507321707161604,0.5716358728697376,1.053013607870368,1.05816595265666,1.0548167189732742e-05,8.78108089738018e-06,0.0017465788495783755,0.016937760419912122,0.005645920139970707,3
sweep_v2,l1a-gs-v2-029-3940e2552f,SCREENING_L1A_FIELD_SEPARATRIX_CUSP_TOPOLOGY,True,5,3,3,4,False,True,0.0037746575495139767;0.007690921742236198;0.01161220582075331,0.24536765014202339;0.49994029142105223;0.7548392451046678,0.0037746575495139767;0.003916264192722221;0.003921284078517112;0.0018482897765435147,1.0,1.0352005530002757,0.8179042626551513,0.968370552474475,0.00028442150305013473,0.2861627951872891,2.7382404983403857e-05,2.3085773702604534e-05,0.0018608645638640896,0.01538368055988283,0.0038459201399707074,4
sweep_v2,l1a-gs-v2-030-5f0cd58497,SCREENING_L1A_FIELD_SEPARATRIX_CUSP_TOPOLOGY,True,6,4,4,5,True,False,0.004565998153636783;0.009623624540660165;0.014105710188351517;0.01916564002611973,0.1924178249516421;0.40555358104780764;0.5944352105528088;0.8076680374245834,0.004565998153636783;0.005057626387023382;0.004482085647691352;0.005059929837768212;0.0013085315899417985,1.0,1.1703378841993972,0.7144300580637134,0.9079140194833343,1.3272436774525609,1.662441537826352,2.4816704187130903e-06,2.6207676597127597e-06,0.001975150278149804,0.02372960069985354,0.004745920139970708,5
sweep_v2,l1a-gs-v2-031-3e7a3b3509,SCREENING_L1A_FIELD_SEPARATRIX_CUSP_TOPOLOGY,True,5,3,3,4,False,True,0.005791155868270869;0.011888306207214632;0.017991609044153395,0.2434928376072757;0.49985140766090075;0.7564686634120363,0.005791155868270869;0.006097150338943763;0.006103302836938763;0.0022396828363420197,1.0,1.4303122726450612,0.559150217567096,0.6182793365251504,0.005713422629701225,0.5983811585645836,1.3647169745804747e-05,1.492754316940667e-05,0.0021057625230477633,0.02378368055988283,0.005945920139970707,4
sweep_v2,l1a-gs-v2-032-570ad83ba6,SCREENING_L1A_FIELD_SEPARATRIX_CUSP_TOPOLOGY,True,4,2,2,3,False,False,0.003915800678022848;0.008523374746501803,0.3148316534344785;0.6852821133985167,0.003915800678022848;0.004607574068478956;0.001905235153031334,1.0,1.004011111023517,0.5039569479580563,0.6157151876556298,1.4910152262823622,1.5042245703721282,1.0908017955392826e-05,9.196973923174256e-06,0.0014200482373334775,0.012437760419912123,0.004145920139970708,3
sweep_v2,l1a-gs-v2-033-1f293d6cb7,SCREENING_L1A_FIELD_SEPARATRIX_CUSP_TOPOLOGY,True,6,4,4,5,True,False,0.0048720051787514065;0.01018674282101144;0.015033537884958408;0.020361299960803256,0.19310670972211175;0.40376155541259007;0.5958690374773024;0.8070401193833182,0.0048720051787514065;0.005314737642260033;0.0048467950639469685;0.0053277620758448475;0.00047230592024863,1.0,1.2231105023230682,0.4630722140907454,0.5528705876505919,0.6022670295078852,0.9128506841376846,1.9422385544119042e-05,1.6640405002470854e-05,0.0015343339516191916,0.025229600699853548,0.005045920139970709,5
sweep_v2,l1a-gs-v2-034-13a1a432e0,SCREENING_L1A_FIELD_SEPARATRIX_CUSP_TOPOLOGY,True,6,4,4,5,True,False,0.006056338925874273;0.01257209317539842;0.018653381438348788;0.02517671987699829,0.19392943842226834;0.40256977014302286;0.5972981088559444;0.8061812931574363,0.006056338925874273;0.0065157542495241465;0.006081288262950369;0.006523338438649502;0.00023126213086084937,1.0,1.3815427062099732,0.4002252072624345,0.47747718213071655,0.37693266168557665,0.8576055646095858,3.7423506217928223e-06,5.5216898908840885e-06,0.0016486196659049061,0.031229600699853526,0.0062459201399707055,5
sweep_v2,l1a-gs-v2-035-6ca4a7f3c2,SCREENING_L1A_FIELD_SEPARATRIX_CUSP_TOPOLOGY,True,5,3,3,4,False,True,0.004321644002505496;0.008893770576950063;0.013465911395210929,0.24301178757418984;0.5001085431669866;0.7572060997085099,0.004321644002505496;0.004572126574444567;0.004572140818260866;0.0007861543201286222,1.0,1.4467977856149457,0.6832803022568578,0.7609103350642977,0.07136662192895178,0.9372010404639705,2.336533773908498e-05,1.8135180127706874e-05,0.0017629053801906202,0.01778368055988283,0.004445920139970708,4
sweep_v2,l1a-gs-v2-036-b84b580964,SCREENING_L1A_FIELD_SEPARATRIX_CUSP_TOPOLOGY,True,4,2,2,3,False,False,0.005131266604294271;0.010907490767923859,0.3199490745555349;0.6801130882577198,0.005131266604294271;0.005776224163629588;0.0017501302439313013,1.0,1.6138147059133354,0.5647503372762336,0.7246003095817771,1.7957798159516234,1.7969646584127623,3.863909218068456e-06,1.7393681789852969e-06,0.0018771910944763346,0.016037760419912124,0.005345920139970707,3
sweep_v2,l1a-gs-v2-037-4de0233d45,SCREENING_L1A_FIELD_SEPARATRIX_CUSP_TOPOLOGY,True,5,3,3,4,False,True,0.005330311383995778;0.010958356786140256;0.016588339294104835,0.24320427089046268;0.49999314868035594;0.7568704101264142,0.005330311383995778;0.005628045402144478;0.005629982507964579;0.0004426002013112988,1.0,1.6556495254710002,0.562682168985424,0.6395153797805662,0.011229033716786907,0.40590031351015715,1.2006384565931352e-05,9.18418990396427e-06,0.001991476808762049,0.021917013893216163,0.005479253473304041,4
sweep_v2,l1a-gs-v2-038-474b968ed6,SCREENING_L1A_FIELD_SEPARATRIX_CUSP_TOPOLOGY,True,4,2,2,3,False,False,0.006144665832363728;0.012997277590271462,0.3210754914650532;0.679143081796984,0.006144665832363728;0.006852611757907734;0.0016410204957715696,1.0,1.8022542938601092,0.48207098921122066,0.6090270695905406,0.7952892568405511,0.8677638224669205,1.7649707809410265e-05,1.4008642497679007e-05,0.002122089053660008,0.019137760419912123,0.006379253473304041,3
sweep_v2,l1a-gs-v2-039-df1626ab7e,SCREENING_L1A_FIELD_SEPARATRIX_CUSP_TOPOLOGY,True,5,2,2,3,False,False,0.0044502860927854515;0.009158962973518156,0.24295914818482758;0.5000248963566186,0.0044502860927854515;0.004708676880732705;0.004628563858953771,1.0,1.2057652070936418,0.49968930203833417,0.5533621318384779,0.021116949396016178,0.6983141848389298,8.514650626165188e-06,6.060199359328531e-06,0.0014363747679457222,0.018317013893216164,0.004579253473304041,4
sweep_v2,l1a-gs-v2-040-827cdb9c2a,SCREENING_L1A_FIELD_SEPARATRIX_CUSP_TOPOLOGY,True,4,2,2,3,False,False,0.005554509653191192;0.011782544715303881,0.32037065449421787;0.6795886221712828,0.005554509653191192;0.006228035062112689;0.0010568130416561648,1.0,1.458564453719265,0.4010192175438452,0.5111186554456171,1.2890794830590304,1.307699532123399,1.1908660115120262e-05,1.2242485471578718e-05,0.0015506604822314366,0.017337760419912123,0.005779253473304041,3
sweep_v2,l1a-gs-v2-041-b62c5d7163,SCREENING_L1A_FIELD_SEPARATRIX_CUSP_TOPOLOGY,True,6,3,3,4,False,True,0.003815045062946878;0.008106661351849712;0.011784829604779501,0.1917467730337461;0.4074463416937658;0.5923135926797023,0.003815045062946878;0.004291616288902834;0.003678168252929789;0.002706997227918475,1.0,1.0100803786772496,0.6957989591128497,0.9422566526221725,1.0857771051915055,2.2011675637271706,1.8326265772104777e-05,1.6068990872652317e-05,0.0016649461965171507,0.019896267366520202,0.00397925347330404,5
sweep_v2,l1a-gs-v2-042-ae9a80d120,SCREENING_L1A_FIELD_SEPARATRIX_CUSP_TOPOLOGY,True,6,4,4,5,True,False,0.004709385239997998;0.009848597372519668;0.014553259761199987;0.01968503809642704,0.19303712200091894;0.4036927954821163;0.5965363283881657;0.806887291432191,0.004709385239997998;0.0051392121325216705;0.004704662388680319;0.005131778335227051;0.004711229270093167,1.0,1.539732520889755,0.5624856067292471,0.659792488079151,0.5789028041368309,0.779340064581837,1.6760815550826303e-05,1.2860651865290867e-05,0.001779231910802865,0.024396267366520206,0.004879253473304041,5
sweep_v2,l1a-gs-v2-043-b585cd28ea,SCREENING_L1A_FIELD_SEPARATRIX_CUSP_TOPOLOGY,True,4,2,2,3,False,False,0.005823021651680147;0.01241779225111098,0.31928381103869136;0.6808836153781875,0.005823021651680147;0.006594770599430833;0.0055285524283876265,1.0,1.4070714194622889,0.4563626447597667,0.5785468005190724,1.258853641059371,1.2638888976534424,8.237656075781724e-06,6.233539897943646e-06,0.0018935176250885794,0.018237760419912125,0.0060792534733040415,3
sweep_v2,l1a-gs-v2-044-2f03fc2fb5,SCREENING_L1A_FIELD_SEPARATRIX_CUSP_TOPOLOGY,True,4,2,2,3,False,False,0.004041567791109899;0.008799806010355127,0.3148187580164831;0.6854627070860514,0.004041567791109899;0.004758238219245228;0.0036765378813674345,1.0,1.188428861785389,0.7720479123742777,0.9202059880075056,2.070579904669994,2.0733461636150006,2.0435245116098497e-05,1.670151017605856e-05,0.0020078033393742937,0.012837760419912123,0.004279253473304041,3
sweep_v2,l1a-gs-v2-045-d52f4d6a1a,SCREENING_L1A_FIELD_SEPARATRIX_CUSP_TOPOLOGY,True,5,3,3,4,False,True,0.005045008620070797;0.010356714976098129;0.015680551126735526,0.24352006742259305;0.4999135024710033;0.7568924366976536,0.005045008620070797;0.005311706356027332;0.005323836150637397;0.004201017522115508,1.0,1.1661821796677958,0.7366725275047828,0.7577790923956251,0.036337368015934596,0.7511297113809003,5.604912048756596e-06,3.791378565235967e-06,0.0021384155842722533,0.020717013893216164,0.005179253473304041,4
sweep_v2,l1a-gs-v2-046-1d0bed7f4c,SCREENING_L1A_FIELD_SEPARATRIX_CUSP_TOPOLOGY,True,6,4,4,5,True,False,0.005391359223069401;0.011244855880974661;0.016655449335339478;0.022497981098537807,0.19326453794817933;0.4030953580001248;0.5970493871638386;0.8064871476511166,0.005391359223069401;0.00585349665790526;0.005410593454364817;0.005842531763198329;0.003933719923028149,1.0,1.326268165789974,0.3674267086720717,0.43480912526659454,0.3575697384175956,0.5801744001393717,9.737354344754173e-06,7.173376765822609e-06,0.0014527012985579672,0.027896267366520205,0.005579253473304041,5
sweep_v2,l1a-gs-v2-047-e3196a8aa5,SCREENING_L1A_FIELD_SEPARATRIX_CUSP_TOPOLOGY,True,5,3,3,4,False,True,0.00630986433375531;0.012955808592017556;0.01961166229562651,0.24346417221340963;0.4998958848190751;0.7567099503218582,0.00630986433375531;0.006645944258262246;0.006655853703608956;0.00462918545977474,1.0,1.4102633884144793,0.34862795457650386,0.3993563738991713,0.018429753469299866,0.3085816166365225,1.031189905616528e-05,9.800313208758321e-06,0.0015669870128436816,0.025917013893216163,0.006479253473304041,4
sweep_v2,l1a-gs-v2-048-9e4abaf530,SCREENING_L1A_FIELD_SEPARATRIX_CUSP_TOPOLOGY,True,4,2,2,3,False,False,0.004441045027781167;0.009596157857272903,0.31636421301803125;0.6835960701865985,0.004441045027781167;0.005155112829491736;0.0033628249975889493,1.0,1.2364197822932976,0.5404171378551796,0.6805605423012294,1.4524099674979598,1.5643291628534086,1.0596829019621917e-05,9.106341490729836e-06,0.0016812727271293957,0.014037760419912124,0.004679253473304041,3
sweep_v2,l1a-gs-v2-049-cf0a7d1028,SCREENING_L1A_FIELD_SEPARATRIX_CUSP_TOPOLOGY,True,6,4,4,5,True,False,0.005686043761645745;0.011856913196110219;0.01754333588351362;0.02371539291950865,0.19342740664148586;0.40334757635298324;0.5967878732622345;0.8067484427127787,0.005686043761645745;0.006170869434464474;0.0056864226874034016;0.0061720570359950315;0.003063954632068374,1.0,1.3088765860141556,0.4752589846767525,0.5578263608177685,0.5980674743971398,1.018199579734227,1.2223934575353312e-05,9.985316169650038e-06,0.0017955584414151102,0.029396267366520207,0.005879253473304041,5
sweep_v2,l1a-gs-v2-050-012aa2a74e,SCREENING_L1A_FIELD_SEPARATRIX_CUSP_TOPOLOGY,True,6,4,4,5,True,False,0.003924983329237255;0.008353685713936618;0.012043388783691125;0.016475684658740074,0.1924363540987889;0.4095693375567784;0.590470234934258;0.8077794021167011,0.003924983329237255;0.004428702384699363;0.0036897030697545068;0.004432295875048949;0.0018565601306015159,1.0,1.0149906810434184,0.7807481262699135,1.1545620760443707,0.6904480590006333,2.984003878984399,2.36418561554326e-05,2.1043283437997135e-05,0.0019098441557008244,0.020396267366520206,0.0040792534733040415,5
sweep_v2,l1a-gs-v2-051-d243e11351,SCREENING_L1A_FIELD_SEPARATRIX_CUSP_TOPOLOGY,True,5,3,3,4,False,True,0.004852860875187641;0.009949936651560813;0.01505190645270737,0.24365403876333844;0.4995696998007223;0.7557310816474415,0.004852860875187641;0.005097075776373173;0.005101969801146557;0.00260711544734917,1.0,1.0904602635210465,0.6935899283407607,0.7151739711305454,0.04223445699027785,0.29905240601209954,1.4094466981299635e-05,1.245905793944603e-05,0.002024129869986539,0.01991701389321616,0.00497925347330404,4
sweep_v2,l1a-gs-v2-052-e117399e75,SCREENING_L1A_FIELD_SEPARATRIX_CUSP_TOPOLOGY,True,4,2,2,3,False,False,0.005922712182198846;0.012611451828809534,0.31949448304645434;0.6803115124555762,0.005922712182198846;0.006688739646610688;0.00359900548970854,1.0,1.5966289966288498,0.5196264764511545,0.6578168651654611,1.2320248837148262,1.2883593807742078,4.899430852439712e-06,3.610507184118733e-06,0.002154742114884498,0.018537760419912123,0.006179253473304041,3
sweep_v2,l1a-gs-v2-053-e22999f79a,SCREENING_L1A_FIELD_SEPARATRIX_CUSP_TOPOLOGY,True,5,3,3,4,False,True,0.004254650318974201;0.008757236577590368;0.0132626023264372,0.24288673542822867;0.4999274779922275;0.757126894303225,0.004254650318974201;0.004502586258616167;0.0045053657488468325;0.0018420063812188397,1.0,1.0399151773104307,0.5569217971369519,0.5867673699259397,0.04953309508900073,0.6546589410602175,3.332735706386013e-05,2.944963660815505e-05,0.0014690278291702122,0.017517013893216166,0.004379253473304041,4
sweep_v2,l1a-gs-v2-054-58f94d4676,SCREENING_L1A_FIELD_SEPARATRIX_CUSP_TOPOLOGY,True,4,2,2,3,False,False,0.005055225383710892;0.010778873130451182,0.3191881459044663;0.6805806404862255,0.005055225383710892;0.00572364774674029;0.002684937734336994,1.0,1.4308004474271192,0.44519301540109785,0.5720079200811755,1.4014235649077884,1.4607975917738327,6.256374103733725e-06,3.9172395675732274e-06,0.0015833135434559263,0.015837760419912122,0.00527925347330404,3
sweep_v2,l1a-gs-v2-055-a7ac306811,SCREENING_L1A_FIELD_SEPARATRIX_CUSP_TOPOLOGY,True,5,3,3,4,False,True,0.005543625134833399;0.011353784239845685;0.017177332190778976,0.2440296581624602;0.49979210706193183;0.7561439312192583,0.005543625134833399;0.005810159105012287;0.0058235479509332905;0.0018580338842968426,1.0,1.636408913906674,0.49242244868630114,0.5751593962484071,0.14093847478176913,1.0181141588129683,7.048500991352195e-06,4.154624637319436e-06,0.0016975992577416407,0.022717013893216162,0.0056792534733040405,4
sweep_v2,l1a-gs-v2-056-87997ee6f2,SCREENING_L1A_FIELD_SEPARATRIX_CUSP_TOPOLOGY,True,4,2,2,3,False,False,0.0036724953345228183;0.007967596402200327,0.3155671883603314;0.6846331351320679,0.0036724953345228183;0.0042951010676775085;0.0016362457540099375,1.0,1.425041052632399,0.7502922901184043,0.9348289161256385,1.6386310158779205,1.6905351520109617,1.110601544252604e-05,7.519236403619872e-06,0.001811884972027355,0.011637760419912123,0.003879253473304041,3
sweep_v2,l1a-gs-v2-057-68965a0576,SCREENING_L1A_FIELD_SEPARATRIX_CUSP_TOPOLOGY,True,6,4,4,5,True,False,0.004604996000367942;0.00965635209525846;0.014239780856179314;0.01928731469209735,0.1927077534636124;0.40409457875364524;0.5958997963058414;0.8071266694613481,0.004604996000367942;0.005051356094890519;0.004583428760920853;0.005047533835918038;0.00014171789563308806,1.0,1.4729127390807548,0.6521728576980633,0.7909203236409678,0.8379482817804892,1.0929256873829285,2.5357477496802672e-05,2.0784619134951027e-05,0.0019261706863130691,0.023896267366520202,0.004779253473304041,5
sweep_v2,l1a-gs-v2-058-132b3d1a44,SCREENING_L1A_FIELD_SEPARATRIX_CUSP_TOPOLOGY,True,6,3,3,4,False,True,0.005792178023257242;0.012043012355587626;0.01785667126027707,0.19374251481787663;0.40282662072637804;0.5972876493697049,0.005792178023257242;0.006250834332330384;0.0058136589046894425;0.006086750056655099,1.0,1.6052701835997258,0.5319655322203465,0.6296624069153116,0.41840225777213724,0.8806239731615225,1.1468660313746328e-05,8.773051473939808e-06,0.0020404564005987837,0.0298962673665202,0.00597925347330404,5
sweep_v2,l1a-gs-v2-059-06306f4e8d,SCREENING_L1A_FIELD_SEPARATRIX_CUSP_TOPOLOGY,True,5,3,3,4,False,True,0.004084690307666682;0.008357828442174422;0.01263464940774102,0.24434329801713375;0.4999594123425395;0.7557958310286632,0.004084690307666682;0.004273138134507739;0.004276820965566598;0.000550216400099543,1.0,1.1359627238900296,0.889906318320858,0.9747908954604113,0.10151242774714449,0.1917422931009284,1.2501700232717128e-05,9.933694964275527e-06,0.0020591152927270633,0.016717013893216164,0.004179253473304041,4
sweep_v2,l1a-gs-v2-060-c3bf7e5c98,SCREENING_L1A_FIELD_SEPARATRIX_CUSP_TOPOLOGY,True,4,2,2,3,False,False,0.004822316444499585;0.010418994468650447,0.3164714703217125;0.6837615359167417,0.004822316444499585;0.005596678024150863;0.0014136670662666714,1.0,1.3271543290731997,0.6897317548808309,0.8629860345553926,2.0400855707946635,2.0438871228044486,7.838284885307648e-06,5.5333867850192175e-06,0.0021734010070127777,0.015237760419912122,0.005079253473304041,3
sweep_v2,l1a-gs-v2-061-d8ebe65ef1,SCREENING_L1A_FIELD_SEPARATRIX_CUSP_TOPOLOGY,True,5,3,3,4,False,True,0.006133466569204247;0.012558233642001466;0.018985186178757496,0.24419569122668802;0.4999891187460509;0.755869557562541,0.006133466569204247;0.006424767072797219;0.00642695253675603;0.0002132938076817789,1.0,1.5665398879297066,0.38104782485165184,0.4480260878503911,0.007632381409086735,0.803725768374168,6.357167528117809e-06,3.6100943624555945e-06,0.0014876867212984919,0.02511701389321616,0.00627925347330404,4
sweep_v2,l1a-gs-v2-062-70a6b2f959,SCREENING_L1A_FIELD_SEPARATRIX_CUSP_TOPOLOGY,True,6,3,3,4,False,True,0.004319567617598122;0.009064393349824243;0.013335530733297383,0.19286997904192585;0.40472785940100203;0.5954354140829928,0.004319567617598122;0.004744825732226121;0.00427113738347314;0.0035106649752289533,1.0,1.2943459435678357,0.5563556806543831,0.672525275128679,0.8003699857771636,0.9357727367921808,7.487395994397461e-06,6.409561675456334e-06,0.0016019724355842062,0.022396267366520214,0.0044792534733040425,5
sweep_v2,l1a-gs-v2-063-eaf6bef4a4,SCREENING_L1A_FIELD_SEPARATRIX_CUSP_TOPOLOGY,True,5,2,2,3,False,False,0.005230507935718031;0.010754539374629134,0.24308707340506458;0.4998156076861484,0.005230507935718031;0.005524031438911102;0.005168346474385785,1.0,1.3642094390118156,0.49915567728948096,0.5574909191016661,0.03786005221967748,0.5626879213460524,1.107062478037193e-05,9.750894839979235e-06,0.0017162581498699203,0.021517013893216162,0.0053792534733040406,4
sweep_v2,l1a-gs-v2-064-9f6ecd1a94,SCREENING_L1A_FIELD_SEPARATRIX_CUSP_TOPOLOGY,True,4,2,2,3,False,False,0.005265841110162073;0.011271317218851558,0.31841319359190806;0.6815503993684927,0.005265841110162073;0.0060054761086894845;0.0007655234052158164,1.0,1.3764268021728303,0.4976208279836005,0.6293667457829396,1.4655407983549649,1.4851206384876403,7.168236978508102e-06,7.6308664089704e-06,0.0018305438641556347,0.01653776041991212,0.005512586806637374,3
sweep_v2,l1a-gs-v2-065-9e98f08f3b,SCREENING_L1A_FIELD_SEPARATRIX_CUSP_TOPOLOGY,True,6,4,4,5,True,False,0.006243778186810776;0.012884240586995253;0.019168999100517534;0.025823668708119227,0.1947350850782442;0.401842219856092;0.5978554264770836;0.8054056650395853,0.006243778186810776;0.0066404624001844765;0.006284758513522282;0.006654669607601693;0.006239265325067644,1.0,1.8720659231094163,0.4712313472767388,0.564968820052724,0.040709250247674994,0.48289115468139904,1.1579972244251421e-05,1.1957167686583742e-05,0.001944829578441349,0.03206293403318687,0.006412586806637374,5
sweep_v2,l1a-gs-v2-066-d58df2fb43,SCREENING_L1A_FIELD_SEPARATRIX_CUSP_TOPOLOGY,True,6,4,4,5,True,False,0.004442212506234198;0.009355357379897827;0.013713396916917406;0.0186175586820347,0.19261263548870175;0.4056447183361729;0.5946076460689795;0.8072502247651832,0.004442212506234198;0.004913144873663629;0.004358039537019579;0.004904161765117293;0.004064652375009765,1.0,1.3305078948382445,0.7549455843583622,0.9402843181296193,0.8353799711650456,1.387786137215814,9.934422104934844e-06,7.612454226344628e-06,0.0020754418233393085,0.023062934033186877,0.004612586806637375,5
sweep_v2,l1a-gs-v2-067-dd5a30270f,SCREENING_L1A_FIELD_SEPARATRIX_CUSP_TOPOLOGY,True,5,3,3,4,False,True,0.005660143288252896;0.01162405645656652;0.017592615472559026,0.2434433874514182;0.4999519509666955;0.7566603329033329,0.005660143288252896;0.005963913168313624;0.005968559015992506;0.004990867254988648,1.0,1.4359093375252248,0.6144323781244229,0.6712923347868329,0.009291876054531556,0.5644649012267152,2.1849898527641397e-05,1.866207509818984e-05,0.0021897275376250224,0.0232503472265495,0.005812586806637375,4
sweep_v2,l1a-gs-v2-068-375d1b1b13,SCREENING_L1A_FIELD_SEPARATRIX_CUSP_TOPOLOGY,True,4,2,2,3,False,False,0.003787710541860107;0.008249506554595389,0.3146524278382139;0.6853024372332217,0.003787710541860107;0.004461796012735282;0.0032964411872212704,1.000125775148297,1.0671590520966083,0.5753440428656007,0.6944374383390742,1.5366907233058527,1.5767035338759916,2.2517039050401694e-05,2.0083304908539122e-05,0.0015040132519107369,0.012037760419912124,0.004012586806637374,3
sweep_v2,l1a-gs-v2-069-9ae4602904,SCREENING_L1A_FIELD_SEPARATRIX_CUSP_TOPOLOGY,True,6,4,4,5,True,False,0.0047436825782053065;0.009909009278344188;0.01465264017955018;0.019819082665039515,0.1931236134818477;0.4034130965362755;0.5965346061571087;0.806869514784432,0.0047436825782053065;0.005165326700138881;0.004743630901205992;0.005166442485489335;0.00344128531899145,1.0,1.384022096814225,0.5178562651684724,0.6137173502993908,0.7240883200061471,1.1215814589842732,7.889124537833027e-06,5.539212531102677e-06,0.0016182989661964512,0.024562934033186885,0.004912586806637377,5
sweep_v2,l1a-gs-v2-070-5b284f066b,SCREENING_L1A_FIELD_SEPARATRIX_CUSP_TOPOLOGY,True,4,2,2,3,False,False,0.00588274392214007;0.01245706177332673,0.3207994753684464;0.6793120581835164,0.00588274392214007;0.006574317851186659;0.004685009645917225,1.0000000000000004,1.555894215728666,0.43125681175872976,0.5490001789259863,1.296094228033097,1.313764672891845,5.141573559267962e-06,3.403844117808117e-06,0.0017325846804821655,0.018337760419912124,0.006112586806637375,3
sweep_v2,l1a-gs-v2-071-f0c9ebbd40,SCREENING_L1A_FIELD_SEPARATRIX_CUSP_TOPOLOGY,True,5,3,3,4,False,True,0.004201414312059092;0.00862412758333626;0.013047857288097185,0.2435553474305039;0.49993936180386683;0.7563822986713923,0.004201414312059092;0.004422713271277168;0.0044237297047609245;0.002867700025189584,1.0,1.1754450929677638,0.7552056459128902,0.770069613631533,0.051624682357476734,0.45237001851316944,2.1974562210459736e-05,1.9036887743927033e-05,0.0018468703947678799,0.017250347226549497,0.004312586806637374,4
sweep_v2,l1a-gs-v2-072-79cfa36e3a,SCREENING_L1A_FIELD_SEPARATRIX_CUSP_TOPOLOGY,True,4,2,2,3,False,False,0.004966047694551095;0.01067501455163649,0.3175677054258772;0.6826434390210768,0.004966047694551095;0.005708966857085395;0.0035623612645391944,1.0,1.3744457790037168,0.5707085215928791,0.720186477977867,1.6031032444687867,1.6056230092432802,7.310217849151868e-06,4.514074599788753e-06,0.001961156109053594,0.015637760419912123,0.005212586806637374,3
sweep_v2,l1a-gs-v2-073-274491a725,SCREENING_L1A_FIELD_SEPARATRIX_CUSP_TOPOLOGY,True,6,4,4,5,True,False,0.00541344260252799;0.011335189727526028;0.016725271238330956;0.022653030727296606,0.19290365704904994;0.4039203354189972;0.5959915388231276;0.8072224629294794,0.00541344260252799;0.005921747124998038;0.0053900815108049276;0.00592775948896565;0.002555190285842404,1.0,1.3074586625729554,0.6045834628994835,0.7275633357985026,0.9457152849184476,1.1535215725049204,9.39637158898208e-06,7.790320669299848e-06,0.0020917683539515533,0.02806293403318686,0.0056125868066373725,5
sweep_v2,l1a-gs-v2-074-e2365d7a87,SCREENING_L1A_FIELD_SEPARATRIX_CUSP_TOPOLOGY,True,6,4,4,5,True,False,0.003658450618490123;0.007743501767655425;0.011317635967631585;0.015405320351828537,0.19191435128092485;0.40620723725816166;0.5936985328663776;0.808129552618146,0.003658450618490123;0.004085051149165303;0.0035741341999761603;0.0040876843841969514;0.0014863587056282938,1.0,1.037677326077185,0.5969484101744844,0.7644961041766197,1.0864001736235305,1.553942247172152,1.7371048635090496e-05,1.3881868411166204e-05,0.0014060540682372675,0.019062934033186874,0.0038125868066373747,5
sweep_v2,l1a-gs-v2-075-a6696084a4,SCREENING_L1A_FIELD_SEPARATRIX_CUSP_TOPOLOGY,True,4,2,2,3,False,False,0.0044779953310695505;0.009657656497982907,0.31674007749930344;0.6831107764692859,0.0044779953310695505;0.005179661166913357;0.0026977109416148424,1.0,1.1552379308682699,0.4836249032332369,0.6209029354990961,1.842900403720722,1.8556895513139942,9.899670479065125e-06,8.795070591280027e-06,0.0015203397825229819,0.014137760419912123,0.0047125868066373745,3
sweep_v2,l1a-gs-v2-076-900f037a8c,SCREENING_L1A_FIELD_SEPARATRIX_CUSP_TOPOLOGY,True,4,2,2,3,False,False,0.005693769547685488;0.012053854040724307,0.320997093933784;0.6795589609606433,0.005693769547685488;0.006360084493038819;0.0032317118537857834,1.0,1.7844211902116414,0.367986206803186,0.4611732741378617,0.2104145703455222,0.3251366765668056,1.5033214924652094e-05,1.3287359809807664e-05,0.001634625496808696,0.017737760419912124,0.005912586806637374,3
sweep_v2,l1a-gs-v2-077-44d74d05d4,SCREENING_L1A_FIELD_SEPARATRIX_CUSP_TOPOLOGY,True,5,3,3,4,False,True,0.004014092868246914;0.008225869392836182;0.012437301881845145,0.24401265292251706;0.500042295737096;0.7560510249760789,0.004014092868246914;0.004211776524589268;0.004211432489008963;0.0015385669057095142,1.0,1.133638644281441,0.7435289506899159,0.7592658474999961,0.05632499884311418,0.36776439235551994,4.670007313214292e-06,5.281104822646432e-06,0.0017489112110944103,0.0164503472265495,0.004112586806637375,4
sweep_v2,l1a-gs-v2-078-28bf64f2bb,SCREENING_L1A_FIELD_SEPARATRIX_CUSP_TOPOLOGY,True,6,4,4,5,True,False,0.004834977198435683;0.010137439440804067;0.014925570007856628;0.020229772193176773,0.1929134550660944;0.40447935694123693;0.5955236521028648;0.8071589769334147,0.004834977198435683;0.005302462242368384;0.004788130567052561;0.0053042021853201456;0.0007580551041537938,1.0,1.2704509107784365,0.5969874379506892,0.7318203162012639,1.0001400423590003,1.1488673295917178,1.5003051543494711e-05,1.6740860236393734e-05,0.0018631969253801246,0.02506293403318687,0.0050125868066373735,5
sweep_v2,l1a-gs-v2-079-62792322e0,SCREENING_L1A_FIELD_SEPARATRIX_CUSP_TOPOLOGY,True,5,3,3,4,False,True,0.0060469148072008145;0.012423588854146368;0.018805912858618663,0.24333321188930673;0.49993622788792713;0.7567666031856042,0.0060469148072008145;0.006376674046945553;0.006382324004472296;0.0016882139061041475,1.0,1.364921153968125,0.5146779995208987,0.582158349498209,0.025293164206658097,0.8534773414088516,8.068742024445325e-06,5.817195374731993e-06,0.001977482639665839,0.024850347226549496,0.006212586806637374,4
sweep_v2,l1a-gs-v2-080-b666fbf97d,SCREENING_L1A_FIELD_SEPARATRIX_CUSP_TOPOLOGY,True,4,2,2,3,False,False,0.004154725871653122;0.009088559887560988,0.3138541369432566;0.6865632553592718,0.004154725871653122;0.004933834015907866;0.0016674899747646243,1.0,1.0916399840344968,0.7999207310125442,0.9157545566936759,1.9334417648144544,2.0079552186674263,1.2162670582273327e-05,9.655604501154769e-06,0.002108094884563798,0.013237760419912124,0.0044125868066373745,3
sweep_v2,l1a-gs-v2-081-601159d2a0,SCREENING_L1A_FIELD_SEPARATRIX_CUSP_TOPOLOGY,True,6,3,3,4,False,True,0.005128433684792834;0.01072236865419146;0.0158437089386356,0.19306728987037106;0.4036590476336416;0.5964592962073009,0.005128433684792834;0.005593934969398625;0.005121340284444142;0.005416041596590173,1.0,1.1936636935237215,0.3918535117455264,0.4582075647660424,0.42068954712967266,0.652258135587679,5.341448700590858e-06,4.164842604142786e-06,0.0014223805988495123,0.026562934033186873,0.005312586806637374,5
sweep_v2,l1a-gs-v2-082-ec510a5bdb,SCREENING_L1A_FIELD_SEPARATRIX_CUSP_TOPOLOGY,True,6,3,3,4,False,True,0.005519774925941423;0.011523830669433048;0.017036169593265753,0.1932495772152845;0.4034540238773675;0.5964432636182148,0.005519774925941423;0.0060040557434916245;0.005512338923832705;0.005476566269034332,1.0,1.18602510139045,0.40082835833719743,0.46919319281015726,0.45419858138760794,0.7662701780233016,8.03106067480061e-06,7.387179713179426e-06,0.0015366663131352266,0.028562934033186868,0.005712586806637374,5
sweep_v2,l1a-gs-v2-083-4c9976a050,SCREENING_L1A_FIELD_SEPARATRIX_CUSP_TOPOLOGY,True,5,3,3,4,False,True,0.0038675208723950544;0.007823655883968366;0.011783671913833529,0.24712045147689315;0.4999030226432416;0.7529335766968493,0.0038675208723950544;0.003956135011573311;0.003960016029865163;0.0003610941755439641,1.0,1.0101881494409073,0.6460046403795394,0.8074424263944995,0.04319838556768388,0.8164778301241119,8.822990387195775e-06,8.314674810712235e-06,0.001650952027420941,0.015650347226549496,0.003912586806637374,4
sweep_v2,l1a-gs-v2-084-7fbadd6e3c,SCREENING_L1A_FIELD_SEPARATRIX_CUSP_TOPOLOGY,True,4,2,2,3,False,False,0.004565712002266702;0.009875153954226093,0.3162340882156356;0.6839810100053039,0.004565712002266702;0.005309441951959391;0.0011528732455299215,1.0,1.187646482353021,0.5623616133772389,0.7027576552082345,1.7370740810627618,1.8032014300467312,2.070361929851867e-05,1.813894765089353e-05,0.001765237741706655,0.014437760419912122,0.004812586806637374,3
sweep_v2,l1a-gs-v2-085-3164dd7be8,SCREENING_L1A_FIELD_SEPARATRIX_CUSP_TOPOLOGY,True,5,2,2,3,False,False,0.00585153896512464;0.012021879358519,0.24330372073235804;0.49986302672785904,0.00585153896512464;0.00617034039339436;0.006055764929621036,1.0,1.264507981043543,0.5113394085988101,0.5665068096183414,0.031370374147874816,0.7708475409623764,7.121684075994976e-06,8.593059545899777e-06,0.0018795234559923694,0.024050347226549494,0.0060125868066373735,4
sweep_v2,l1a-gs-v2-086-fbb26d4705,SCREENING_L1A_FIELD_SEPARATRIX_CUSP_TOPOLOGY,True,4,2,2,3,False,False,0.003971445662289951;0.008665104961316276,0.3142523303442689;0.6856519409612712,0.003971445662289951;0.004693659299026326;0.0006803221740070385,1.0,1.2052160235930933,0.7768095536156824,0.9582653329772814,2.3544534083672355,2.3728434792478383,1.3251159037882404e-05,8.967495523395236e-06,0.0019938091702780838,0.012637760419912122,0.004212586806637374,3
sweep_v2,l1a-gs-v2-087-8428d611f2,SCREENING_L1A_FIELD_SEPARATRIX_CUSP_TOPOLOGY,True,5,2,2,3,False,False,0.004980199048357729;0.010229001902933497,0.2435263809062482;0.5001871992497897,0.004980199048357729;0.005248802854575768;0.004644750831273045,1.0,1.7984594641756537,0.6576422456271226,0.7455644671403862,0.15948077456202964,0.37990580878877334,9.50830705644405e-06,5.7258684602046195e-06,0.0021244214151760433,0.020450347226549495,0.005112586806637374,4
sweep_v2,l1a-gs-v2-088-54d047707b,SCREENING_L1A_FIELD_SEPARATRIX_CUSP_TOPOLOGY,True,4,2,4,5,True,False,0.000155888373903292;0.006121485375894335;0.01281761294029134;0.01878042266986876,0.00823161611757339;0.32324230744084687;0.6768283395756899;0.9916918502212158,0.000155888373903292;0.005965597001991043;0.006696127564397005;0.005962809729577419;0.0001573377500433612,1.0,1.0686932544133614,0.19662215205470748,3.5229853636017143,1.3163809826976167,18.26204501466389,1.3758337330983079e-05,9.791803701470327e-06,0.001438707129461757,0.01893776041991212,0.0063125868066373735,3
sweep_v2,l1a-gs-v2-089-8275bc9272,SCREENING_L1A_FIELD_SEPARATRIX_CUSP_TOPOLOGY,True,6,4,4,5,True,False,0.00435600681759544;0.009099155776778264;0.013459017972332584;0.018202324005128983,0.19306030018916748;0.4032789247796718;0.5965100971591851;0.806735683327175,0.00435600681759544;0.004743148959182824;0.00435986219555432;0.0047433060327963985;0.0039761984794612175,1.0,1.473962951091285,0.5413198143256788,0.6443103544692713,0.5755806625705934,1.0900226636994108,9.140548597760248e-06,7.236159290187252e-06,0.0015529928437474716,0.02256293403318687,0.004512586806637374,5
sweep_v2,l1a-gs-v2-090-7ab4ba4fd8,SCREENING_L1A_FIELD_SEPARATRIX_CUSP_TOPOLOGY,True,6,4,4,5,True,False,0.005245634876219335;0.01089408462553491;0.01616704526437747;0.02181599454360122,0.19383097449030073;0.4025463245107001;0.5973870107561903;0.8061208188605343,0.005245634876219335;0.0056484497493155756;0.005272960638842559;0.005648949279223752;0.004456398270889457,1.0,1.5581034909420046,0.48899457535782104,0.5881899877676396,0.46947538523187266,1.1239964535356275,5.6544320723829825e-06,3.651633806940873e-06,0.001667278558033186,0.027062934033186867,0.005412586806637374,5
sweep_v2,l1a-gs-v2-091-1aab0b78cb,SCREENING_L1A_FIELD_SEPARATRIX_CUSP_TOPOLOGY,True,5,3,3,4,False,True,0.0053182663012822946;0.010918411011669939;0.01651763016443601,0.2436428369467366;0.5001992158971712;0.756713192780484,0.0053182663012822946;0.005600144710387644;0.00559921915276607;0.0044071350641164235,1.0,1.6504036891661626,0.4775884246157077,0.5440902030825263,0.0458608879176596,0.3436606608299762,1.189233183116617e-05,1.3306767472784364e-05,0.0017815642723189,0.021828125004327275,0.005457031251081819,4
sweep_v2,l1a-gs-v2-092-d532fb20ca,SCREENING_L1A_FIELD_SEPARATRIX_CUSP_TOPOLOGY,True,4,2,2,3,False,False,0.0061274217651819795;0.012952874406830689,0.3212936732660776;0.6791888590357547,0.0061274217651819795;0.006825452641648709;0.005096789828465955,1.0,1.8242814730190862,0.41049523807068494,0.5151582944412969,0.3474762089078771,0.4706203172201786,1.713980589129055e-05,1.4460664565875414e-05,0.0018958499866046144,0.019071093753245456,0.0063570312510818185,3
sweep_v2,l1a-gs-v2-093-27025a655c,SCREENING_L1A_FIELD_SEPARATRIX_CUSP_TOPOLOGY,True,5,3,3,4,False,True,0.004445608463857861;0.009116648285207656;0.013787994116345272,0.24388731494887678;0.5001418567759112;0.7564131863848896,0.004445608463857861;0.004671039821349795;0.004671345831137616;0.0032419423602060293,1.0,1.2395376530909508,0.7934717816020459,0.8055570501447618,0.04528586860323148,0.5640468001159461,1.3034125953232528e-05,1.3526331426372273e-05,0.0020101357008903285,0.018228125004327272,0.004557031251081818,4
sweep_v2,l1a-gs-v2-094-ba60c4fe8b,SCREENING_L1A_FIELD_SEPARATRIX_CUSP_TOPOLOGY,True,6,4,4,5,True,False,0.0055613405573824454;0.01161362158462135;0.017169568796321512;0.023226781221989103,0.19320168033958127;0.40345869522382755;0.5964730100464587;0.8069013423411415,0.0055613405573824454;0.006052281027238905;0.005555947211700161;0.006057212425667591;0.0033158136521561077,1.0,1.4237554665979217,0.6092202168574876,0.7168317872416989,0.8324664136757095,1.1407121615508422,1.8004075417223098e-06,3.411835706276789e-06,0.002140747945788288,0.028785156255409092,0.005757031251081819,5
sweep_v2,l1a-gs-v2-095-27f6ceb96c,SCREENING_L1A_FIELD_SEPARATRIX_CUSP_TOPOLOGY,True,5,3,3,4,False,True,0.0038603561580303897;0.00791227996120128;0.011968939970663407,0.2438921955048372;0.49988738141998057;0.756181794583452,0.0038603561580303897;0.00405192380317089;0.004056660009462127;0.0024333751639389802,1.0,1.010993876319852,0.6145670391640692,0.6464059638618771,0.05823877303862367,0.264552406000197,6.35204745028789e-06,7.047733524814283e-06,0.001455033660074002,0.015828125004327273,0.003957031251081818,4
four_cell_v2,v2-000,SCREENING_L1A_FIELD_SEPARATRIX_CUSP_TOPOLOGY,True,1,1,1,2,False,False,0.01916727676322965,0.7011312233653324,0.01916727676322965;0.008170368636770349,1.4392855071135542,11.831009685078845,1.731229082322136,11.889501487810605,22.42737892458632,22.42737892458632,1.9702548365377326e-07,2.390111608609191e-06,0.008291999999999999,0.0273376454,0.005482,4
four_cell_v2,v2-001,SCREENING_L1A_FIELD_SEPARATRIX_CUSP_TOPOLOGY,True,1,1,1,2,False,False,0.016736090732827894,0.6953662893464061,0.016736090732827894;0.007331930667172106,1.64114614856743,9.500645388855741,1.6944012552211531,14.808711478988531,24.64447942357665,24.64447942357665,3.0800825483699723e-06,5.066390447262814e-06,0.008692,0.0240680214,0.005082,4
four_cell_v2,v2-002,SCREENING_L1A_FIELD_SEPARATRIX_CUSP_TOPOLOGY,True,1,1,1,2,False,False,0.01569320389097382,0.7358889829492625,0.01569320389097382;0.005632300709026181,3.109418452244174,6.401337811947734,1.4569618950664724,28.058776318110812,31.500015450870098,31.500015450870098,5.424286831021141e-06,1.2295843607793705e-05,0.009092,0.0213255046,0.004282,4
four_cell_v2,v2-003,SCREENING_L1A_FIELD_SEPARATRIX_CUSP_TOPOLOGY,True,1,1,1,2,False,False,0.017299338396873927,0.7084080181682535,0.017299338396873927;0.007120682203126075,2.0017731574255273,6.625999009936894,1.2744108561185619,6.55220207272945,20.19480786654412,20.19480786654412,4.848238395180338e-06,6.383148711937292e-06,0.006692,0.0244200206,0.004882000000000001,4
four_cell_v2,v2-004,SCREENING_L1A_FIELD_SEPARATRIX_CUSP_TOPOLOGY,True,1,1,1,2,False,False,0.019696813889395298,0.6972966099606964,0.019696813889395298;0.008550582710604698,1.5341797917376823,8.416292696581056,1.3422989119398763,5.981641011367934,18.143846346879965,18.143846346879965,2.130046955414744e-07,3.169975304841144e-06,0.007091999999999999,0.028247396599999995,0.0056819999999999996,4
four_cell_v2,v2-005,SCREENING_L1A_FIELD_SEPARATRIX_CUSP_TOPOLOGY,True,1,1,1,2,False,False,0.01802753635409757,0.690408314182802,0.01802753635409757;0.008083876245902424,1.3879880900181953,9.747959926180771,1.784867314053757,7.988007839130166,17.900889343845297,17.900889343845297,1.9668989285070992e-06,5.735258623056766e-06,0.0074919999999999995,0.026111412599999995,0.005281999999999999,4
four_cell_v2,v2-006,SCREENING_L1A_FIELD_SEPARATRIX_CUSP_TOPOLOGY,True,1,1,1,2,False,False,0.015608861562935972,0.7062376756467214,0.015608861562935972;0.006492567037064028,2.051785561164011,6.570248370074928,1.687157717307472,11.67628492054082,21.573806411893575,21.573806411893575,7.108419125361615e-06,9.30432740844575e-06,0.007949,0.0221014286,0.004482,4
four_cell_v2,v2-007,SCREENING_L1A_FIELD_SEPARATRIX_CUSP_TOPOLOGY,True,1,1,1,2,False,False,0.016062481463019477,0.6962629633918525,0.016062481463019477;0.007007080336980522,1.8748471685569257,7.009189362317442,1.7548803806524187,11.37386049052599,21.133909791761194,21.133909791761194,2.437704465712426e-06,2.4098626708740634e-06,0.008348999999999999,0.0230695618,0.004782,4
four_cell_v2,v2-008,SCREENING_L1A_FIELD_SEPARATRIX_CUSP_TOPOLOGY,True,1,1,1,2,False,False,0.020264634287756253,0.7492539099856785,0.020264634287756253;0.006781783512243747,1.9368259488186765,6.5028353863081625,0.8246674083462198,17.223598480999993,40.146747535933365,40.146747535933365,6.22064943279349e-06,2.704553852039826e-06,0.008749,0.0270464178,0.005582,4
four_cell_v2,v2-009,SCREENING_L1A_FIELD_SEPARATRIX_CUSP_TOPOLOGY,True,1,1,1,2,False,False,0.020266112241914196,0.7818114763191633,0.020266112241914196;0.005655881558085805,3.6403290440966036,5.104115314435444,0.7066621081866479,58.94594595226429,44.70190369401863,44.70190369401863,1.9081533916925214e-05,2.4258801089367676e-05,0.009149,0.0259219938,0.005182,4
four_cell_v2,v2-010,SCREENING_L1A_FIELD_SEPARATRIX_CUSP_TOPOLOGY,True,1,1,1,2,False,False,0.016910524847803733,0.76436553531168,0.016910524847803733;0.0052130849521962695,4.195836360928301,5.884788918919064,0.7627725917045265,9.514710673795701,35.44194354471289,35.44194354471289,2.0580525583360765e-05,2.4366228106462162e-05,0.006749,0.022123609800000003,0.0043820000000000005,4
four_cell_v2,v2-011,SCREENING_L1A_FIELD_SEPARATRIX_CUSP_TOPOLOGY,True,1,1,1,2,False,False,0.017750745026763413,0.7359833470736035,0.017750745026763413;0.00636766077323659,2.604169532284946,5.176071574766657,0.8699451570690273,8.588006901377652,32.44559374904188,32.44559374904188,4.609232545076114e-06,5.194528992474856e-06,0.007149,0.024118405800000003,0.004982,4
four_cell_v2,v2-012,SCREENING_L1A_FIELD_SEPARATRIX_CUSP_TOPOLOGY,True,1,1,1,2,False,False,0.01995414267189438,0.7176916743474684,0.01995414267189438;0.007849081728105611,1.7462527630728244,6.638313444874259,0.9605623723585665,7.868238870734685,29.62998196088354,29.62998196088354,3.873836946673148e-06,8.198361075850702e-07,0.007548999999999999,0.027803224399999993,0.005781999999999999,4
four_cell_v2,v2-013,SCREENING_L1A_FIELD_SEPARATRIX_CUSP_TOPOLOGY,True,1,1,1,2,False,False,0.018655308578613618,0.7304383687957138,0.018655308578613618;0.006884571821386375,2.5502662620286403,5.635219023159408,0.9145572094225712,9.848538822944812,32.92255949448093,32.92255949448093,2.1480655755315436e-06,4.656441307399062e-07,0.008006,0.025539880399999992,0.005381999999999998,4
four_cell_v2,v2-014,SCREENING_L1A_FIELD_SEPARATRIX_CUSP_TOPOLOGY,True,1,1,1,2,False,False,0.01779627228875741,0.783457103313968,0.01779627228875741;0.0049187841112425905,3.8972711895445262,8.168568276633193,0.7076270157881744,29.552722701087642,40.38819464789044,40.38819464789044,4.4217460753656623e-07,6.533499495628425e-06,0.008406,0.0227150564,0.004582,4
four_cell_v2,v2-015,SCREENING_L1A_FIELD_SEPARATRIX_CUSP_TOPOLOGY,True,1,1,1,2,False,False,0.018572655482079016,0.7953674403255876,0.018572655482079016;0.004778382717920984,3.7827872480505187,5.082922865588713,0.6925882236287402,72.89349890713093,41.93537958978908,41.93537958978908,5.3859035547554335e-06,9.494420458298902e-06,0.008806,0.0233510382,0.004601,4
four_cell_v2,v2-016,SCREENING_L1A_FIELD_SEPARATRIX_CUSP_TOPOLOGY,True,1,1,1,2,False,False,0.019306003667525884,0.728285324901311,0.019306003667525884;0.007202842532474114,1.8201046104035639,7.071284170281853,1.2786381062954861,14.684117186638048,32.17027568875716,32.17027568875716,1.151274260896562e-06,3.2646364627672564e-06,0.009205999999999999,0.0265088462,0.0054009999999999996,4
four_cell_v2,v2-017,SCREENING_L1A_FIELD_SEPARATRIX_CUSP_TOPOLOGY,True,1,1,1,2,False,False,0.016883554980189928,0.6981526965109502,0.016883554980189928;0.0072996288198100695,1.4013936631349535,7.722246576188246,1.4022261479432454,7.649079460912617,24.03750817867825,24.03750817867825,3.423115683475614e-06,1.3733189920955846e-06,0.0068059999999999996,0.024183183799999997,0.005000999999999999,4
four_cell_v2,v2-018,SCREENING_L1A_FIELD_SEPARATRIX_CUSP_TOPOLOGY,True,1,1,1,2,False,False,0.015785115201559733,0.7385957784578331,0.015785115201559733;0.005586676598440265,2.4487355656713423,5.367633839261841,1.25630668671255,10.816234907488726,29.680979838097446,29.680979838097446,8.87043622183753e-06,9.904169253074913e-06,0.007206,0.021371791799999998,0.004201,4
four_cell_v2,v2-019,SCREENING_L1A_FIELD_SEPARATRIX_CUSP_TOPOLOGY,True,1,1,1,2,False,False,0.016900269876383146,0.7165588603290063,0.016900269876383146;0.006685049923616852,1.847404329272553,6.452451737564062,1.3681717117310033,9.747209645771854,26.588507222602313,26.588507222602313,4.901485395128469e-07,5.652309876050254e-07,0.007606,0.023585319799999997,0.004801,4
four_cell_v2,v2-020,SCREENING_L1A_FIELD_SEPARATRIX_CUSP_TOPOLOGY,True,1,1,1,2,False,False,0.019996631823935736,0.7242268000060373,0.019996631823935736;0.007614375976064264,1.7034030995804148,12.636054170161854,1.0692065265284274,17.755947284500465,32.41489431938786,32.41489431938786,1.0256928704616836e-05,1.8000857697320072e-05,0.008062999999999999,0.0276110078,0.005601,4
four_cell_v2,v2-021,SCREENING_L1A_FIELD_SEPARATRIX_CUSP_TOPOLOGY,True,1,1,1,2,False,False,0.01855650466288513,0.7359225451912061,0.01855650466288513;0.006658791137114869,2.2302673781987954,10.072983678545528,0.9994149680884464,26.1417133225457,36.97640658979445,36.97640658979445,3.8676679306633155e-06,2.4363079837858015e-06,0.008463,0.0252152958,0.005201,4
four_cell_v2,v2-022,SCREENING_L1A_FIELD_SEPARATRIX_CUSP_TOPOLOGY,True,1,0,1,2,False,False,0.01757905867255344,0.7915231326446439,0.01757905867255344;0.004630094727446556,6.045490496334019,322.5861267552465,0.7282128384843279,2.5029117581338025,47.60326741164398,47.60326741164398,1.4549935022437066e-05,4.7327976337635524e-05,0.008863,0.022209153399999997,0.0044009999999999995,4
four_cell_v2,v2-023,SCREENING_L1A_FIELD_SEPARATRIX_CUSP_TOPOLOGY,True,1,1,1,2,False,False,0.01711310157418712,0.7432135113402348,0.01711310157418712;0.005912719825812877,2.1891788300528625,9.35917681699304,1.2112758658085894,131.0771030619865,39.3589691637484,39.3589691637484,7.5782180385328135e-06,1.0197990947848068e-05,0.009263,0.023025821399999997,0.0047009999999999994,4
four_cell_v2,v2-024,SCREENING_L1A_FIELD_SEPARATRIX_CUSP_TOPOLOGY,True,1,1,1,2,False,False,0.019129381795469698,0.7080500907132791,0.019129381795469698;0.007887607604530302,1.6692718016137895,9.822332503432628,1.0815727725115023,8.0039365378389,24.494916899992152,24.494916899992152,6.2702471101058754e-06,5.139246856016022e-06,0.006862999999999999,0.0270169894,0.005501,4
four_cell_v2,v2-025,SCREENING_L1A_FIELD_SEPARATRIX_CUSP_TOPOLOGY,True,1,1,1,2,False,False,0.017976632404358324,0.7193508093879823,0.017976632404358324;0.007013444995641674,2.21676979351149,7.942706633010658,1.0696350636372756,10.099724188003611,27.667473785041672,27.667473785041672,4.8729908108079145e-06,6.360067137431424e-06,0.0072629999999999995,0.024990077399999998,0.005101,4
four_cell_v2,v2-026,SCREENING_L1A_FIELD_SEPARATRIX_CUSP_TOPOLOGY,True,1,1,1,2,False,False,0.015826153259110156,0.752609770567814,0.015826153259110156;0.005202212140889843,5.301200511130073,48.57492664929371,0.8849508252079715,17.80967290848379,35.00721391542847,35.00721391542847,2.5824059374755792e-06,1.2722579697921343e-05,0.007663,0.0210283654,0.004301,4
four_cell_v2,v2-027,SCREENING_L1A_FIELD_SEPARATRIX_CUSP_TOPOLOGY,True,1,1,1,2,False,False,0.01718723329672903,0.7122499019920236,0.01718723329672903;0.006943669703270972,1.7088097847303048,9.380975039626032,1.5012416718054402,14.730908534166215,26.991808441512237,26.991808441512237,3.218261562042135e-06,8.464646026887929e-06,0.00812,0.024130903000000002,0.004901000000000001,4
four_cell_v2,v2-028,SCREENING_L1A_FIELD_SEPARATRIX_CUSP_TOPOLOGY,True,1,1,1,2,False,False,0.01882516441283197,0.6918230977238529,0.01882516441283197;0.008385786587168029,1.4565793801711662,11.627044797929196,1.5735177093232624,12.178991318441021,23.842895070584778,23.842895070584778,4.6032404699414275e-06,8.548422588919302e-06,0.00852,0.027210950999999997,0.0057009999999999995,4
four_cell_v2,v2-029,SCREENING_L1A_FIELD_SEPARATRIX_CUSP_TOPOLOGY,True,1,1,1,2,False,False,0.018567751608223458,0.7114353929138607,0.018567751608223458;0.007531247391776543,1.7233295946245266,9.443857570751645,1.5448409346193577,15.300556634120484,26.67700212430147,26.67700212430147,6.944194152654071e-06,1.0016646736894785e-05,0.008919999999999999,0.026098999,0.005301,4
four_cell_v2,v2-030,SCREENING_L1A_FIELD_SEPARATRIX_CUSP_TOPOLOGY,True,1,1,1,2,False,False,0.01736799341690138,0.7483350386557929,0.01736799341690138;0.005840853583098618,3.2540718313679737,6.594391736624307,1.3515214598857817,31.486902701656778,32.89905403413248,32.89905403413248,4.479005580270562e-06,4.540113517165212e-06,0.00932,0.023208846999999998,0.004501,4
four_cell_v2,v2-031,SCREENING_L1A_FIELD_SEPARATRIX_CUSP_TOPOLOGY,True,1,1,1,2,False,False,0.016653877617216612,0.7204510321882969,0.016653877617216612;0.006462027382783387,3.3736112119809065,5.556011800133129,1.1118773553328851,7.540873739171125,23.601085455372054,23.601085455372054,8.647994058072483e-06,9.761070920613624e-06,0.00692,0.023115905,0.004651,4
four_cell_v2,v2-032,SCREENING_L1A_FIELD_SEPARATRIX_CUSP_TOPOLOGY,True,1,1,1,2,False,False,0.018150348502863373,0.6957386607858842,0.018150348502863373;0.007937534097136628,1.9772525016851843,7.134339071555669,1.2219889084656281,6.739504525087446,20.6196151678436,20.6196151678436,7.029238391700887e-06,1.214743736387136e-05,0.007319999999999999,0.0260878826,0.005451,4
four_cell_v2,v2-033,SCREENING_L1A_FIELD_SEPARATRIX_CUSP_TOPOLOGY,True,1,1,1,2,False,False,0.0178955514618431,0.7164442014235795,0.0178955514618431;0.0070827391381569,3.0098840503520212,5.835284690644067,1.187596913563727,8.087791177196255,23.207052489370984,23.207052489370984,2.55429507920249e-06,3.3541224506300482e-06,0.007719999999999999,0.0249782906,0.005051,4
four_cell_v2,v2-034,SCREENING_L1A_FIELD_SEPARATRIX_CUSP_TOPOLOGY,True,1,1,1,2,False,False,0.015421028574580288,0.7267947659232817,0.015421028574580288;0.005796830025419709,3.9817455601353084,5.297790155886515,1.3220964639194237,11.299978573008836,25.203969623807215,25.203969623807215,2.9197583216195727e-06,3.2202746765713774e-06,0.0077859999999999995,0.021217858599999997,0.004251,4
four_cell_v2,v2-035,SCREENING_L1A_FIELD_SEPARATRIX_CUSP_TOPOLOGY,True,1,1,1,2,False,False,0.017471886353080026,0.7169463271940941,0.017471886353080026;0.006897980246919972,2.4201933153947355,6.244558830196996,1.4474224652800423,10.018110776047232,22.45612540886796,22.45612540886796,2.252410104649355e-06,5.1051463786297435e-06,0.008185999999999999,0.024369866599999998,0.004850999999999999,4
four_cell_v2,v2-036,SCREENING_L1A_FIELD_SEPARATRIX_CUSP_TOPOLOGY,True,1,1,1,2,False,False,0.01838767216951107,0.6784329145770754,0.01838767216951107;0.00871548243048893,1.2856696877632314,11.380847336168612,2.044350811132093,9.947301468461076,17.875538511989404,17.875538511989404,1.9775493829213286e-06,6.189807585273155e-06,0.008586,0.0271031546,0.005651,4
four_cell_v2,v2-037,SCREENING_L1A_FIELD_SEPARATRIX_CUSP_TOPOLOGY,True,1,1,1,2,False,False,0.01879670621902086,0.7536098048465644,0.01879670621902086;0.006145519980979133,1.9431720732590212,6.420751732979392,0.8143045234582186,26.39799474389555,43.83156522949703,43.83156522949703,2.85732844001671e-06,6.576657981517686e-06,0.008986,0.024942226199999994,0.005250999999999999,4
four_cell_v2,v2-038,SCREENING_L1A_FIELD_SEPARATRIX_CUSP_TOPOLOGY,True,1,0,1,2,False,False,0.017011201203715836,0.7680377037947909,0.017011201203715836;0.005137712996284162,1.6789822891682367,6.214448740647999,1.0389267473584654,2.940374506832573,46.85988999881996,46.85988999881996,5.834340568462021e-06,1.4872969199636321e-05,0.009386,0.022148914199999998,0.004451,4
four_cell_v2,v2-039,SCREENING_L1A_FIELD_SEPARATRIX_CUSP_TOPOLOGY,True,1,1,1,2,False,False,0.01768434148765662,0.7375475499266392,0.01768434148765662;0.006292880712343379,1.7870447757576464,6.077700448118254,1.0257640168518765,9.023819610354582,32.478782625601156,32.478782625601156,1.2358390460376345e-05,1.423191752749492e-05,0.006986,0.0239772222,0.004751,4
four_cell_v2,v2-040,SCREENING_L1A_FIELD_SEPARATRIX_CUSP_TOPOLOGY,True,1,1,1,2,False,False,0.019041314550070493,0.7102468947687853,0.019041314550070493;0.007768115649929505,1.4285207343497097,8.0770800202586,1.1054751408430945,8.765959350416122,29.290132864747303,29.290132864747303,1.7544534274480106e-06,2.5727312756088083e-06,0.007385999999999999,0.026809430199999998,0.0055509999999999995,4
four_cell_v2,v2-041,SCREENING_L1A_FIELD_SEPARATRIX_CUSP_TOPOLOGY,True,1,1,1,2,False,False,0.018851946216854182,0.7346078549776063,0.018851946216854182;0.006810651983145819,1.811887274545542,6.653587825334289,1.0664732843128648,10.459840333552453,32.99759328945429,32.99759328945429,5.3662781679883476e-06,5.147289401208344e-06,0.007843,0.0256625982,0.005151,4
four_cell_v2,v2-042,SCREENING_L1A_FIELD_SEPARATRIX_CUSP_TOPOLOGY,True,1,1,1,2,False,False,0.01680393524205351,0.774110349977887,0.01680393524205351;0.004903480557946486,4.390941914568931,7.2411542871093895,0.8337112202484755,22.949037985039972,40.53286709396902,40.53286709396902,3.845239626223962e-07,4.698703997302323e-06,0.008243,0.021707415799999998,0.004351,4
four_cell_v2,v2-043,SCREENING_L1A_FIELD_SEPARATRIX_CUSP_TOPOLOGY,True,1,1,1,2,False,False,0.017800419815281205,0.7447704941040382,0.017800419815281205;0.006100123984718795,2.8248868443374504,5.61946472332069,0.9796613863705727,14.860328399707727,36.63308361894293,36.63308361894293,1.0791926333846014e-05,1.0587490153805834e-05,0.008643,0.0239005438,0.0049510000000000005,4
four_cell_v2,v2-044,SCREENING_L1A_FIELD_SEPARATRIX_CUSP_TOPOLOGY,True,1,1,1,2,False,False,0.020272958034057747,0.7266910029996794,0.020272958034057747;0.007624673765942249,1.8746636858685655,7.349937256974454,1.1163149491892692,12.221240259771413,32.36043712648826,32.36043712648826,1.5135679127187968e-05,1.7187927401698944e-05,0.009042999999999999,0.027897631799999996,0.005750999999999999,4
four_cell_v2,v2-045,SCREENING_L1A_FIELD_SEPARATRIX_CUSP_TOPOLOGY,True,1,1,1,2,False,False,0.019526747405768114,0.7292968284917393,0.019526747405768114;0.007248012394231885,2.5328011992219923,5.255879754445171,0.8778707097125309,5.995599688559721,26.390900984862462,26.390900984862462,4.532611332930259e-06,1.2845911985144565e-06,0.006643,0.0267747598,0.005351,4
four_cell_v2,v2-046,SCREENING_L1A_FIELD_SEPARATRIX_CUSP_TOPOLOGY,True,1,1,1,2,False,False,0.0164952973911466,0.753859560709965,0.0164952973911466;0.005385830408853397,3.8350129776792157,8.183360522660383,0.7230030268588211,9.103150634189237,32.84430505234663,32.84430505234663,5.319995585298387e-06,3.587683933967828e-06,0.007043,0.021881127799999997,0.0045509999999999995,4
four_cell_v2,v2-047,SCREENING_L1A_FIELD_SEPARATRIX_CUSP_TOPOLOGY,True,1,1,1,2,False,False,0.017397881138719082,0.7633354642077059,0.017397881138719082;0.005394039261280917,3.782881620019143,5.5682035760682815,0.7245923789249353,10.30690245824084,33.31418170485144,33.31418170485144,7.924095511598062e-07,3.0947129996752865e-06,0.007443,0.0227919204,0.004626,4
four_cell_v2,v2-048,SCREENING_L1A_FIELD_SEPARATRIX_CUSP_TOPOLOGY,True,1,1,1,2,False,False,0.019726959587801348,0.7376856424593351,0.019726959587801348;0.00701472881219865,4.587321994673517,4.941703040326593,0.8963093736324811,8.23826006288807,29.373509985843672,29.373509985843672,1.0644294173092761e-05,1.4366718285543922e-05,0.007899999999999999,0.026741688399999998,0.005425999999999999,4
four_cell_v2,v2-049,SCREENING_L1A_FIELD_SEPARATRIX_CUSP_TOPOLOGY,True,1,1,1,2,False,False,0.018228044365576603,0.7204027003976008,0.018228044365576603;0.007074532034423396,1.6653494771769708,7.31999326142761,1.5146712861521012,12.155771476252655,27.32072416532221,27.32072416532221,1.1179737927882044e-05,1.0366349046903728e-05,0.0083,0.0253025764,0.005025999999999999,4
four_cell_v2,v2-050,SCREENING_L1A_FIELD_SEPARATRIX_CUSP_TOPOLOGY,True,1,1,1,2,False,False,0.016097522558950816,0.7520342742218054,0.016097522558950816;0.005307781841049183,3.5177617195238806,5.261765998378264,1.2476291501850283,31.74982085118333,34.46350703605194,34.46350703605194,4.941328456149058e-06,1.1173162998007191e-06,0.0087,0.0214053044,0.004226,4
four_cell_v2,v2-051,SCREENING_L1A_FIELD_SEPARATRIX_CUSP_TOPOLOGY,True,1,1,1,2,False,False,0.01700655912785763,0.7262995165452915,0.01700655912785763;0.006408793272142371,1.6031121474463483,12.513278223508687,1.426214214210056,69.34557548530779,36.40019710405613,36.40019710405613,5.372606920059364e-06,5.326561357699849e-06,0.0091,0.023415352400000002,0.004826,4
four_cell_v2,v2-052,SCREENING_L1A_FIELD_SEPARATRIX_CUSP_TOPOLOGY,True,1,1,1,2,False,False,0.018248025465498904,0.6885441946236012,0.018248025465498904;0.008254304534501097,1.3970341998941627,12.826069274402194,1.1558872046935336,7.97881545112457,23.885088734595875,23.885088734595875,4.438130849410138e-06,4.0984070715857635e-06,0.006699999999999999,0.02650233,0.005626,4
four_cell_v2,v2-053,SCREENING_L1A_FIELD_SEPARATRIX_CUSP_TOPOLOGY,True,1,1,1,2,False,False,0.018001678190602822,0.7086109296904953,0.018001678190602822;0.007402499809397171,1.658562117645761,10.096590240987982,1.1794692341007567,10.194094673034867,26.467851947217692,26.467851947217692,3.969989549195557e-06,9.550347868717002e-06,0.0070999999999999995,0.025404177999999993,0.005225999999999999,4
four_cell_v2,v2-054,SCREENING_L1A_FIELD_SEPARATRIX_CUSP_TOPOLOGY,True,1,1,1,2,False,False,0.016843883267746856,0.7470490280155465,0.016843883267746856;0.00570334273225314,3.316025464940175,6.783429066020904,1.0653443156650209,16.540001147155095,32.31662943779587,32.31662943779587,3.330376753488823e-06,9.548382199839334e-08,0.0075,0.022547225999999997,0.004425999999999999,4
four_cell_v2,v2-055,SCREENING_L1A_FIELD_SEPARATRIX_CUSP_TOPOLOGY,True,1,1,1,2,False,False,0.01718801205408702,0.7311131318973878,0.01718801205408702;0.006321361945912981,2.3647915147541005,8.093073676040214,1.2033240880507605,17.35633342105184,30.981096154314212,30.981096154314212,9.00640800247099e-06,1.6961339211245263e-05,0.007956999999999999,0.023509374,0.004726,4
four_cell_v2,v2-056,SCREENING_L1A_FIELD_SEPARATRIX_CUSP_TOPOLOGY,True,1,1,1,2,False,False,0.018401651227763688,0.700732802790269,0.018401651227763688;0.007858930772236313,1.6533986954647444,10.690606272005462,1.3703371892583716,13.740187939769354,26.84295853165982,26.84295853165982,5.949222790613967e-06,1.381264941171384e-05,0.008357,0.026260582,0.005526,4
four_cell_v2,v2-057,SCREENING_L1A_FIELD_SEPARATRIX_CUSP_TOPOLOGY,True,1,1,1,2,False,False,0.018248124219659802,0.7233844277188801,0.018248124219659802;0.006977915380340191,2.1469749496906343,8.590176282031752,1.3088609721909619,17.93748526546639,30.019933290871343,30.019933290871343,9.931226211373767e-06,1.6624293050576666e-05,0.008757,0.025226039599999993,0.005125999999999999,4
four_cell_v2,v2-058,SCREENING_L1A_FIELD_SEPARATRIX_CUSP_TOPOLOGY,True,1,1,1,2,False,False,0.01710241460869489,0.7699972426597562,0.01710241460869489;0.0051085929913051095,5.6433223788729325,17.56850817053372,1.024035291667537,489.46080555190446,38.64486395154281,38.64486395154281,1.2210903959909009e-05,3.4632922241428776e-05,0.009157,0.0222110076,0.004326,4
four_cell_v2,v2-059,SCREENING_L1A_FIELD_SEPARATRIX_CUSP_TOPOLOGY,True,1,1,1,2,False,False,0.01752239250392727,0.719959786036429,0.01752239250392727;0.0068156230960727295,3.4121548422136185,5.930510882468015,0.9904311309475536,7.126016289390017,23.993518255225865,23.993518255225865,6.5283413724706585e-06,7.346371427553733e-06,0.006757,0.0243380156,0.004926,4
four_cell_v2,v2-060,SCREENING_L1A_FIELD_SEPARATRIX_CUSP_TOPOLOGY,True,1,1,1,2,False,False,0.01971717918597057,0.6944051767398692,0.01971717918597057;0.008677164414029423,1.3756772089201694,10.791601689724576,1.4041878000725367,6.870550253570455,19.11317317236217,19.11317317236217,8.006447681847828e-06,7.547106949598592e-06,0.007156999999999999,0.028394343599999993,0.0057259999999999985,4
four_cell_v2,v2-061,SCREENING_L1A_FIELD_SEPARATRIX_CUSP_TOPOLOGY,True,1,1,1,2,False,False,0.017206461956529445,0.6862460863179097,0.017206461956529445;0.00786684964347055,1.659322761040074,8.72593028380118,1.424274794872081,8.428162971025548,20.848092560307258,20.848092560307258,7.2260157656725554e-06,1.3467411433161491e-05,0.0075569999999999995,0.025073311599999995,0.005325999999999999,4
four_cell_v2,v2-062,SCREENING_L1A_FIELD_SEPARATRIX_CUSP_TOPOLOGY,True,1,1,1,2,False,False,0.015912779805891834,0.7192190660716433,0.015912779805891834;0.006212300794108165,3.170710163993657,6.0534440146123565,1.3121449034784944,12.320800185794223,26.30982589598566,26.30982589598566,3.607403887519872e-06,6.599419096503523e-06,0.008014,0.0221250806,0.004526,4
four_cell_v2,v2-063,SCREENING_L1A_FIELD_SEPARATRIX_CUSP_TOPOLOGY,True,1,1,1,2,False,False,0.0165267217941705,0.7090200813796679,0.0165267217941705;0.006782521805829497,1.859555172555411,7.865759989916649,1.7526973019516743,13.680407313528146,22.837089792732126,22.837089792732126,4.24141189653976e-06,6.7069907429273545e-06,0.008414,0.023309243599999998,0.004676,4
four_cell_v2,v2-064,SCREENING_L1A_FIELD_SEPARATRIX_CUSP_TOPOLOGY,True,1,1,1,2,False,False,0.01817896101339712,0.688649919352028,0.01817896101339712;0.008219010586602873,1.491403679966067,9.709328179502622,1.8503424684836782,11.25554505256114,20.486766872068362,20.486766872068362,8.439585120062487e-07,1.504978360794551e-06,0.008813999999999999,0.026397971599999993,0.005475999999999999,4
four_cell_v2,v2-065,SCREENING_L1A_FIELD_SEPARATRIX_CUSP_TOPOLOGY,True,1,1,1,2,False,False,0.017856510360375805,0.7067692372241539,0.017856510360375805;0.007408469239624189,1.8163288381017764,7.946760529922622,1.8168561760939188,13.80209104075349,22.487285804183124,22.487285804183124,1.7621557106863028e-06,1.779549664522595e-06,0.009214,0.025264979599999994,0.005075999999999999,4
four_cell_v2,v2-066,SCREENING_L1A_FIELD_SEPARATRIX_CUSP_TOPOLOGY,True,1,1,1,2,False,False,0.017222413924518155,0.8077938765066484,0.017222413924518155;0.004097893675481842,1.759648407074302,2.9788466372639872,0.4496773371734523,13.121141017130226,41.491986980002935,41.491986980002935,2.752825236274764e-05,3.1717301711118445e-05,0.006814,0.021320307599999998,0.004275999999999999,4
four_cell_v2,v2-067,SCREENING_L1A_FIELD_SEPARATRIX_CUSP_TOPOLOGY,True,1,1,1,2,False,False,0.01786798002314421,0.7692688157664314,0.01786798002314421;0.005359245176855789,3.8930055551259466,9.971046846300448,0.5550816786188876,9.186707713288792,38.56407298424301,38.56407298424301,5.3502713328566764e-06,7.263546422133643e-06,0.007214,0.0232272252,0.004876,4
four_cell_v2,v2-068,SCREENING_L1A_FIELD_SEPARATRIX_CUSP_TOPOLOGY,True,1,1,1,2,False,False,0.019660604143881582,0.7232728096893735,0.019660604143881582;0.007522229056118417,1.6780293891041218,7.499120400076771,0.8962267717314009,9.632839510041643,32.76738741159051,32.76738741159051,2.1526909721215903e-06,2.1538537544121827e-06,0.007613999999999999,0.0271828332,0.005676,4
four_cell_v2,v2-069,SCREENING_L1A_FIELD_SEPARATRIX_CUSP_TOPOLOGY,True,1,1,1,2,False,False,0.019555361653801423,0.7499716490188015,0.019555361653801423;0.006519439546198574,2.496826380579506,6.077558809387581,0.8410425084535151,11.963424415726431,36.16260872438802,36.16260872438802,4.7810424040062305e-06,1.9637272974451503e-06,0.008071,0.026074801199999997,0.0052759999999999994,4
four_cell_v2,v2-070,SCREENING_L1A_FIELD_SEPARATRIX_CUSP_TOPOLOGY,True,1,1,1,2,False,False,0.017820249673625162,0.7988388897593733,0.017820249673625162;0.004487439526374835,3.9182056997925536,6.971970086925364,0.6305873083574347,194.00933068536094,44.506960982961424,44.506960982961424,4.743279734993611e-06,1.109107582578095e-05,0.008471,0.022307689199999998,0.004476,4
four_cell_v2,v2-071,SCREENING_L1A_FIELD_SEPARATRIX_CUSP_TOPOLOGY,True,1,1,1,2,False,False,0.017082403883855977,0.7419645636449806,0.017082403883855977;0.005940803316144022,1.9842163985494863,6.660553753902791,1.1185736503536572,24.54764652972691,38.286482325709855,38.286482325709855,7.129867394137235e-06,1.1941499991816734e-05,0.008871,0.0230232072,0.004776,4
four_cell_v2,v2-072,SCREENING_L1A_FIELD_SEPARATRIX_CUSP_TOPOLOGY,True,1,1,1,2,False,False,0.01956110300766191,0.7247766890213547,0.01956110300766191;0.007428041792338087,1.5722192686646206,8.651043613267944,1.2434015329684893,16.57888111972001,34.098328488595364,34.098328488595364,2.0907515541304655e-05,2.9163558684812407e-05,0.009271,0.026989144799999996,0.005575999999999999,4
four_cell_v2,v2-073,SCREENING_L1A_FIELD_SEPARATRIX_CUSP_TOPOLOGY,True,1,1,1,2,False,False,0.01795218204025313,0.717981801467708,0.01795218204025313;0.00705149075974687,2.0282160828215097,5.930251891201116,0.9863804243114868,6.91376632385428,27.29829612395612,27.29829612395612,3.8692306396359566e-07,2.6973907854971335e-06,0.0068709999999999995,0.0250036728,0.005176,4
four_cell_v2,v2-074,SCREENING_L1A_FIELD_SEPARATRIX_CUSP_TOPOLOGY,True,1,1,1,2,False,False,0.016775367569856713,0.7573364985312967,0.016775367569856713;0.005375113230143284,4.498424903531712,6.635110388226996,0.8920939712993198,9.942574732434732,33.362253913373834,33.362253913373834,2.985254828058448e-08,4.650586340915197e-06,0.007271,0.022150480799999997,0.004376,4
four_cell_v2,v2-075,SCREENING_L1A_FIELD_SEPARATRIX_CUSP_TOPOLOGY,True,1,1,1,2,False,False,0.018765483734149966,0.7417389890964122,0.018765483734149966;0.006533825065850034,2.6413556956824675,5.653270387701353,1.0317699678951957,9.213530612143542,30.741258908633796,30.741258908633796,5.231123116209574e-06,4.4446761198121965e-06,0.007671,0.0252993088,0.0049759999999999995,4
four_cell_v2,v2-076,SCREENING_L1A_FIELD_SEPARATRIX_CUSP_TOPOLOGY,True,1,1,1,2,False,False,0.01929642276791483,0.6963111404481783,0.01929642276791483;0.008415934032085171,1.3778988374847463,9.574740645592733,1.430554090491054,9.529530372367812,25.00728204909878,25.00728204909878,1.2198722139505902e-06,5.297730491723995e-07,0.008128999999999999,0.0277123568,0.005776,4
four_cell_v2,v2-077,SCREENING_L1A_FIELD_SEPARATRIX_CUSP_TOPOLOGY,True,1,1,1,2,False,False,0.01816086323322253,0.7067777839207218,0.01816086323322253;0.007534431166777468,1.6355150848065985,7.962093927319171,1.399657644122637,11.394717001101554,28.127921069974153,28.127921069974153,1.7551682294676685e-06,5.293466440091377e-06,0.008529,0.0256952944,0.005376,4
four_cell_v2,v2-078,SCREENING_L1A_FIELD_SEPARATRIX_CUSP_TOPOLOGY,True,1,1,1,2,False,False,0.017121964622925326,0.7482256947249869,0.017121964622925326;0.005761457777074673,3.2712373123587954,5.507774300830571,1.1821915710401738,18.95404379403933,34.517093971535694,34.517093971535694,1.29366654458285e-06,1.8182239213508644e-06,0.008929,0.0228834224,0.004576,4
four_cell_v2,v2-079,SCREENING_L1A_FIELD_SEPARATRIX_CUSP_TOPOLOGY,True,1,1,1,2,False,False,0.016997562363212478,0.7484424402259657,0.016997562363212478;0.005713018236787524,4.0936303134276555,5.322400266014302,1.156181303589618,23.612329399218535,35.216179176283624,35.216179176283624,3.832530308254395e-06,5.383456201820541e-06,0.009328999999999999,0.022710580600000002,0.004614,4
four_cell_v2,v2-080,SCREENING_L1A_FIELD_SEPARATRIX_CUSP_TOPOLOGY,True,1,1,1,2,False,False,0.019008989795197932,0.7107287599984281,0.019008989795197932;0.007736782804802066,1.9603528526188676,5.927455088906039,1.1128044377749144,5.767693001241657,22.493910507584012,22.493910507584012,5.662880694635303e-06,6.981458365772075e-06,0.006928999999999999,0.0267457726,0.0054139999999999995,4
four_cell_v2,v2-081,SCREENING_L1A_FIELD_SEPARATRIX_CUSP_TOPOLOGY,True,1,1,1,2,False,False,0.017554527634094323,0.720134797522975,0.017554527634094323;0.006822196965905674,3.45301678682557,4.8848016482310035,1.0528778451641485,6.69448476167068,25.001908694454567,25.001908694454567,9.232565670220377e-06,7.851638052516763e-06,0.007329,0.024376724599999997,0.005013999999999999,4
four_cell_v2,v2-082,SCREENING_L1A_FIELD_SEPARATRIX_CUSP_TOPOLOGY,True,1,1,1,2,False,False,0.01566893677678547,0.7556272503937881,0.01566893677678547;0.0050673942232145296,6.372559400207228,6.432928373582964,0.9143770020945685,29.755644176159752,38.352122249283504,38.352122249283504,1.2733028017970771e-06,1.0577776677844763e-05,0.007729,0.020736331,0.004214,4
four_cell_v2,v2-083,SCREENING_L1A_FIELD_SEPARATRIX_CUSP_TOPOLOGY,True,1,1,1,2,False,False,0.017530537165112832,0.735640548301582,0.017530537165112832;0.006299765834887165,2.8307138358664314,7.727093459596013,1.0460055555958732,15.314111506579987,32.55013325412215,32.55013325412215,4.846279666945175e-07,6.083907197494687e-06,0.007794,0.023830302999999997,0.004814,4
four_cell_v2,v2-084,SCREENING_L1A_FIELD_SEPARATRIX_CUSP_TOPOLOGY,True,1,1,1,2,False,False,0.020054854379467368,0.7202220971873199,0.020054854379467368;0.007790520620532631,1.939441189730954,9.722358758920917,1.1583811011661127,12.57949895323388,28.2760732978544,28.2760732978544,8.743387373152944e-06,1.5652086070204463e-05,0.008194,0.027845375,0.005614,4
four_cell_v2,v2-085,SCREENING_L1A_FIELD_SEPARATRIX_CUSP_TOPOLOGY,True,1,1,1,2,False,False,0.019206133107658455,0.7242501138032591,0.019206133107658455;0.007312513892341544,1.6662603500361308,10.943291198173288,1.4540627979293337,18.353278109330418,28.73200109180762,28.73200109180762,4.3512630126807395e-06,4.190138144732902e-06,0.008594,0.026518647,0.005214,4
four_cell_v2,v2-086,SCREENING_L1A_FIELD_SEPARATRIX_CUSP_TOPOLOGY,True,1,1,1,2,False,False,0.01594878698005138,0.7412607187155881,0.01594878698005138;0.005566972019948616,3.1933512940869093,7.192907779065971,1.231613408482662,83.89223941474111,35.842834193217634,35.842834193217634,2.8282672854748614e-07,1.1528066751684274e-05,0.008994,0.021515758999999995,0.0044139999999999995,4
four_cell_v2,v2-087,SCREENING_L1A_FIELD_SEPARATRIX_CUSP_TOPOLOGY,True,1,1,1,2,False,False,0.017071731305228377,0.7372958413833834,0.017071731305228377;0.006082788694771621,2.849652711703288,7.554384869488811,1.290453703128742,49.052300135664275,33.948826548317655,33.948826548317655,1.1781272771519552e-05,3.155755742726557e-05,0.009394,0.023154519999999998,0.0047139999999999994,4
four_cell_v2,v2-088,SCREENING_L1A_FIELD_SEPARATRIX_CUSP_TOPOLOGY,True,1,1,1,2,False,False,0.018211373167080266,0.6948998262416006,0.018211373167080266;0.007995818832919735,1.8205068782713134,8.32884030686018,1.152071459973282,6.946665506614085,21.699663670757403,21.699663670757403,8.765723562842442e-07,1.1686598859264596e-06,0.006993999999999999,0.026207192,0.005514,4
four_cell_v2,v2-089,SCREENING_L1A_FIELD_SEPARATRIX_CUSP_TOPOLOGY,True,1,1,1,2,False,False,0.017613216377057508,0.7018765723411151,0.017613216377057508;0.007481247622942489,1.654433602834883,8.722132351730156,1.4433473182651244,9.123003138592209,22.088578666048043,22.088578666048043,5.202998766443839e-06,1.0299946754405848e-05,0.0073939999999999995,0.025094463999999997,0.005114,4
four_cell_v2,v2-090,SCREENING_L1A_FIELD_SEPARATRIX_CUSP_TOPOLOGY,True,1,1,1,2,False,False,0.016386717115967158,0.7376507700099231,0.016386717115967158;0.005828018884032841,3.4518925044313806,5.912253059354427,1.3096491780723798,14.561651869999102,26.930058750362498,26.930058750362498,7.59293803869604e-07,2.7900044990286643e-07,0.007851,0.022214736,0.004314,4
four_cell_v2,v2-091,SCREENING_L1A_FIELD_SEPARATRIX_CUSP_TOPOLOGY,True,1,1,1,2,False,False,0.01638206108570172,0.7028017362467986,0.01638206108570172;0.006927586914298282,2.22934837494771,7.0420989482284595,1.428487600089805,12.096597108897868,24.59323236155756,24.59323236155756,2.4243907838054912e-06,5.3850927954554595e-06,0.008251,0.023309648000000002,0.004914,4
four_cell_v2,v2-092,SCREENING_L1A_FIELD_SEPARATRIX_CUSP_TOPOLOGY,True,1,1,1,2,False,False,0.018894206991492635,0.6926441698627261,0.018894206991492635;0.008384167408507358,1.690465385388874,8.715753124283573,1.5334383313170998,9.940957307761035,21.65030059511486,21.65030059511486,6.504247230705584e-06,1.3276459010926056e-05,0.008650999999999999,0.027278374399999993,0.005713999999999999,4
four_cell_v2,v2-093,SCREENING_L1A_FIELD_SEPARATRIX_CUSP_TOPOLOGY,True,1,1,1,2,False,False,0.018127946427355834,0.6921545133584931,0.018127946427355834;0.008062659972644166,1.398723201915047,11.343798172657435,2.2024972833087966,14.294004044678417,20.19787303848057,20.19787303848057,8.764180087286744e-07,1.5204224857873205e-06,0.009051,0.0261906064,0.005314,4
four_cell_v2,v2-094,SCREENING_L1A_FIELD_SEPARATRIX_CUSP_TOPOLOGY,True,1,1,1,2,False,False,0.015407638125933525,0.6951274627856939,0.015407638125933525;0.006757560274066477,1.753556632468594,6.984521910170877,1.5662763717011199,7.300364049157413,18.255284991896126,18.255284991896126,4.442613701586412e-06,6.870151389899715e-06,0.006651,0.022165198400000002,0.004514000000000001,4
four_cell_v2,v2-095,SCREENING_L1A_FIELD_SEPARATRIX_CUSP_TOPOLOGY,True,1,1,1,2,False,False,0.01806023234152629,0.7729639032352672,0.01806023234152629;0.005304678058473712,4.609945687932577,5.7051621816773785,0.6236942677033319,11.94007765353475,40.20461520276069,40.20461520276069,2.0046957870077653e-05,2.7108088441564482e-05,0.007051,0.0233649104,0.004664,4
four_cell_v2,v2-096,SCREENING_L1A_FIELD_SEPARATRIX_CUSP_TOPOLOGY,True,1,1,1,2,False,False,0.019203475069673556,0.7352947847532832,0.019203475069673556;0.006913227330326444,2.1392651345337437,6.450499676555544,0.7537277081694008,10.114187564936513,36.006526517892304,36.006526517892304,8.670087811735866e-06,1.4516708994063987e-05,0.007450999999999999,0.0261167024,0.005464,4
four_cell_v2,v2-097,SCREENING_L1A_FIELD_SEPARATRIX_CUSP_TOPOLOGY,True,1,1,1,2,False,False,0.0183931761100196,0.7601821403444063,0.0183931761100196;0.005802572689980398,4.72078778621549,5.175996740446344,0.6636937241832142,14.938676464924226,40.922471808028035,40.922471808028035,1.1514347550197618e-05,1.7815181543326397e-05,0.007908,0.0241957488,0.005064,4
four_cell_v2,v2-098,SCREENING_L1A_FIELD_SEPARATRIX_CUSP_TOPOLOGY,True,1,0,1,2,False,False,0.017928927368263153,0.838817084690952,0.017928927368263153;0.0034451334317368437,1.4035819037551742,2.932560399048991,0.41733989079247397,1.840718557248639,50.62904811223985,50.62904811223985,7.68553716770301e-06,1.5907964305401923e-05,0.008308,0.021374060799999997,0.0042639999999999996,4
four_cell_v2,v2-099,SCREENING_L1A_FIELD_SEPARATRIX_CUSP_TOPOLOGY,True,1,1,1,2,False,False,0.019563347133997346,0.7988348192112183,0.019563347133997346;0.00492650566600265,4.238973970215662,10.75536396196328,0.5802146163487278,126.80080763783695,45.90665341523177,45.90665341523177,7.895342085454532e-06,1.0200158037536322e-05,0.008708,0.024489852799999996,0.004863999999999999,4
four_cell_v2,v2-100,SCREENING_L1A_FIELD_SEPARATRIX_CUSP_TOPOLOGY,True,1,1,1,2,False,False,0.020985769781237402,0.7592018392767994,0.020985769781237402;0.006656115018762596,3.7462783270279547,6.014997898158979,0.7472270114738881,18.003752344510907,40.30677416120013,40.30677416120013,1.0187925172020634e-05,1.5373963150884518e-05,0.009108,0.0276418848,0.005664,4
four_cell_v2,v2-101,SCREENING_L1A_FIELD_SEPARATRIX_CUSP_TOPOLOGY,True,1,1,1,2,False,False,0.01876417634916016,0.7437861991506235,0.01876417634916016;0.00646374045083984,4.239059158415542,72.72091813377331,0.6210543327206604,6.116539056206246,31.131563059793177,31.131563059793177,3.471553604656591e-06,4.022704089022555e-06,0.0067079999999999996,0.0252279168,0.005264,4
four_cell_v2,v2-102,SCREENING_L1A_FIELD_SEPARATRIX_CUSP_TOPOLOGY,True,1,1,1,2,False,False,0.016842028004905765,0.7486316272727196,0.016842028004905765;0.0056550551950942385,3.187965735966182,5.2425396100868635,0.951662884513682,10.310227902853892,32.74751625290306,32.74751625290306,8.687180232409136e-06,9.990636903309258e-06,0.007108,0.022497083200000004,0.004464000000000001,4
four_cell_v2,v2-103,SCREENING_L1A_FIELD_SEPARATRIX_CUSP_TOPOLOGY,True,1,1,1,2,False,False,0.01788139328002708,0.7438989595689252,0.01788139328002708;0.0061560019199729255,2.703516510100511,5.705885453426766,1.003824000539916,10.458065369765915,31.711752355848542,31.711752355848542,2.621038374103768e-06,1.2679144773888873e-06,0.007508,0.024037395200000006,0.004764000000000001,4
four_cell_v2,v2-104,SCREENING_L1A_FIELD_SEPARATRIX_CUSP_TOPOLOGY,True,1,1,1,2,False,False,0.018874582647338125,0.6979236582847809,0.018874582647338125;0.008169324552661873,1.283350886553707,10.79856168226458,1.53407719386422,10.58252074966195,25.717912929557635,25.717912929557635,9.619558818750595e-06,9.271396660376352e-06,0.007965,0.027043907199999998,0.0055639999999999995,4
four_cell_v2,v2-105,SCREENING_L1A_FIELD_SEPARATRIX_CUSP_TOPOLOGY,True,1,1,1,2,False,False,0.01859965500730547,0.7180541292254512,0.01859965500730547;0.007303204192694535,1.4709918209620028,8.88555083677393,1.525476768551793,13.034406532898684,28.49898947175232,28.49898947175232,9.527757821418958e-07,3.3398224603201077e-06,0.008365,0.025902859200000003,0.005164,4
four_cell_v2,v2-106,SCREENING_L1A_FIELD_SEPARATRIX_CUSP_TOPOLOGY,True,1,1,1,2,False,False,0.01547605255648705,0.7360179958208174,0.01547605255648705;0.005550678643512949,2.4558175995931943,6.158771002887038,1.289623148074641,26.44596655995351,35.17986104911054,35.17986104911054,1.3251123380604926e-05,2.030836736069408e-05,0.008765,0.0210267312,0.004364,4
four_cell_v2,v2-107,SCREENING_L1A_FIELD_SEPARATRIX_CUSP_TOPOLOGY,True,1,1,1,2,False,False,0.017483812250751653,0.7241731601095484,0.017483812250751653;0.006659325349248343,1.9036070771031481,7.315529472932982,1.4185668931612396,17.610123252022426,31.488193910481108,31.488193910481108,1.1264680641866198e-05,1.6627868594826234e-05,0.009165,0.024143137599999996,0.004964,4
four_cell_v2,v2-108,SCREENING_L1A_FIELD_SEPARATRIX_CUSP_TOPOLOGY,True,1,1,1,2,False,False,0.019598977575221235,0.6967898657982832,0.019598977575221235;0.00852855202477876,1.437291428186044,7.861457978846574,1.1853090314985848,5.5255833510241,20.813603233423226,20.813603233423226,4.329092495557185e-07,4.067553498146581e-06,0.006764999999999999,0.028127529599999996,0.005763999999999999,4
four_cell_v2,v2-109,SCREENING_L1A_FIELD_SEPARATRIX_CUSP_TOPOLOGY,True,1,1,1,2,False,False,0.018452086504605107,0.7063691360536952,0.018452086504605107;0.00767035509539489,1.816891110369018,6.49725408683552,1.189619931412886,6.575976655104846,23.100642668164433,23.100642668164433,4.01110286907605e-06,6.8673258040996554e-06,0.0071649999999999995,0.026122441599999997,0.005364,4
four_cell_v2,v2-110,SCREENING_L1A_FIELD_SEPARATRIX_CUSP_TOPOLOGY,True,1,1,1,2,False,False,0.017260126185028674,0.7432023312746985,0.017260126185028674;0.005963867414971322,4.631977434953829,5.293398017533671,1.0647543264962662,8.684855561682383,27.822319847901152,27.822319847901152,2.736394312353313e-06,3.6943623648866275e-06,0.007565,0.023223993599999996,0.0045639999999999995,4
four_cell_v2,v2-111,SCREENING_L1A_FIELD_SEPARATRIX_CUSP_TOPOLOGY,True,1,1,1,2,False,False,0.017004704557557822,0.7395444454736265,0.017004704557557822;0.005988781042442184,4.5773008868710265,7.335832205381506,1.061384792158739,9.683374229041394,28.25545487624018,28.25545487624018,4.685660076601816e-06,3.6023075582619635e-06,0.008022999999999999,0.022993485600000006,0.004639000000000001,4
four_cell_v2,v2-112,SCREENING_L1A_FIELD_SEPARATRIX_CUSP_TOPOLOGY,True,1,1,1,2,False,False,0.018891692071058674,0.7118100986851067,0.018891692071058674;0.007648662028941322,2.079747739670299,6.542286938387258,1.3132698303684318,9.014678892044108,25.050455878720904,25.050455878720904,7.158718478873782e-06,7.254630612574253e-06,0.008423,0.026540354099999997,0.005438999999999999,4
four_cell_v2,v2-113,SCREENING_L1A_FIELD_SEPARATRIX_CUSP_TOPOLOGY,True,1,1,1,2,False,False,0.018399310760383134,0.7527292031788869,0.018399310760383134;0.006044155339616865,7.200985075937643,7.957028796388168,0.844951156483028,34.87343911428925,38.77904884471801,38.77904884471801,5.4891549956248564e-06,1.7540266106855218e-06,0.008823,0.0244434661,0.005039,4
four_cell_v2,v2-114,SCREENING_L1A_FIELD_SEPARATRIX_CUSP_TOPOLOGY,True,1,0,1,2,False,False,0.017812671158065552,0.8248127537022927,0.017812671158065552;0.0037833469419344436,1.452825017811665,4.050189472315966,0.5476462616051193,2.1382109905424382,51.02107300451751,51.02107300451751,2.238011182153013e-05,5.275861351940192e-05,0.009223,0.021596018099999996,0.004239,4
four_cell_v2,v2-115,SCREENING_L1A_FIELD_SEPARATRIX_CUSP_TOPOLOGY,True,1,1,1,2,False,False,0.016829112148563898,0.7059478543367375,0.016829112148563898;0.007009917951436101,1.7014740470562193,9.191249726330547,1.325275577749246,9.379553584906835,23.450894424019694,23.450894424019694,2.741347601888794e-06,1.9886048351208663e-06,0.006823,0.0238390301,0.0048389999999999996,4
four_cell_v2,v2-116,SCREENING_L1A_FIELD_SEPARATRIX_CUSP_TOPOLOGY,True,1,1,1,2,False,False,0.01811160203845384,0.6821422800428701,0.01811160203845384;0.008439460061546163,1.4052292199770313,11.674621884248978,1.3755837286404602,8.097435964712737,21.16724885551755,21.16724885551755,1.9016075506021746e-06,5.51780820295944e-06,0.007222999999999999,0.0265510621,0.005639,4
four_cell_v2,v2-117,SCREENING_L1A_FIELD_SEPARATRIX_CUSP_TOPOLOGY,True,1,1,1,2,False,False,0.0179196733184593,0.7018441513905943,0.0179196733184593;0.0076125951815406954,1.6907942163306722,9.410337040603672,1.3945435998118283,10.090333596095574,23.391989108435023,23.391989108435023,5.687446940284141e-06,1.1135092751517195e-05,0.007623,0.025532268499999997,0.005239,4
four_cell_v2,v2-118,SCREENING_L1A_FIELD_SEPARATRIX_CUSP_TOPOLOGY,True,1,1,1,2,False,False,0.01590367583525903,0.7282856395625166,0.01590367583525903;0.0059334646647409665,3.293701585061622,6.5335556862434645,1.2541860798635391,15.4848730037402,29.74590630437123,29.74590630437123,3.2892074924503745e-07,2.52125066763087e-06,0.00808,0.021837140499999998,0.004439,4
four_cell_v2,v2-119,SCREENING_L1A_FIELD_SEPARATRIX_CUSP_TOPOLOGY,True,1,1,1,2,False,False,0.01685847398078011,0.7122457462132952,0.01685847398078011;0.006810988519219893,1.7013995030552929,9.309327386368835,1.7494874176845407,16.790237523708708,25.00209633776183,25.00209633776183,7.5174564013076595e-06,1.6581667619343377e-05,0.00848,0.023669462500000002,0.004739,4
four_cell_v2,v2-120,SCREENING_L1A_FIELD_SEPARATRIX_CUSP_TOPOLOGY,True,1,1,1,2,False,False,0.019454710145840673,0.702378337796472,0.019454710145840673;0.008243624354159325,1.4516360729881583,11.420338356689909,1.8292448263041303,13.51425320360788,22.442195125943666,22.442195125943666,2.0445376840150242e-07,2.0916544295826456e-06,0.008879999999999999,0.027698334499999998,0.005539,4
four_cell_v2,v2-121,SCREENING_L1A_FIELD_SEPARATRIX_CUSP_TOPOLOGY,True,1,1,1,2,False,False,0.01671774841176539,0.6929508397602254,0.01671774841176539;0.007407698088234608,1.7176848327301442,9.19218198594687,1.77324671340914,16.928779832040338,24.750873750526896,24.750873750526896,7.547833421439609e-06,1.1274719179762971e-05,0.00928,0.024125446499999998,0.0051389999999999995,4
four_cell_v2,v2-122,SCREENING_L1A_FIELD_SEPARATRIX_CUSP_TOPOLOGY,True,1,1,1,2,False,False,0.015283965525362202,0.7143851665934496,0.015283965525362202;0.006110607374637797,3.2055474486552074,5.485812895187082,1.2497036013133973,8.06349173325483,22.24336902880718,22.24336902880718,1.406944831541801e-07,7.610134736685259e-07,0.00688,0.0213945729,0.004339,4
four_cell_v2,v2-123,SCREENING_L1A_FIELD_SEPARATRIX_CUSP_TOPOLOGY,True,1,1,1,2,False,False,0.01729319301758649,0.7062682326486566,0.01729319301758649;0.007192111882413508,2.161680181959898,6.5468177493015185,1.3531102596504125,7.478147117594767,20.04540602774956,20.04540602774956,5.647423428935261e-07,8.040173103684989e-07,0.00728,0.024485304899999998,0.004939,4
four_cell_v2,v2-124,SCREENING_L1A_FIELD_SEPARATRIX_CUSP_TOPOLOGY,True,1,1,1,2,False,False,0.020811442715200582,0.7539269604679225,0.020811442715200582;0.006792614184799414,3.1688821691154465,6.1209964136308574,0.6039318179389579,10.304660527253787,38.69542690280305,38.69542690280305,1.2385893349176058e-05,1.84500240310477e-05,0.007679999999999999,0.027604056899999996,0.005738999999999999,4
four_cell_v2,v2-125,SCREENING_L1A_FIELD_SEPARATRIX_CUSP_TOPOLOGY,True,1,1,1,2,False,False,0.020851275665788583,0.7875690509265187,0.020851275665788583;0.005624213234211417,4.808056330181927,71.02720711608809,0.5257563194252978,16.36910170059373,43.50332353860359,43.50332353860359,2.8210021531901996e-05,3.813585048855622e-05,0.008137,0.0264754889,0.005339,4
four_cell_v2,v2-126,SCREENING_L1A_FIELD_SEPARATRIX_CUSP_TOPOLOGY,True,1,1,1,2,False,False,0.01782579472867315,0.793635969247955,0.01782579472867315;0.004635126171326852,4.4686591625652925,9.751268171421257,0.648763895653362,603.8698199733817,46.841777538630346,46.841777538630346,1.2115040468795024e-05,1.5417094677436238e-05,0.008537,0.0224609209,0.004539,4
four_cell_v2,v2-127,SCREENING_L1A_FIELD_SEPARATRIX_CUSP_TOPOLOGY,True,1,0,1,2,False,False,0.01810931945578241,0.7943042000968795,0.01810931945578241;0.004689652844217587,4.719988767455701,11.005961890869896,0.6273816394447993,2.2267581825348794,48.86969327477104,48.86969327477104,1.102962825069026e-06,6.905132882810416e-06,0.008936999999999999,0.022798972299999998,0.004689,4
characterization_v1,topology-s02-p0-r0-neg,SCREENING_L1A_FIELD_SEPARATRIX_CUSP_TOPOLOGY,True,1,1,1,2,False,False,0.006252967792310887,0.44268798529634595,0.006252967792310887;0.007872032207689113,2.8514835160891514,5.711785363857669,3.6642067008786783,3.693298463434515,0.06288542837571542,0.06288542837571542,1.104094948132725e-07,1.3509390474602395e-07,0.0065,0.014125,0.0045,2
characterization_v1,topology-s02-p0-r0-pos,SCREENING_L1A_FIELD_SEPARATRIX_CUSP_TOPOLOGY,True,1,1,1,2,False,False,0.006252967792310887,0.44268798529634595,0.006252967792310887;0.007872032207689113,2.8514835160891514,5.711785363857669,3.6642067008786783,3.693298463434515,0.06288542837571542,0.06288542837571542,1.104094948132725e-07,1.3509390474602395e-07,0.0065,0.014125,0.0045,2
characterization_v1,topology-s02-p0-r1-neg,SCREENING_L1A_FIELD_SEPARATRIX_CUSP_TOPOLOGY,True,1,1,1,2,False,False,0.006252702871881186,0.4426692298676946,0.006252702871881186;0.007872297128118814,2.986516307760288,5.573368127328471,6.651944541425666,6.689794968222795,0.06032332474902304,0.06032332474902304,1.0873794802340048e-07,1.1521539676571241e-07,0.009,0.014125,0.0045,2
characterization_v1,topology-s02-p0-r1-pos,SCREENING_L1A_FIELD_SEPARATRIX_CUSP_TOPOLOGY,True,1,1,1,2,False,False,0.006252702871881186,0.4426692298676946,0.006252702871881186;0.007872297128118814,2.986516307760288,5.573368127328471,6.651944541425666,6.689794968222795,0.06032332474902304,0.06032332474902304,1.0873794802340048e-07,1.1521539676571241e-07,0.009,0.014125,0.0045,2
characterization_v1,topology-s02-p1-r0-neg,SCREENING_L1A_FIELD_SEPARATRIX_CUSP_TOPOLOGY,True,2,1,1,2,False,False,0.007002784874491763,0.4001591356852435,0.007002784874491763;0.01049721512550824,2.345682816057885,9.820490544937051,2.714263493805987,2.727882885247966,0.026126803348524488,0.026126803348524488,9.920322369127987e-07,8.436389940039146e-07,0.0065,0.0175,0.006,2
characterization_v1,topology-s02-p1-r0-pos,SCREENING_L1A_FIELD_SEPARATRIX_CUSP_TOPOLOGY,True,2,1,1,2,False,False,0.007002784874491763,0.4001591356852435,0.007002784874491763;0.01049721512550824,2.345682816057885,9.820490544937051,2.714263493805987,2.727882885247966,0.026126803348524488,0.026126803348524488,9.920322369127987e-07,8.436389940039146e-07,0.0065,0.0175,0.006,2
characterization_v1,topology-s02-p1-r1-neg,SCREENING_L1A_FIELD_SEPARATRIX_CUSP_TOPOLOGY,True,1,1,1,2,False,False,0.007002995112045128,0.4001711492597216,0.007002995112045128;0.010497004887954874,2.4656781130341714,8.848812069868723,4.82885444612311,4.8627345601246645,0.03340805981327379,0.03340805981327379,9.067497112420428e-07,4.5463432454297126e-07,0.009,0.0175,0.006,2
characterization_v1,topology-s02-p1-r1-pos,SCREENING_L1A_FIELD_SEPARATRIX_CUSP_TOPOLOGY,True,1,1,1,2,False,False,0.007002995112045128,0.4001711492597216,0.007002995112045128;0.010497004887954874,2.4656781130341714,8.848812069868723,4.82885444612311,4.8627345601246645,0.03340805981327379,0.03340805981327379,9.067497112420428e-07,4.5463432454297126e-07,0.009,0.0175,0.006,2
characterization_v1,topology-s03-p0-r0-neg,SCREENING_L1A_FIELD_SEPARATRIX_CUSP_TOPOLOGY,True,0,0,0,1,False,False,,,0.018625,,,,,,,,,0.0065,0.018625,0.0045,3
characterization_v1,topology-s03-p0-r0-pos,SCREENING_L1A_FIELD_SEPARATRIX_CUSP_TOPOLOGY,True,0,0,0,1,False,False,,,0.018625,,,,,,,,,0.0065,0.018625,0.0045,3
characterization_v1,topology-s03-p0-r1-neg,SCREENING_L1A_FIELD_SEPARATRIX_CUSP_TOPOLOGY,True,0,0,0,1,False,False,,,0.018625,,,,,,,,,0.009,0.018625,0.0045,3
characterization_v1,topology-s03-p0-r1-pos,SCREENING_L1A_FIELD_SEPARATRIX_CUSP_TOPOLOGY,True,0,0,0,1,False,False,,,0.018625,,,,,,,,,0.009,0.018625,0.0045,3
characterization_v1,topology-s03-p1-r0-neg,SCREENING_L1A_FIELD_SEPARATRIX_CUSP_TOPOLOGY,True,3,2,2,3,False,False,0.006915557000077643;0.013085593717284596,0.2942790212798997;0.5568337752035998,0.006915557000077643;0.006170036717206953;0.010414406282715404,1.0008777388361016,9.598522056246257,2.8202331569302053,5.4391774254059415,1.4082688840538984,1.4860857446877533,7.908653559445325e-07,3.938243252279636e-06,0.0065,0.0235,0.006,3
characterization_v1,topology-s03-p1-r0-pos,SCREENING_L1A_FIELD_SEPARATRIX_CUSP_TOPOLOGY,True,3,2,2,3,False,False,0.006915557000077643;0.013085593717284596,0.2942790212798997;0.5568337752035998,0.006915557000077643;0.006170036717206953;0.010414406282715404,1.0008777388361016,9.598522056246257,2.8202331569302053,5.4391774254059415,1.4082688840538984,1.4860857446877533,7.908653559445325e-07,3.938243252279636e-06,0.0065,0.0235,0.006,3
characterization_v1,topology-s03-p1-r1-neg,SCREENING_L1A_FIELD_SEPARATRIX_CUSP_TOPOLOGY,True,2,2,2,3,False,False,0.007038803430719704;0.012962119460615517,0.29952355024339167;0.5515795515155539,0.007038803430719704;0.005923316029895813;0.010537880539384483,1.0018425789483927,8.502638686060909,4.531417687668506,173.9530720183155,4.526624851130243,4.6118515881193005,7.409185473605112e-07,3.922805296800204e-05,0.009,0.0235,0.006,3
characterization_v1,topology-s03-p1-r1-pos,SCREENING_L1A_FIELD_SEPARATRIX_CUSP_TOPOLOGY,True,2,2,2,3,False,False,0.007038803430719704;0.012962119460615517,0.29952355024339167;0.5515795515155539,0.007038803430719704;0.005923316029895813;0.010537880539384483,1.0018425789483927,8.502638686060909,4.531417687668506,173.9530720183155,4.526624851130243,4.6118515881193005,7.409185473605112e-07,3.922805296800204e-05,0.009,0.0235,0.006,3
characterization_v1,topology-s04-p0-r0-neg,SCREENING_L1A_FIELD_SEPARATRIX_CUSP_TOPOLOGY,True,3,3,3,4,False,True,0.006460289676763573;0.01074545747314288;0.015045489303374139,0.27936387791410044;0.4646684312710435;0.6506157536594223,0.006460289676763573;0.0042851677963793074;0.004300031830231258;0.008079510696625861,1.0,5.153374356387777,3.0514270525589287,47.32701870900946,0.11382594520212067,9.162143239387605,2.8057984801949792e-06,4.701049600003282e-05,0.0065,0.023125,0.0045,4
characterization_v1,topology-s04-p0-r0-pos,SCREENING_L1A_FIELD_SEPARATRIX_CUSP_TOPOLOGY,True,3,3,3,4,False,True,0.006460289676763573;0.01074545747314288;0.015045489303374139,0.27936387791410044;0.4646684312710435;0.6506157536594223,0.006460289676763573;0.0042851677963793074;0.004300031830231258;0.008079510696625861,1.0,5.153374356387777,3.0514270525589287,47.32701870900946,0.11382594520212067,9.162143239387605,2.8057984801949792e-06,4.701049600003282e-05,0.0065,0.023125,0.0045,4
characterization_v1,topology-s04-p0-r1-neg,SCREENING_L1A_FIELD_SEPARATRIX_CUSP_TOPOLOGY,True,1,1,1,2,False,False,0.014940573131753919,0.6460788381298992,0.014940573131753919;0.00818442686824608,2.595155533351351,4.803326955194235,4.8907390196631635,4.915202907658467,12.625948895460883,12.625948895460883,2.524738570470683e-06,1.6837183023907243e-05,0.009,0.023125,0.0045,4
characterization_v1,topology-s04-p0-r1-pos,SCREENING_L1A_FIELD_SEPARATRIX_CUSP_TOPOLOGY,True,1,1,1,2,False,False,0.014940573131753919,0.6460788381298992,0.014940573131753919;0.00818442686824608,2.595155533351351,4.803326955194235,4.8907390196631635,4.915202907658467,12.625948895460883,12.625948895460883,2.524738570470683e-06,1.6837183023907243e-05,0.009,0.023125,0.0045,4
characterization_v1,topology-s04-p1-r0-neg,SCREENING_L1A_FIELD_SEPARATRIX_CUSP_TOPOLOGY,True,4,3,3,4,False,True,0.007016508045980838;0.012998256545647938;0.018983931089231448,0.23784773037223178;0.4406188659541674;0.6435230877705576,0.007016508045980838;0.0059817484996671;0.00598567454358351;0.010516068910768554,1.0009253479539235,9.458789963861488,2.642523266823355,5.893595065093424,0.014377511024459458,2.946021604617237,2.673476601736287e-06,5.9726640983075174e-06,0.0065,0.029500000000000002,0.006,4
characterization_v1,topology-s04-p1-r0-pos,SCREENING_L1A_FIELD_SEPARATRIX_CUSP_TOPOLOGY,True,4,3,3,4,False,True,0.007016508045980838;0.012998256545647938;0.018983931089231448,0.23784773037223178;0.4406188659541674;0.6435230877705576,0.007016508045980838;0.0059817484996671;0.00598567454358351;0.010516068910768554,1.0009253479539235,9.458789963861488,2.642523266823355,5.893595065093424,0.014377511024459458,2.946021604617237,2.673476601736287e-06,5.9726640983075174e-06,0.0065,0.029500000000000002,0.006,4
characterization_v1,topology-s04-p1-r1-neg,SCREENING_L1A_FIELD_SEPARATRIX_CUSP_TOPOLOGY,True,3,3,3,4,False,True,0.007109616557485515;0.012998022472778446;0.018891181657445032,0.2410039511012039;0.4406109312806253;0.6403790392354248,0.007109616557485515;0.005888405915292931;0.005893159184666586;0.01060881834255497,1.0026960462372911,8.32467111109361,4.342854799532332,32.869439698773284,0.008146733841441453,5.372617769432814,2.113737830314842e-06,2.2722067984030925e-05,0.009,0.029500000000000002,0.006,4
characterization_v1,topology-s04-p1-r1-pos,SCREENING_L1A_FIELD_SEPARATRIX_CUSP_TOPOLOGY,True,3,3,3,4,False,True,0.007109616557485515;0.012998022472778446;0.018891181657445032,0.2410039511012039;0.4406109312806253;0.6403790392354248,0.007109616557485515;0.005888405915292931;0.005893159184666586;0.01060881834255497,1.0026960462372911,8.32467111109361,4.342854799532332,32.869439698773284,0.008146733841441453,5.372617769432814,2.113737830314842e-06,2.2722067984030925e-05,0.009,0.029500000000000002,0.006,4
characterization_v1,topology-s05-p0-r0-neg,SCREENING_L1A_FIELD_SEPARATRIX_CUSP_TOPOLOGY,True,4,4,4,5,True,False,0.006369432810924338;0.01088896082638256;0.015111694789366421;0.019632814292498118,0.23056770356287198;0.3941705276518574;0.5470296756331737;0.7106901101356785,0.006369432810924338;0.004519528015458222;0.004222733962983862;0.0045211195031316966;0.007992185707501879,1.0,5.402704866618926,3.2891108886303555,26.678570488842396,2.5198808165648954,6.9631238839181355,1.818541713140276e-06,2.61753408914156e-05,0.0065,0.027624999999999997,0.0045,5
characterization_v1,topology-s05-p0-r0-pos,SCREENING_L1A_FIELD_SEPARATRIX_CUSP_TOPOLOGY,True,4,4,4,5,True,False,0.006369432810924338;0.01088896082638256;0.015111694789366421;0.019632814292498118,0.23056770356287198;0.3941705276518574;0.5470296756331737;0.7106901101356785,0.006369432810924338;0.004519528015458222;0.004222733962983862;0.0045211195031316966;0.007992185707501879,1.0,5.402704866618926,3.2891108886303555,26.678570488842396,2.5198808165648954,6.9631238839181355,1.818541713140276e-06,2.61753408914156e-05,0.0065,0.027624999999999997,0.0045,5
characterization_v1,topology-s05-p0-r1-neg,SCREENING_L1A_FIELD_SEPARATRIX_CUSP_TOPOLOGY,True,0,0,0,1,False,False,,,0.027624999999999997,,,,,,,,,0.009,0.027624999999999997,0.0045,5
characterization_v1,topology-s05-p0-r1-pos,SCREENING_L1A_FIELD_SEPARATRIX_CUSP_TOPOLOGY,True,0,0,0,1,False,False,,,0.027624999999999997,,,,,,,,,0.009,0.027624999999999997,0.0045,5
characterization_v1,topology-s05-p1-r0-neg,SCREENING_L1A_FIELD_SEPARATRIX_CUSP_TOPOLOGY,True,5,4,4,5,True,False,0.006971705484147783;0.013106875154504254;0.01889223859807495;0.02502993869179225,0.19638606997599387;0.3692077508311057;0.5321757351570408;0.7050686955434435,0.006971705484147783;0.00613516967035647;0.005785363443570696;0.006137700093717301;0.010470061308207754,1.0,9.542157273311188,2.711524464489522,6.674009850096359,1.6656023382399412,2.120553059531013,2.102011724625097e-06,3.3370557034131942e-06,0.0065,0.035500000000000004,0.006,5
characterization_v1,topology-s05-p1-r0-pos,SCREENING_L1A_FIELD_SEPARATRIX_CUSP_TOPOLOGY,True,5,4,4,5,True,False,0.006971705484147783;0.013106875154504254;0.01889223859807495;0.02502993869179225,0.19638606997599387;0.3692077508311057;0.5321757351570408;0.7050686955434435,0.006971705484147783;0.00613516967035647;0.005785363443570696;0.006137700093717301;0.010470061308207754,1.0,9.542157273311188,2.711524464489522,6.674009850096359,1.6656023382399412,2.120553059531013,2.102011724625097e-06,3.3370557034131942e-06,0.0065,0.035500000000000004,0.006,5
characterization_v1,topology-s05-p1-r1-neg,SCREENING_L1A_FIELD_SEPARATRIX_CUSP_TOPOLOGY,True,4,4,4,5,True,False,0.007068515658787922;0.013075818392829206;0.01892317483885695;0.02493416025157502,0.19911311714895552;0.3683329124740621;0.5330471785593507;0.7023707113119724,0.007068515658787922;0.006007302734041284;0.005847356446027744;0.0060109854127180715;0.010565839748424982,1.0024840677830404,8.446697336814884,4.455869426717672,25.445703368197027,0.9539647135775073,4.569383354693399,6.631554232243431e-07,1.508632101791807e-05,0.009,0.035500000000000004,0.006,5
characterization_v1,topology-s05-p1-r1-pos,SCREENING_L1A_FIELD_SEPARATRIX_CUSP_TOPOLOGY,True,4,4,4,5,True,False,0.007068515658787922;0.013075818392829206;0.01892317483885695;0.02493416025157502,0.19911311714895552;0.3683329124740621;0.5330471785593507;0.7023707113119724,0.007068515658787922;0.006007302734041284;0.005847356446027744;0.0060109854127180715;0.010565839748424982,1.0024840677830404,8.446697336814884,4.455869426717672,25.445703368197027,0.9539647135775073,4.569383354693399,6.631554232243431e-07,1.508632101791807e-05,0.009,0.035500000000000004,0.006,5
characterization_v1,topology-s06-p0-r0-neg,SCREENING_L1A_FIELD_SEPARATRIX_CUSP_TOPOLOGY,True,5,5,5,6,False,False,0.0064201990202831915;0.01078348762523077;0.015251430014606458;0.019715747824252384;0.024086023056716713,0.19985055316056627;0.33567276654414846;0.4747526852795785;0.6137197766304244;0.7497594725826214,0.0064201990202831915;0.004363288604947578;0.004467942389375689;0.004464317809645926;0.004370275232464329;0.008038976943283288,1.0,5.24940822614177,3.1580897650711814,44.12663476922446,0.00592434547747453,8.262267209524296,2.158232893068046e-06,4.0355974612701906e-05,0.0065,0.032125,0.0045,6
characterization_v1,topology-s06-p0-r0-pos,SCREENING_L1A_FIELD_SEPARATRIX_CUSP_TOPOLOGY,True,5,5,5,6,False,False,0.0064201990202831915;0.01078348762523077;0.015251430014606458;0.019715747824252384;0.024086023056716713,0.19985055316056627;0.33567276654414846;0.4747526852795785;0.6137197766304244;0.7497594725826214,0.0064201990202831915;0.004363288604947578;0.004467942389375689;0.004464317809645926;0.004370275232464329;0.008038976943283288,1.0,5.24940822614177,3.1580897650711814,44.12663476922446,0.00592434547747453,8.262267209524296,2.158232893068046e-06,4.0355974612701906e-05,0.0065,0.032125,0.0045,6
characterization_v1,topology-s06-p0-r1-neg,SCREENING_L1A_FIELD_SEPARATRIX_CUSP_TOPOLOGY,True,1,1,1,2,False,False,0.015251591966726144,0.4747577265906971,0.015251591966726144;0.016873408033273855,2.2975728572916987,4.258277812258532,4.33168156934834,4.356637670598981,0.0011367974790387342,0.0011367974790387342,1.0641233845545828e-06,3.2004346236687298e-06,0.009,0.032125,0.0045,6
characterization_v1,topology-s06-p0-r1-pos,SCREENING_L1A_FIELD_SEPARATRIX_CUSP_TOPOLOGY,True,1,1,1,2,False,False,0.015251591966726144,0.4747577265906971,0.015251591966726144;0.016873408033273855,2.2975728572916987,4.258277812258532,4.33168156934834,4.356637670598981,0.0011367974790387342,0.0011367974790387342,1.0641233845545828e-06,3.2004346236687298e-06,0.009,0.032125,0.0045,6
characterization_v1,topology-s06-p1-r0-neg,SCREENING_L1A_FIELD_SEPARATRIX_CUSP_TOPOLOGY,True,6,5,5,6,False,False,0.006992345266207152;0.013058670442082447;0.01899863156866428;0.024938464394274374;0.031013972359857735,0.16849024737848559;0.31466675764054086;0.45779835105215133;0.6009268528740813;0.7473246351772947,0.006992345266207152;0.006066325175875294;0.005939961126581834;0.005939832825610093;0.006075507965583361;0.010486027640142268,1.0,9.568001422862737,2.6906067128947555,5.710097217249284,0.013654099757345722,2.45409259266807,5.3767375225097225e-06,8.151047785460996e-06,0.0065,0.0415,0.006,6
characterization_v1,topology-s06-p1-r0-pos,SCREENING_L1A_FIELD_SEPARATRIX_CUSP_TOPOLOGY,True,6,5,5,6,False,False,0.006992345266207152;0.013058670442082447;0.01899863156866428;0.024938464394274374;0.031013972359857735,0.16849024737848559;0.31466675764054086;0.45779835105215133;0.6009268528740813;0.7473246351772947,0.006992345266207152;0.006066325175875294;0.005939961126581834;0.005939832825610093;0.006075507965583361;0.010486027640142268,1.0,9.568001422862737,2.6906067128947555,5.710097217249284,0.013654099757345722,2.45409259266807,5.3767375225097225e-06,8.151047785460996e-06,0.0065,0.0415,0.006,6
characterization_v1,topology-s06-p1-r1-neg,SCREENING_L1A_FIELD_SEPARATRIX_CUSP_TOPOLOGY,True,5,5,5,6,False,False,0.007090929633771296;0.013030504368958695;0.018998763412039717;0.024965656607385665;0.03091676768230572,0.17086577430774205;0.31398805708334204;0.457801528000957;0.6015820869249557;0.7449823537904993,0.007090929633771296;0.005939574735187399;0.0059682590430810215;0.005966893195345949;0.005951111074920055;0.010583232317694282,1.0,8.440019619346513,4.373334506962856,31.747193054805436,0.007921353012074219,5.011429220568344,3.592769742308266e-06,3.457670167942781e-05,0.009,0.0415,0.006,6
characterization_v1,topology-s06-p1-r1-pos,SCREENING_L1A_FIELD_SEPARATRIX_CUSP_TOPOLOGY,True,5,5,5,6,False,False,0.007090929633771296;0.013030504368958695;0.018998763412039717;0.024965656607385665;0.03091676768230572,0.17086577430774205;0.31398805708334204;0.457801528000957;0.6015820869249557;0.7449823537904993,0.007090929633771296;0.005939574735187399;0.0059682590430810215;0.005966893195345949;0.005951111074920055;0.010583232317694282,1.0,8.440019619346513,4.373334506962856,31.747193054805436,0.007921353012074219,5.011429220568344,3.592769742308266e-06,3.457670167942781e-05,0.009,0.0415,0.006,6
characterization_v1,topology-s07-p0-r0-neg,SCREENING_L1A_FIELD_SEPARATRIX_CUSP_TOPOLOGY,True,6,6,6,7,False,False,0.006388723419412894;0.01083854749394391;0.015150962990452235;0.019856837364167247;0.024162559264417318;0.0286097764583129,0.17443613431844077;0.2959330373773081;0.41367817038777427;0.5421662078953514;0.659728580598425;0.7811543060290211,0.006388723419412894;0.004449824074531017;0.004312415496508324;0.004705874373715013;0.004305721900250071;0.0044472171938955835;0.008015223541687103,1.0034531051171889,5.316466324627701,3.2309993248034,26.254971308054763,1.394914676364685,7.560770140026752,6.01649193221563e-06,3.9584223226281703e-05,0.0065,0.036625000000000005,0.0045,7
characterization_v1,topology-s07-p0-r0-pos,SCREENING_L1A_FIELD_SEPARATRIX_CUSP_TOPOLOGY,True,6,6,6,7,False,False,0.006388723419412894;0.01083854749394391;0.015150962990452235;0.019856837364167247;0.024162559264417318;0.0286097764583129,0.17443613431844077;0.2959330373773081;0.41367817038777427;0.5421662078953514;0.659728580598425;0.7811543060290211,0.006388723419412894;0.004449824074531017;0.004312415496508324;0.004705874373715013;0.004305721900250071;0.0044472171938955835;0.008015223541687103,1.0034531051171889,5.316466324627701,3.2309993248034,26.254971308054763,1.394914676364685,7.560770140026752,6.01649193221563e-06,3.9584223226281703e-05,0.0065,0.036625000000000005,0.0045,7
characterization_v1,topology-s07-p0-r1-neg,SCREENING_L1A_FIELD_SEPARATRIX_CUSP_TOPOLOGY,True,2,2,2,3,False,False,0.015176631648597647;0.01983091525545043,0.41437902112212;0.5414584370088854,0.015176631648597647;0.004654283606852782;0.016794084744549576,1.0,4.245453285724677,4.391581093150864,45.21798867794554,1.8265484708388633,1.872019101543618,4.682843450506263e-06,1.0925493709188286e-05,0.009,0.036625000000000005,0.0045,7
characterization_v1,topology-s07-p0-r1-pos,SCREENING_L1A_FIELD_SEPARATRIX_CUSP_TOPOLOGY,True,2,2,2,3,False,False,0.015176631648597647;0.01983091525545043,0.41437902112212;0.5414584370088854,0.015176631648597647;0.004654283606852782;0.016794084744549576,1.0,4.245453285724677,4.391581093150864,45.21798867794554,1.8265484708388633,1.872019101543618,4.682843450506263e-06,1.0925493709188286e-05,0.009,0.036625000000000005,0.0045,7
characterization_v1,topology-s07-p1-r0-neg,SCREENING_L1A_FIELD_SEPARATRIX_CUSP_TOPOLOGY,True,7,6,6,7,False,False,0.006977898483386928;0.013073405743770347;0.018950054667237506;0.025049105002345664;0.030924676527128474;0.03702336105035216,0.14690312596604083;0.27522959460569196;0.3989485193102639;0.5273495789967516;0.6510458216237583;0.7794391800074151,0.006977898483386928;0.006095507260383419;0.005876648923467159;0.006099050335108158;0.0058755715247828105;0.006098684523223683;0.010476638949647767,1.0050294221105338,9.519719350044333,2.700481166955612,6.136267618432457,0.8729898179791056,2.3566299994594915,6.213115857509055e-06,1.0299239553406697e-05,0.0065,0.047499999999999924,0.006,7
characterization_v1,topology-s07-p1-r0-pos,SCREENING_L1A_FIELD_SEPARATRIX_CUSP_TOPOLOGY,True,7,6,6,7,False,False,0.006977898483386928;0.013073405743770347;0.018950054667237506;0.025049105002345664;0.030924676527128474;0.03702336105035216,0.14690312596604083;0.27522959460569196;0.3989485193102639;0.5273495789967516;0.6510458216237583;0.7794391800074151,0.006977898483386928;0.006095507260383419;0.005876648923467159;0.006099050335108158;0.0058755715247828105;0.006098684523223683;0.010476638949647767,1.0050294221105338,9.519719350044333,2.700481166955612,6.136267618432457,0.8729898179791056,2.3566299994594915,6.213115857509055e-06,1.0299239553406697e-05,0.0065,0.047499999999999924,0.006,7
characterization_v1,topology-s07-p1-r1-neg,SCREENING_L1A_FIELD_SEPARATRIX_CUSP_TOPOLOGY,True,6,6,6,7,False,False,0.007074133895496604;0.013047611081844176;0.018953354165885224;0.02504590644384103;0.030950211671734267;0.03692751062127294,0.148929134642034;0.2746865490914568;0.39901798243968956;0.5272822409229699;0.6515834036154593;0.7774212762373263,0.007074133895496604;0.005973477186347572;0.005905743084041048;0.006092552277955805;0.005904305227893238;0.005977298949538672;0.010572489378726985,1.0072346294791084,8.436367572915419,4.441185675745772,28.117676069295076,0.533843645555286,4.801495984137847,5.02921670480095e-06,3.0279081263061627e-05,0.009,0.047499999999999924,0.006,7
characterization_v1,topology-s07-p1-r1-pos,SCREENING_L1A_FIELD_SEPARATRIX_CUSP_TOPOLOGY,True,6,6,6,7,False,False,0.007074133895496604;0.013047611081844176;0.018953354165885224;0.02504590644384103;0.030950211671734267;0.03692751062127294,0.148929134642034;0.2746865490914568;0.39901798243968956;0.5272822409229699;0.6515834036154593;0.7774212762373263,0.007074133895496604;0.005973477186347572;0.005905743084041048;0.006092552277955805;0.005904305227893238;0.005977298949538672;0.010572489378726985,1.0072346294791084,8.436367572915419,4.441185675745772,28.117676069295076,0.533843645555286,4.801495984137847,5.02921670480095e-06,3.0279081263061627e-05,0.009,0.047499999999999924,0.006,7
characterization_v1,topology-s08-p0-r0-neg,SCREENING_L1A_FIELD_SEPARATRIX_CUSP_TOPOLOGY,True,7,7,7,8,False,False,0.006405443507000907;0.010811566415640135;0.015204714047284674;0.01974987670901449;0.024296520783098376;0.028685891781670567;0.03309860013022824,0.1557554652158275;0.2628952319912495;0.3697194905114814;0.4802401631371304;0.5907968579476809;0.697529283444877;0.804829182497951,0.006405443507000907;0.004406122908639228;0.004393147631644539;0.004545162661729815;0.004546644074083887;0.00438937099857219;0.00441270834855767;0.008026399869771765,1.0,5.340937907803111,3.208739234593999,33.045501981822376,0.025820422757097786,7.844382999063535,1.5490318209521181e-06,4.229112675238622e-05,0.0065,0.041125,0.0045,8
characterization_v1,topology-s08-p0-r0-pos,SCREENING_L1A_FIELD_SEPARATRIX_CUSP_TOPOLOGY,True,7,7,7,8,False,False,0.006405443507000907;0.010811566415640135;0.015204714047284674;0.01974987670901449;0.024296520783098376;0.028685891781670567;0.03309860013022824,0.1557554652158275;0.2628952319912495;0.3697194905114814;0.4802401631371304;0.5907968579476809;0.697529283444877;0.804829182497951,0.006405443507000907;0.004406122908639228;0.004393147631644539;0.004545162661729815;0.004546644074083887;0.00438937099857219;0.00441270834855767;0.008026399869771765,1.0,5.340937907803111,3.208739234593999,33.045501981822376,0.025820422757097786,7.844382999063535,1.5490318209521181e-06,4.229112675238622e-05,0.0065,0.041125,0.0045,8
characterization_v1,topology-s08-p0-r1-neg,SCREENING_L1A_FIELD_SEPARATRIX_CUSP_TOPOLOGY,True,3,3,3,4,False,True,0.015226259279610238;0.019749712053879025;0.024275377010198163,0.37024338673824286;0.4802361593648395;0.5902827236522349,0.015226259279610238;0.004523452774268787;0.004525664956319137;0.01684962298980184,1.0,4.227756872380473,4.3074889660515385,80.38813257886419,0.03450697020488586,0.37616613076886785,4.3345390679516704e-07,1.4056711367123331e-05,0.009,0.041125,0.0045,8
characterization_v1,topology-s08-p0-r1-pos,SCREENING_L1A_FIELD_SEPARATRIX_CUSP_TOPOLOGY,True,3,3,3,4,False,True,0.015226259279610238;0.019749712053879025;0.024275377010198163,0.37024338673824286;0.4802361593648395;0.5902827236522349,0.015226259279610238;0.004523452774268787;0.004525664956319137;0.01684962298980184,1.0,4.227756872380473,4.3074889660515385,80.38813257886419,0.03450697020488586,0.37616613076886785,4.3345390679516704e-07,1.4056711367123331e-05,0.009,0.041125,0.0045,8
characterization_v1,topology-s08-p1-r0-neg,SCREENING_L1A_FIELD_SEPARATRIX_CUSP_TOPOLOGY,True,8,7,7,8,False,False,0.0069876358154715;0.013070079127499658;0.018969399367755126;0.02499743205043513;0.03102772092081161;0.03692976884184137;0.043019267061420896,0.13061001524245816;0.24430054443924634;0.3545682124814048;0.46724172056888164;0.579957400389003;0.6902760531185314;0.8040984497461863,0.0069876358154715;0.006082443312028158;0.005899320240255468;0.006028032682680002;0.006030288870376481;0.00590204792102976;0.006089498219579527;0.01048073293857902,1.0,9.556803487860185,2.6983472484032425,5.976135622146198,0.05356676119897661,2.387682541968552,8.631098123573766e-06,1.2107175571138273e-05,0.0065,0.053499999999999916,0.006,8
characterization_v1,topology-s08-p1-r0-pos,SCREENING_L1A_FIELD_SEPARATRIX_CUSP_TOPOLOGY,True,8,7,7,8,False,False,0.0069876358154715;0.013070079127499658;0.018969399367755126;0.02499743205043513;0.03102772092081161;0.03692976884184137;0.043019267061420896,0.13061001524245816;0.24430054443924634;0.3545682124814048;0.46724172056888164;0.579957400389003;0.6902760531185314;0.8040984497461863,0.0069876358154715;0.006082443312028158;0.005899320240255468;0.006028032682680002;0.006030288870376481;0.00590204792102976;0.006089498219579527;0.01048073293857902,1.0,9.556803487860185,2.6983472484032425,5.976135622146198,0.05356676119897661,2.387682541968552,8.631098123573766e-06,1.2107175571138273e-05,0.0065,0.053499999999999916,0.006,8
characterization_v1,topology-s08-p1-r1-neg,SCREENING_L1A_FIELD_SEPARATRIX_CUSP_TOPOLOGY,True,7,7,7,8,False,False,0.007084960569437832;0.013042350351181151;0.018974615832411845;0.024997227819281626;0.03102236341039242;0.03695747059883083;0.04292223662184833,0.13242916952220268;0.24378224955478825;0.3546657164936799;0.46723790316414326;0.5798572600073358;0.6907938429688016;0.8022847966700636,0.007084960569437832;0.005957389781743319;0.005932265481230693;0.006022611986869781;0.006025135591110793;0.005935107188438413;0.005964766023017501;0.010577763378151583,1.0,8.377562044559035,4.4154447998374105,29.741559231817963,0.0593873177718326,4.860080160044844,3.8044649664052688e-06,3.6195038151679015e-05,0.009,0.053499999999999916,0.006,8
characterization_v1,topology-s08-p1-r1-pos,SCREENING_L1A_FIELD_SEPARATRIX_CUSP_TOPOLOGY,True,7,7,7,8,False,False,0.007084960569437832;0.013042350351181151;0.018974615832411845;0.024997227819281626;0.03102236341039242;0.03695747059883083;0.04292223662184833,0.13242916952220268;0.24378224955478825;0.3546657164936799;0.46723790316414326;0.5798572600073358;0.6907938429688016;0.8022847966700636,0.007084960569437832;0.005957389781743319;0.005932265481230693;0.006022611986869781;0.006025135591110793;0.005935107188438413;0.005964766023017501;0.010577763378151583,1.0,8.377562044559035,4.4154447998374105,29.741559231817963,0.0593873177718326,4.860080160044844,3.8044649664052688e-06,3.6195038151679015e-05,0.009,0.053499999999999916,0.006,8
p2_divergent_exit,divergent-exit-stack,P2_QUALIFIED_FIELD_SEPARATRIX_CUSP_TOPOLOGY,True,3,3,3,4,False,True,0.006028062818933392;0.012000005466825737;0.01797206288202682,0.25116928412222467;0.5000002277844057;0.7488359534177842,0.005028062818933392;0.005971942647892345;0.005972057415201083;2.793711797317855e-05,0.9999999999999999,1.0013798437686414,0.5963310525673295,36.93610790677282,0.00018427131396596023,0.1876810852226339,3.1345761128225014e-08,3.874581307097141e-08,0.002,0.024,0.006,4
